Date,Open,High,Low,Close,Volume,SMA_10,SMA_50,RSI_14,Daily_Return,MACD,BB_Width,Target
2016-07-12 00:00:00-04:00,183.21028802265488,183.8678776620478,182.27087425209356,183.5689697265625,101275600,179.15885162353516,177.09628173828125,59.896664044606894,0.007263372719756189,1.1834846922268412,0.06848616823562398,0
2016-07-13 00:00:00-04:00,183.9874073219136,183.99594270707595,183.05654212544937,183.54331970214844,87324100,180.1597427368164,177.2333660888672,60.46644649745592,-0.00013972963106057001,1.4142815726753497,0.0739312603879581,1
2016-07-14 00:00:00-04:00,184.80723631585903,185.03782201269067,184.1752790424176,184.568115234375,91230900,180.96763458251954,177.42170135498046,58.54514401055818,0.0055833986978637284,1.660738241435979,0.0799138834048256,0
2016-07-15 00:00:00-04:00,185.1317850417746,185.328203160748,183.87639270145343,184.3204803466797,107155400,181.50992889404296,177.62462341308594,76.46070099227629,-0.0013416991736674433,1.81515093114524,0.08436405238072102,1
2016-07-18 00:00:00-04:00,184.44001522531568,184.97804416230315,184.18381034907776,184.81578063964844,58725900,182.06417999267578,177.83813201904297,90.5450690386306,0.002687169065733519,1.954955187978868,0.08801294929280855,0
2016-07-19 00:00:00-04:00,184.39732871638225,184.6620690007377,184.1496722336013,184.6279144287109,54345700,182.72859802246094,178.03513946533204,87.43517286549306,-0.0010165052480222148,2.027223267668546,0.09112369773229563,1
2016-07-20 00:00:00-04:00,184.6279132312971,185.6356359885821,184.6279132312971,185.39651489257807,58159500,183.36312561035157,178.24462982177735,85.2603984198507,0.004162969972582031,2.1220541560795425,0.09477215728796176,0
2016-07-21 00:00:00-04:00,185.2854800511698,185.50751731849573,184.252125202782,184.6962127685547,67777300,183.93872680664063,178.3966159057617,76.54407738128512,-0.0037773208651151746,2.1163043504272707,0.0964811604113627,1
2016-07-22 00:00:00-04:00,184.81583016905816,185.57589658587983,184.55108983740817,185.524658203125,62787500,184.33072204589843,178.5983038330078,77.47756206899803,0.004485448955082072,2.1537689037375287,0.09960423786975588,0
2016-07-25 00:00:00-04:00,185.3196292758593,185.3708676413711,184.44000258491977,185.02072143554688,55873100,184.60826873779297,178.7888949584961,83.22517060125432,-0.002716279186060433,2.1183770150001067,0.09429252136435531,1
2016-07-26 00:00:00-04:00,184.9182879161025,185.4648523278161,184.2606983324223,185.10617065429688,70080500,184.7619888305664,179.01177947998048,81.51053908801015,0.0004618359397099425,2.0733237405334535,0.07733195516018257,0
2016-07-27 00:00:00-04:00,185.48194314357417,185.550265326512,184.14114473677688,184.9097595214844,84083900,184.8986328125,179.19641204833985,80.79263157397669,-0.0010610728541259329,1.99872984549296,0.06484474771651705,1
2016-07-28 00:00:00-04:00,184.71332740254232,185.41362000068636,184.25216895900456,185.12326049804688,65035700,184.9541473388672,179.41810913085936,74.29217356127651,0.0011546225419090117,1.9345412039706105,0.057816884514344746,1
2016-07-29 00:00:00-04:00,184.85846883654585,185.78078546742796,184.57664479834065,185.42210388183597,79519400,185.0643096923828,179.6447640991211,73.01914078739081,0.0016142940816032958,1.8860442624081202,0.05491371246474406,0
2016-08-01 00:00:00-04:00,185.4819498186692,185.8747860957941,184.815824799958,185.26844787597656,73311400,185.1095764160156,179.88040954589843,64.82863662870442,-0.000828682247922985,1.8142972420565968,0.05153952182286482,0
2016-08-02 00:00:00-04:00,185.02077583861927,185.17450401147684,183.24445116667687,184.0813751220703,92295500,185.05492248535157,180.07039428710937,53.90358276764486,-0.006407312024878098,1.6427141746085283,0.04272584881100009,1
2016-08-03 00:00:00-04:00,184.0215667516337,184.67915629791756,183.72267188959395,184.61936950683597,53993600,184.97720794677736,180.27589660644531,50.400110539619384,0.0029225899926534904,1.5324795379327156,0.034827035840639856,1
2016-08-04 00:00:00-04:00,184.7303746705287,185.13175926937316,182.97112116808103,184.81578063964844,46585500,184.98916473388672,180.44012908935548,53.89767580367053,0.0010638706726013858,1.444317339873379,0.02235471492259294,1
2016-08-05 00:00:00-04:00,184.8158386108908,186.3701260936577,184.8158386108908,186.32742309570312,71892200,185.06944122314454,180.61063568115233,60.2551919322415,0.008179184974480558,1.4793717984024966,0.01883723795928465,0
2016-08-08 00:00:00-04:00,186.51523391946984,186.6177236812537,185.95159886970072,186.21633911132807,39906500,185.18900299072266,180.77790130615233,60.8895407101177,-0.0005961762500090728,1.4811157794264034,0.015583690108247162,1
2016-08-09 00:00:00-04:00,186.284733128874,186.82274920349985,186.00290897972457,186.32742309570312,51251700,185.31112823486328,180.9320965576172,57.014252010872184,0.0005965318881531179,1.4744647344872988,0.015487317763106433,0
2016-08-10 00:00:00-04:00,186.43844037503357,186.515297949416,185.51611038906955,185.8662567138672,57941100,185.40677795410156,181.08386505126953,59.145686928394404,-0.0024750322532989255,1.4156625835254601,0.013966602650529639,1
2016-08-11 00:00:00-04:00,186.39572778023904,186.97645982940347,186.1309874613605,186.72879028320312,72504300,185.56733093261718,181.24557708740235,59.36224635067654,0.004640614087707995,1.4222657119949247,0.015545873732820872,0
2016-08-12 00:00:00-04:00,186.42133554357792,186.7800302458213,186.16514365786608,186.5665283203125,61313500,185.68177337646483,181.3931686401367,62.69320596607971,-0.0008689713174092617,1.39828697273623,0.01597872242610285,1
2016-08-15 00:00:00-04:00,186.93376952519927,187.45471481198095,186.9252341382808,187.1045684814453,49813500,185.86538543701172,181.56222564697265,65.2742951644089,0.002883905092606165,1.406485899587011,0.017730653027542856,0
2016-08-16 00:00:00-04:00,186.68609078081792,186.75439993028863,186.1395263671875,186.1395263671875,53213600,186.07120056152343,181.6938018798828,58.41115448036868,-0.005157768845999722,1.3198978143630882,0.01742568132246128,1
2016-08-17 00:00:00-04:00,186.17370633248493,186.62632943841797,185.33678231053105,186.48968505859372,75134300,186.25823211669922,181.82677368164062,59.17434012367651,0.0018811624711856378,1.2649494629823153,0.017953368029455453,1
2016-08-18 00:00:00-04:00,186.4640696208249,186.94231192871396,186.35305746221707,186.9081573486328,52989300,186.46746978759765,181.95639099121092,59.8197972921192,0.0022439433575514034,1.2408657867414092,0.018327283912951884,0
2016-08-19 00:00:00-04:00,186.43840854877823,186.81417400089103,185.951630962994,186.63482666015625,75443000,186.49821014404296,182.08546875,58.88841023645637,-0.001462379664718072,1.1860517314976846,0.018794210186639116,0
2016-08-22 00:00:00-04:00,186.3957417549627,186.85691327433415,186.02852464798647,186.62632751464844,61368800,186.539208984375,182.24852966308595,69.55333067598269,-4.5538904286490656e-05,1.1289119930582672,0.01878517283738104,1
2016-08-23 00:00:00-04:00,187.24119631915949,187.54010423953017,186.9422883987888,187.0020751953125,53399200,186.60667419433594,182.44663299560546,68.77484327545238,0.002013369097854545,1.1012534717349354,0.019123079560546354,0
2016-08-24 00:00:00-04:00,186.85689801673703,186.95083939033643,185.6271247736624,186.04559326171875,71728900,186.6246078491211,182.63257263183593,58.65389364548625,-0.005114819889537436,0.990733239850357,0.01836557184352859,0
2016-08-25 00:00:00-04:00,185.66127554317524,186.33594894822625,185.5075604065047,185.91748046875,69224800,186.5434768676758,182.82087768554686,46.41784756185374,-0.0006886096613346604,0.8826330833524025,0.017811318822543352,0
2016-08-26 00:00:00-04:00,186.10535078200303,187.13015738473075,184.67915952994585,185.56732177734372,122506300,186.4435562133789,182.99164459228516,44.556219379214276,-0.0018834091905904904,0.7599478448061916,0.01769834785152917,1
2016-08-29 00:00:00-04:00,185.6954697340903,186.74589574509,185.66130212252284,186.4811553955078,70502200,186.38121490478517,183.1938735961914,51.13642772545259,0.004924539565541508,0.7280649654021261,0.017325233349526414,0
2016-08-30 00:00:00-04:00,186.3956822902776,186.67750634417928,185.6185453271049,186.17364501953125,58114500,186.38462677001954,183.36723754882811,52.32511166768618,-0.0016490158232039809,0.6702577225956645,0.013904401265220368,0
2016-08-31 00:00:00-04:00,185.8406289512786,185.9601895162898,184.8670606272948,185.6442108154297,85269500,186.30007934570312,183.51993438720703,41.36080218778494,-0.0028437655826420993,0.5750948155386482,0.011722971005907775,1
2016-09-01 00:00:00-04:00,185.6356261603781,185.9430694148379,184.49125911421413,185.6527099609375,97844200,186.1745346069336,183.67860778808594,42.53821349720165,4.578190437753982e-05,0.4946611898160995,0.009699996946933121,1
2016-09-02 00:00:00-04:00,186.5067688638531,186.91668897220035,185.91750137809592,186.48968505859372,79293900,186.16002044677734,183.80773406982422,45.21287085193464,0.004508283761827769,0.49277347158650286,0.009733394676187985,1
2016-09-06 00:00:00-04:00,186.77150532691024,187.13018704315652,186.0541418944176,187.05332946777344,56702100,186.20272064208984,184.0774301147461,57.5886442142717,0.0030223891954272997,0.5306419247418717,0.010307990321622605,0
2016-09-07 00:00:00-04:00,186.8910293709444,187.21555644507737,186.4298709776544,187.0362091064453,76554900,186.2061340332031,184.4089553833008,54.80433633707768,-9.15266324146291e-05,0.552898012495632,0.010783543089024843,0
2016-09-08 00:00:00-04:00,186.70316378265807,186.97645250829927,186.30177911132483,186.60922241210935,74102900,186.26249694824216,184.67045166015626,47.37607650375667,-0.0022829092632697945,0.5299726695922402,0.010464147009268048,0
2016-09-09 00:00:00-04:00,185.2940517287419,185.3452901057669,182.11714204195624,182.14276123046875,221589100,185.88502502441403,184.78352294921876,27.288633516222532,-0.023934836252502145,0.14967274633656302,0.02305324150717743,1
2016-09-12 00:00:00-04:00,181.3826693697938,185.1573813091356,181.3143471996687,184.7559967041016,168110900,185.80389251708985,184.90069213867187,42.51520480691743,0.014347182704264938,0.058474522350991265,0.02401376329329891,0
2016-09-13 00:00:00-04:00,183.47497400223705,183.7397142506696,181.47659951620983,182.1000213623047,182828800,185.36577911376952,184.95722717285156,33.410344567609755,-0.01437558395493177,-0.2255161307992921,0.030312796865574955,0
2016-09-14 00:00:00-04:00,182.1513599147203,183.35551431775136,181.47669933090404,182.03179931640625,134185500,184.95159454345702,185.0381884765625,35.54751198843144,-0.00037464051562463574,-0.45088816036704316,0.03548364053093264,1
2016-09-15 00:00:00-04:00,181.8694780367378,184.23506988591947,181.6901306934286,183.85076904296875,134427900,184.77225036621093,185.13417907714845,43.36615546169103,0.00999259323587065,-0.4772203630619458,0.03628560086493918,0
2016-09-16 00:00:00-04:00,183.23447631685872,183.414729600579,182.4534136792633,183.1400604248047,155236400,184.52098541259767,185.21817626953126,42.38509887647993,-0.0038656820521537627,-0.5491073020860426,0.03736996285240484,1
2016-09-19 00:00:00-04:00,183.79243115282688,184.4361724325231,182.84827203715915,183.1744384765625,80250500,184.18946075439453,185.24957092285158,39.020154045857105,0.00018771453759525158,-0.5964289362001409,0.038206508783165886,1
2016-09-20 00:00:00-04:00,184.0327571059094,184.1872487239176,183.14868681099705,183.1830139160156,69665300,183.80242919921872,185.26832611083984,39.86857694637824,4.68156994197777e-05,-0.6260232989691019,0.03864751411039561,1
2016-09-21 00:00:00-04:00,183.8868009122936,185.4231906182393,183.20014110023288,185.24295043945312,110284400,183.62310333251952,185.30180572509767,48.76836077751061,0.011245237641858807,-0.47775017620367066,0.03733902071731989,1
2016-09-22 00:00:00-04:00,186.2557714731034,186.7106808349363,186.00686399277765,186.41026306152344,76678700,183.60320739746095,185.35914459228516,52.170825663202166,0.006301522510309132,-0.2630183731174043,0.03764769308625232,0
2016-09-23 00:00:00-04:00,186.01545659349085,186.15279119157253,185.29446959898425,185.38888549804688,73630900,183.92781982421874,185.37555999755858,46.87856419664424,-0.005479191685596518,-0.17326125755087673,0.03739857749076899,0
2016-09-26 00:00:00-04:00,184.5563153663645,184.7365555693111,183.6894021623652,183.88682556152344,89827300,183.84090270996094,185.36688690185548,41.474747142775,-0.008102211373072099,-0.22078668892314113,0.03756733650954071,1
2016-09-27 00:00:00-04:00,183.7237289348928,185.12278414433544,183.35464386091715,185.02838134765625,78494800,184.13373870849608,185.37113891601564,44.90289212500031,0.006207925894891719,-0.1644413466438266,0.03664661609305203,1
2016-09-28 00:00:00-04:00,185.25153899394775,186.10128203089897,184.29022306305555,185.94677734375,87411000,184.52523651123047,185.3975161743164,48.359241896739725,0.0049635412113784305,-0.0451598013332557,0.036447281904960764,0
2016-09-29 00:00:00-04:00,185.74077945591864,186.14419163494296,183.71514006013925,184.26446533203125,128070600,184.5666061401367,185.37487518310547,56.095794564603615,-0.009047277052878111,-0.08539248555658219,0.0362261447985569,1
2016-09-30 00:00:00-04:00,185.0970361399101,186.35876986017536,184.8481286542488,185.6549530029297,117202900,184.8180953979492,185.39404998779298,52.77794019181612,0.00754615203963982,-0.005018592206198491,0.036227627777741675,0
2016-10-03 00:00:00-04:00,185.24295835945435,185.431777046321,184.57345551878453,185.2086181640625,83512100,185.02151336669922,185.38772918701173,61.125473607411266,-0.0024041095141703606,0.022404540420296826,0.0351659205505357,0
2016-10-04 00:00:00-04:00,185.3202102755788,185.5433691652092,183.6722344599028,184.26446533203125,119948100,185.1296585083008,185.3726040649414,57.519137005336155,-0.005097780229615934,-0.03168245669164094,0.03291626035353344,1
2016-10-05 00:00:00-04:00,184.89106321546933,185.50905582931773,184.8223959142697,185.07989501953125,72816000,185.11335296630858,185.37207855224608,54.43951605791785,0.004425322516908858,-0.008648733412456977,0.030423255892871013,1
2016-10-06 00:00:00-04:00,184.85670319450523,185.431777046321,184.3159695380813,185.2086181640625,62927400,184.9931884765625,185.37805572509765,57.799384402957166,0.0006955004189821423,0.01976470499866423,0.028580514830094803,0
2016-10-07 00:00:00-04:00,185.48330296661467,185.6549646671953,183.8439055676314,184.57347106933597,89788300,184.9116470336914,185.36705993652345,55.04635933631802,-0.003429360366826506,-0.008866297591879402,0.026368509232793963,1
2016-10-10 00:00:00-04:00,185.53482055664065,185.99830850883853,185.38890744026443,185.53482055664065,51855000,185.07644653320315,185.36931427001954,57.93747579535455,0.005208492215783123,0.04549189364030326,0.02687433249990047,0
2016-10-11 00:00:00-04:00,185.10567154445468,185.17433885601315,182.46203898573145,183.1916046142578,130367400,184.8927688598633,185.32777740478517,43.20649894436623,-0.012629521161325652,-0.09936141511306573,0.024948614755587455,1
2016-10-12 00:00:00-04:00,183.32887728462163,183.95546137949307,182.83104926676788,183.431884765625,73866100,184.64127960205082,185.31478759765625,39.49115913767539,0.0013116329859828024,-0.1925505034561752,0.022276626243177482,0
2016-10-13 00:00:00-04:00,182.1015044817873,183.3288980204508,181.28610162289812,182.83106994628903,101357000,184.49794006347656,185.27902160644533,40.699028005730455,-0.0032754110339303644,-0.3112958374218522,0.02361975438141476,1
2016-10-14 00:00:00-04:00,183.80954618202415,184.27304713185137,182.8482302815632,182.92547607421875,93346200,184.22499237060546,185.24121551513673,46.105565067963944,0.0005163571375339515,-0.39325142690569237,0.023954482995283317,0
2016-10-17 00:00:00-04:00,182.8997758550404,183.1572749956163,182.11012142837117,182.29037475585935,58275700,183.93316802978515,185.16047454833983,38.43371226282525,-0.003471912890371409,-0.5036435018757857,0.025522595977619626,1
2016-10-18 00:00:00-04:00,183.8867940911395,183.9468697828576,183.05422122815347,183.431884765625,76869700,183.84990997314452,185.1047854614258,39.572778483543395,0.006262042147285429,-0.49333286465591186,0.025235520435720037,1
2016-10-19 00:00:00-04:00,183.6979989280056,184.2301541476059,183.3375054150232,183.9211578369141,66519200,183.73403625488282,185.05666015625,48.42030025458886,0.00266732837594863,-0.4406023726610897,0.02508158365535293,0
2016-10-20 00:00:00-04:00,183.5692282265545,184.13572360059567,182.91690855450392,183.57781982421875,73639800,183.57095642089843,185.01089141845702,39.422970833080996,-0.0018667673514745076,-0.4216569868099498,0.023237642904689135,1
2016-10-21 00:00:00-04:00,183.57784146335865,183.74950317655933,182.61651229492608,183.6636657714844,89089100,183.4799758911133,184.94958892822265,41.83307037836509,0.00046762701151936703,-0.39516041820672854,0.022713133038351162,1
2016-10-24 00:00:00-04:00,184.5391485682308,184.81381777356532,184.09281765803647,184.4447326660156,60146600,183.37096710205077,184.9071530151367,50.96964822140859,0.004252702303693567,-0.3075904151138502,0.022682868896674174,0
2016-10-25 00:00:00-04:00,184.26449104868,184.52199017077416,183.66366849509308,183.8267517089844,66542300,183.43448181152343,184.8415966796875,43.11312368972768,-0.0033504939289874525,-0.28477376065768567,0.022380602320686192,0
2016-10-26 00:00:00-04:00,183.00273225561597,184.04129393336316,182.76239018711053,183.4576416015625,75705500,183.4370574951172,184.787958984375,40.62489787648458,-0.0020079237868829702,-0.29309686034352467,0.020668936385116642,0
2016-10-27 00:00:00-04:00,184.17862018916017,184.2129472848537,182.8911380010425,182.9683837890625,77220200,183.45078887939454,184.71753295898438,41.269630487863566,-0.0026668707186511265,-0.3353067854781102,0.021276286245488045,0
2016-10-28 00:00:00-04:00,182.9426715562345,183.62073988076529,181.71527791279635,182.42767333984372,140623200,183.40100860595703,184.6279232788086,32.28922411093873,-0.002955212469068713,-0.40768967678357626,0.020729829864646835,1
2016-10-31 00:00:00-04:00,182.7624479218419,182.9856199637513,182.27321132409972,182.4362945556641,61272500,183.4156005859375,184.54395263671876,44.13334723947361,4.725826768781083e-05,-0.45906615074056845,0.020481054588303033,0
2016-11-01 00:00:00-04:00,182.7624476574243,182.8139579649102,179.90424769711947,181.11447143554688,122781800,183.18385925292972,184.43371551513673,34.58933021617236,-0.00724539556855508,-0.5995314302234647,0.02372634023293145,0
2016-11-02 00:00:00-04:00,180.80543095021665,181.1916861288668,179.58661590951533,180.0243682861328,103330800,182.79418029785157,184.29416137695313,32.47596327897901,-0.006018862771007161,-0.7897101035012213,0.02787531824844705,0
2016-11-03 00:00:00-04:00,180.23898398683315,180.4535644183679,178.92575279359647,179.20040893554688,88939300,182.35643920898437,184.15725769042967,28.6839412259842,-0.004576932325496719,-0.9954398942527405,0.03247273817433985,0
2016-11-04 00:00:00-04:00,179.31192591382094,180.15307721443824,178.85701662186858,179.0029296875,109122100,181.89036560058594,184.0189666748047,30.196303363887907,-0.0011020022176283506,-1.1610334891956597,0.03672872953941083,1
2016-11-07 00:00:00-05:00,179.00303629081068,182.9856494146688,179.00303629081068,182.9513092041016,109794900,181.74102325439452,183.96664642333985,47.83659955626093,0.022057625109793477,-0.9625704640893105,0.03375019921522266,1
2016-11-08 00:00:00-05:00,182.55639262330328,184.34170282391705,182.29031506738008,183.77520751953125,106772100,181.73586883544922,183.91252746582032,49.362193015796684,0.004503374799633253,-0.7303859438823679,0.0341412547385612,1
2016-11-09 00:00:00-05:00,182.2818296794239,186.34170196277492,182.2560810684897,185.7237091064453,258429000,181.9624755859375,183.9035287475586,58.22385387196484,0.010602635759271228,-0.38471548443502,0.03725535356203266,1
2016-11-10 00:00:00-05:00,186.51330021241645,187.38020037818185,184.7279895796068,186.1871337890625,172113300,182.2843505859375,183.91438720703124,59.398869712290285,0.0024952370639528265,-0.07253847760011922,0.04095190161404548,0
2016-11-11 00:00:00-05:00,185.46613887775175,185.99829409588128,184.81381915562696,185.75796508789065,100552700,182.61737976074218,183.91649230957032,55.02291313087001,-0.0023050395182411254,0.13863561686480352,0.04329375367608227,1
2016-11-14 00:00:00-05:00,186.28151793340604,186.48751981254912,185.1571188407624,185.9038543701172,94580000,182.9641357421875,183.9047756958008,58.2422572734702,0.0007853729564570866,0.31414340436546695,0.04529421706500682,1
2016-11-15 00:00:00-05:00,186.29009251910088,187.3544158935547,186.0841037412333,187.3544158935547,91652600,183.58813018798827,183.9107974243164,64.2407452637542,0.007802751203584979,0.5637838334294827,0.04960574509213657,0
2016-11-16 00:00:00-05:00,186.7364096328087,187.2342376376212,186.61624515557435,187.0024871826172,65617700,184.28594207763672,183.91012298583985,64.89209135593003,-0.0018784116150080132,0.7248720919839968,0.05257872824562391,1
2016-11-17 00:00:00-05:00,187.1570123357797,188.0239123666414,187.04542634579707,187.96383666992188,69797200,185.16228485107422,183.9372152709961,69.82144105872281,0.005140837973806711,0.9195090389330005,0.056762165547732106,0
2016-11-18 00:00:00-05:00,188.03249293841097,188.2041546150475,187.3629901347196,187.54324340820312,86265800,186.01631622314454,184.04522491455077,67.760755241638,-0.002237628626709398,1.027972038725352,0.059602889980234705,1
2016-11-21 00:00:00-05:00,188.1183668274581,188.9852670360542,187.9724537089983,188.9595184326172,72402600,186.61713714599608,184.1292953491211,77.10513968188707,0.007551725131101694,1.2142145956244406,0.06430133131317273,1
2016-11-22 00:00:00-05:00,189.26847871034497,189.50880769460164,188.59898895463743,189.3285675048828,67429000,187.17247314453124,184.27386627197265,83.83232536203754,0.0019530589161467216,1.375733737471137,0.06883405857093794,1
2016-11-23 00:00:00-05:00,188.8135413464565,189.483031002904,188.61613108800285,189.43153381347656,56620200,187.5432556152344,184.42186096191406,89.26149345531515,0.0005438498265248892,1.4948160329086875,0.07256374217712747,1
2016-11-25 00:00:00-05:00,189.77491298999192,190.16973359584355,189.69765409150065,190.13540649414065,37872300,187.93808288574218,184.5475537109375,91.12216853833807,0.0037157101908764645,1.6272285747100739,0.07626105097582488,0
2016-11-28 00:00:00-05:00,189.82638699082,190.1010430617208,189.1397271681477,189.2427215576172,76572500,188.28655853271485,184.66960693359374,80.01581181897063,-0.004694995808426583,1.6412153452909592,0.07732498376391143,1
2016-11-29 00:00:00-05:00,189.2770715262414,190.06672577916044,188.976653745513,189.61181640625,69886700,188.65735473632813,184.7983544921875,79.1092231310367,0.0019503780414638072,1.6629137962604545,0.07806114658417618,0
2016-11-30 00:00:00-05:00,190.22986943967672,190.3929526812308,189.0968783490601,189.15696716308597,113291800,188.83760986328124,184.91783355712892,70.12057932445555,-0.002398844395802291,1.6246791524512503,0.07566389489095389,0
2016-12-01 00:00:00-05:00,189.45734364976184,189.45734364976184,188.10119380303743,188.46170043945312,79040500,188.98353118896483,184.9822085571289,62.97742753269909,-0.003675607269772896,1.520745500260233,0.06935061844058577,1
2016-12-02 00:00:00-05:00,188.5475433232978,189.0453715259651,188.19562825119576,188.55612182617188,74840300,189.04275970458986,185.02512573242188,66.59877984757124,0.0005010110091259179,1.429517758022513,0.05864734462449814,1
2016-12-05 00:00:00-05:00,189.3886233903278,190.0323644801616,189.19121312325697,189.6890411376953,67837800,189.25733947753906,185.11112884521484,70.10011732752517,0.006008393153990932,1.432127560231038,0.04329294759284764,1
2016-12-06 00:00:00-05:00,189.87786534309035,190.32419614807785,189.3972074440017,190.28985595703125,59877400,189.39037322998047,185.239189453125,67.13408041155199,0.0031673670536391807,1.4657799827604379,0.038045415573255505,1
2016-12-07 00:00:00-05:00,190.13542041346932,192.83912844099024,190.0152559032895,192.779052734375,110738100,189.73542175292968,185.39420288085938,76.98483865679181,0.013081079728736622,1.6740101993705991,0.038225132226497156,1
2016-12-08 00:00:00-05:00,192.75328364138,193.72317812153088,192.4871929499584,193.2510986328125,99714400,190.11737823486328,185.54028930664063,75.88229845769554,0.0024486368811444947,1.85573257522978,0.0419031729055381,1
2016-12-09 00:00:00-05:00,193.47426539989627,194.4355813531764,193.43992520330903,194.4184112548828,88005800,190.5456787109375,185.74336822509767,81.3626144154803,0.006040393199979954,2.0700786620625706,0.04731366516044505,0
2016-12-12 00:00:00-05:00,194.32402499689005,194.80469614378697,193.7746996402432,194.19528198242188,102016100,191.04093475341796,185.9141748046875,76.80162341770654,-0.0011476756291790569,2.1966235042331164,0.04935136320764728,1
2016-12-13 00:00:00-05:00,194.8562290006629,195.98920702612244,194.8390588966092,195.4913787841797,110477500,191.62889099121094,186.11983001708984,78.81253156718766,0.0066741930521005965,2.3741279145727106,0.05270666090699176,0
2016-12-14 00:00:00-05:00,195.19088581163928,195.8947025964433,193.4399027038853,193.87765502929688,142501800,192.10095977783203,186.31209381103517,68.21370304852505,-0.008254705475602253,2.3574126326592477,0.05350060535622128,1
2016-12-15 00:00:00-05:00,194.1180299970146,195.5342554988994,193.88627948139643,194.67593383789065,124972600,192.72238311767578,186.50401458740234,68.45767552184509,0.004117435856510365,2.381131873638708,0.053981525137338865,0
2016-12-16 00:00:00-05:00,195.1326462584023,195.1930892244848,193.9757194067393,194.295166015625,156420200,193.2962875366211,186.6857455444336,71.43060555341961,-0.0019559059754284958,2.342205277488688,0.05421132938111538,1
2016-12-19 00:00:00-05:00,194.47648568022888,195.14129244989357,194.32971255495227,194.71823120117188,90341100,193.79920654296876,186.88864074707033,71.56081281327705,0.0021774354669887863,2.3187642237681985,0.05344157676170182,1
2016-12-20 00:00:00-05:00,195.2534847201332,195.6161161046466,195.02038148255485,195.4693298339844,89838800,194.31715393066406,187.0873309326172,76.00218734482712,0.0038573616254584664,2.333890762373727,0.05479256854961286,0
2016-12-21 00:00:00-05:00,195.33989514643187,195.5125686620086,194.92547607421875,194.92547607421875,67909000,194.53179626464845,187.32200836181642,76.96222576957618,-0.0027822971523335793,2.275760647825564,0.05502302922363583,0
2016-12-22 00:00:00-05:00,194.7787051975684,194.89957797729545,194.19159942879057,194.58876037597656,56219100,194.66556243896486,187.54514587402343,74.66525920186241,-0.001727407340608389,2.1774220049684914,0.054407691607751205,1
2016-12-23 00:00:00-05:00,194.6318680385307,194.8822557716593,194.4419364406924,194.8736267089844,36697800,194.711083984375,187.78599700927734,72.7774403610313,0.0014639403244947058,2.0982865135686097,0.0543300711436296,1
2016-12-27 00:00:00-05:00,195.14127156618028,195.75426436649036,195.1240002667776,195.35711669921875,42672500,194.8272674560547,188.03462982177734,72.49388355590935,0.0024810437328000035,2.0509426774926567,0.053002370848916534,0
2016-12-28 00:00:00-05:00,195.61617777703253,195.63343590620065,193.6303994687124,193.7426300048828,64095000,194.652392578125,188.2636749267578,54.63751874497865,-0.008264284002623135,1.8616864009335075,0.050493318190315974,0
2016-12-29 00:00:00-05:00,193.8116628865424,194.1656520751356,193.25909985948013,193.69943237304688,48696100,194.6345703125,188.46902587890625,52.25065262951476,-0.00022296400041044162,1.6887469270049849,0.04658301026258769,0
2016-12-30 00:00:00-05:00,194.02752445361327,194.11386778589775,192.30076320106696,192.9914703369141,108998300,194.46612396240238,188.65043212890626,42.490363613002906,-0.0036549515270096755,1.4775324539278358,0.040052692466489494,1
2017-01-03 00:00:00-05:00,194.29517831857413,194.9772564188593,193.29366676331895,194.4678649902344,91366500,194.4833938598633,188.86823303222656,51.267356627798534,0.00765005132477059,1.412988124529079,0.031760012037436156,1
2017-01-04 00:00:00-05:00,194.79590478025963,195.7715289639196,194.7872757179244,195.624755859375,78744400,194.5740463256836,189.10745483398438,50.62826043518948,0.005949007920659222,1.4386043674155928,0.02528651344383552,0
2017-01-05 00:00:00-05:00,195.3570993331971,195.62474516651017,194.6750213959088,195.4693298339844,78379000,194.5740463256836,189.32794677734375,58.69150779896027,-0.0007945110254978793,1.429881064319261,0.017500608601034646,1
2017-01-06 00:00:00-05:00,195.5815955454964,196.63492087370184,195.0376615815804,196.168701171875,71559900,194.69836883544923,189.57478576660156,58.24042533836017,0.0035779083014433333,1.4625419328439193,0.017240279886586017,0
2017-01-09 00:00:00-05:00,195.90969783980825,196.0478418995289,195.48663659721728,195.52117919921875,46939700,194.79161071777347,189.8160565185547,56.574261962427215,-0.003300842431988804,1.4198096134095977,0.016372993842331103,0
2017-01-10 00:00:00-05:00,195.5384373260769,196.37591757368716,195.1326473844866,195.52117919921875,63771900,194.8563659667969,190.0671124267578,54.51029734946537,0.0,1.3701497094264425,0.01668476462716904,1
2017-01-11 00:00:00-05:00,195.4348697387885,196.0737762451172,194.77006286354137,196.0737762451172,74650000,194.92803192138672,190.34003448486328,53.47272265032556,0.002826277174481362,1.3597099511702595,0.017419106784529466,0
2017-01-12 00:00:00-05:00,195.55571889690532,195.7715640612507,194.2261184811609,195.5816192626953,72113200,195.11193084716797,190.6029409790039,53.79226290529974,-0.0025100602020671214,1.2967749972302443,0.01749396397365235,1
2017-01-13 00:00:00-05:00,195.7542600079776,196.33272337074413,195.71973058408247,196.03054809570312,62717900,195.34504241943358,190.90126251220704,58.226292026445705,0.0022953528797857725,1.2685009089162804,0.01753364683120076,0
2017-01-17 00:00:00-05:00,195.39169026213537,195.79748025784545,194.9513708339613,195.3398895263672,61240800,195.57988433837892,191.20757293701172,52.542581606077384,-0.0035232190903162763,1.1767977241202345,0.017531925351978433,1
2017-01-18 00:00:00-05:00,195.590244937414,195.81473233589497,195.03768185323028,195.7715606689453,54793300,195.71025390625,191.5389959716797,52.27285279384916,0.0022098463535777935,1.1259750041110976,0.017475736059288597,0
2017-01-19 00:00:00-05:00,195.8492173991997,195.9873614324876,194.614589683807,195.04627990722656,66608800,195.65240631103515,191.85986297607423,57.92197821354006,-0.003704729937486828,1.0154678549741334,0.017381510872343242,1
2017-01-20 00:00:00-05:00,195.72838159242664,196.2550442913316,195.0981174360789,195.76292419433597,129168600,195.6817657470703,192.1160952758789,61.59069131201719,0.0036742268934852884,0.9744841017162855,0.017564374769201686,0
2017-01-23 00:00:00-05:00,195.7629293658233,195.8233591595471,194.49375878205151,195.25352478027344,75061600,195.59024810791016,192.34566162109374,62.99591833872166,-0.0026021240546899582,0.8906332408999447,0.01754363718254373,1
2017-01-24 00:00:00-05:00,195.4693648574696,196.91985113299532,195.35713433657327,196.50543212890625,95555300,195.6886734008789,192.56129608154296,62.01614702939279,0.0064117016583522535,0.9146557083461744,0.018371971611290942,1
2017-01-25 00:00:00-05:00,197.45511831484976,198.20626831054688,197.291073911489,198.20626831054688,84437700,195.95718231201172,192.80167877197266,64.30612962800106,0.008655415594439608,1.0587325425350116,0.022710638703113076,0
2017-01-26 00:00:00-05:00,198.0594837402296,198.3271427646296,197.72276586826823,197.99905395507807,59970700,196.14971008300782,193.04650054931642,63.93912081333618,-0.0010454480437730451,1.1430180048673435,0.02559954426027535,0
2017-01-27 00:00:00-05:00,198.0767968750042,198.223570011819,197.50696245620983,197.6882781982422,59711100,196.3603759765625,193.2821890258789,58.74768762110886,-0.0015695820289444162,1.1712365488289436,0.02583670401885747,0
2017-01-30 00:00:00-05:00,196.99755678958624,197.0234571545579,195.47801162329733,196.46226501464844,79737300,196.40354766845704,193.4643460083008,55.07921684117593,-0.006201749515792221,1.0821960481266615,0.024057023587708757,0
2017-01-31 00:00:00-05:00,195.97013008802804,196.50543503261844,195.4003088892889,196.4449920654297,75880800,196.5140579223633,193.65319610595702,54.97671237606099,-8.791993321188851e-05,0.998724354497682,0.019740894518254556,1
2017-02-01 00:00:00-05:00,196.44503448466165,197.36021603464965,195.93564296897333,196.52273559570312,79117700,196.58917541503905,193.82437408447265,52.54902164628176,0.0003957521617428128,0.928146592907126,0.018304385994286777,1
2017-02-02 00:00:00-05:00,196.5227066728672,196.93713888571975,195.83201266640023,196.6522216796875,69657600,196.74976959228516,194.00655364990234,56.3395527445222,0.0006588860245195782,0.872602830920016,0.018254198762162003,1
2017-02-03 00:00:00-05:00,197.55875725721955,198.189021412973,197.24793971104177,198.00770568847656,80563200,196.97424774169923,194.18751739501954,60.57259700352645,0.006892797839817444,0.927271225153504,0.019630466499634642,0
2017-02-06 00:00:00-05:00,197.60193156698531,197.9990924755064,197.31701436233536,197.6537322998047,57790100,197.21426849365236,194.35402069091796,62.83514072609443,-0.0017876748151851585,0.9312982013096018,0.02050540583687241,1
2017-02-07 00:00:00-05:00,198.0422583695369,198.2840038984072,197.47242397685267,197.6623687744141,57931200,197.32996215820313,194.51863739013672,61.00501245119882,4.3694973572705464e-05,0.9245291042348356,0.020801752957801383,1
2017-02-08 00:00:00-05:00,197.6623698866049,198.05088854775087,197.1184358565145,197.92138671875,51566200,197.30147399902344,194.6743569946289,67.69426096036919,0.0013104059510260502,0.9293521365109143,0.021167739601321983,1
2017-02-09 00:00:00-05:00,197.92138285613615,199.3977563745068,197.92138285613615,199.0955810546875,65955200,197.41112670898437,194.8714141845703,69.41665318343513,0.005932629896161945,1.0162078821978753,0.02372803017413554,1
2017-02-10 00:00:00-05:00,199.44092147507035,200.10572823541384,199.1128326266152,199.88124084472656,66015900,197.63042297363282,195.07680267333984,76.12104070059877,0.003946143786201173,1.1353502544378102,0.026817779498671587,1
2017-02-13 00:00:00-05:00,200.3733814586604,201.22813303898968,200.34748109326944,200.9691162109375,55182100,198.08110809326172,195.31304565429687,75.67051960223384,0.0054426086290710884,1.3025390339310547,0.03182196748954354,1
2017-02-14 00:00:00-05:00,200.78779556699016,201.78069118787627,200.44244858746453,201.7720489501953,71109000,198.6138137817383,195.57925262451172,72.86847497832414,0.003995304126306998,1.4827352587861924,0.03645971654407205,1
2017-02-15 00:00:00-05:00,201.55623814953975,203.01535375890472,201.50443741119585,202.82540893554688,86785800,199.24408111572265,195.8646383666992,77.92245625805592,0.00522054462365884,1.6910460861077183,0.04239297758469958,0
2017-02-16 00:00:00-05:00,202.85131437184276,203.0326301347208,201.9016034054752,202.6527404785156,84722400,199.84413299560546,196.12391235351564,79.18789103220814,-0.000851315710085121,1.8212072723530355,0.04508052151980617,1
2017-02-17 00:00:00-05:00,201.9878841166429,202.97213745117188,201.97061281627796,202.97213745117188,77204100,200.340576171875,196.37755798339845,92.84106177059473,0.0015760802045019506,1.9279098716762064,0.047945930763955986,1
2017-02-21 00:00:00-05:00,203.3434126669464,204.35356643805537,203.33477042906745,204.18089294433597,88946100,200.99329223632813,196.60559478759765,94.00806933237011,0.0059552779427909375,2.08596323103734,0.0510473071831013,0
2017-02-22 00:00:00-05:00,203.77506805039403,204.2240164222622,203.61102364853645,203.99954223632807,62115200,201.62700958251952,196.82056365966798,92.03857940486986,-0.000888186477161379,2.1715558266952826,0.05386076817606211,1
2017-02-23 00:00:00-05:00,204.5176154292191,204.5348735570757,203.3779466317962,204.13772583007807,74615900,202.2486434936523,197.01494995117187,92.04635838784326,0.0006773720775801184,2.2248916703538555,0.057263933903570235,1
2017-02-24 00:00:00-05:00,203.29164792756143,204.4399327924556,203.2484762529526,204.3967742919922,82381600,202.77876281738278,197.2189797973633,90.92904956286341,0.0012689886735084421,2.261988955990006,0.06007128740367817,1
2017-02-27 00:00:00-05:00,204.31033564968556,204.8887989320341,204.0599611323649,204.71612548828125,56515400,203.26225128173826,197.4034747314453,95.44402181276782,0.0015624082003997675,2.290751438104195,0.06221213728435876,0
2017-02-28 00:00:00-05:00,204.3363087591375,204.57805430129,203.7751165736,204.16363525390625,96961900,203.58170318603513,197.6091943359375,89.09696541471943,-0.0026988115032815507,2.2431074217693663,0.06124303861495717,1
2017-03-01 00:00:00-05:00,205.82129435228447,207.48762570939044,205.80402305205783,207.0213928222656,149158200,204.10663757324215,197.856103515625,91.69332602531244,0.01399738775617565,2.408186275714968,0.06333286127010374,0
2017-03-02 00:00:00-05:00,206.8314523095236,206.84009454688623,205.66589641594808,205.7176971435547,70246000,204.39586639404294,198.0845541381836,79.98460651970498,-0.006297395940284112,2.4060793262229083,0.061758769604866766,1
2017-03-03 00:00:00-05:00,205.63133809624927,206.0112276351819,205.25144855731665,205.84718322753903,81974300,204.71531066894528,198.30713317871093,78.72010342598526,0.0006294358034446557,2.3873382491184714,0.05910997729047842,0
2017-03-06 00:00:00-05:00,205.05290667695087,205.5881984702343,204.62984541101,205.23422241210935,55391500,204.94151916503907,198.50243103027344,71.51608175430556,-0.0029777469179752547,2.296551776092201,0.05685719361889147,0
2017-03-07 00:00:00-05:00,204.9320486659343,205.28603792368855,204.41401496316493,204.6212310791016,65103700,204.9855529785156,198.6963461303711,64.65403039986943,-0.002986789073495144,2.150351649280765,0.052381718971111615,0
2017-03-08 00:00:00-05:00,204.9147995072805,205.1738163866564,204.10321943317072,204.24136352539065,78168800,205.00973510742188,198.88939819335937,57.82467915746168,-0.0018564425192226786,1.9809991336848327,0.046311299622300225,1
2017-03-09 00:00:00-05:00,204.3622526252687,204.8284856801904,203.53341435408075,204.5003967285156,90683900,205.04600219726564,199.08193359375,60.11375975143243,0.0012682700440977968,1.846403667485049,0.039125417935079565,1
2017-03-10 00:00:00-05:00,205.45871026849647,205.50188193917324,204.26724066336783,205.2169647216797,81991700,205.12802124023438,199.2791305541992,61.7757848682241,0.003503993168851194,1.7770718610283893,0.0334473534279021,1
2017-03-13 00:00:00-04:00,205.1564817109755,205.3636977852985,204.82840606097443,205.32052612304688,57256800,205.18846130371094,199.5106884765625,56.76232142824792,0.0005046434709121694,1.7107618468363341,0.028085764129190182,0
2017-03-14 00:00:00-04:00,204.77662713272065,204.8284410407562,203.92188867522023,204.53488159179688,59880800,205.2255859375,199.7273974609375,52.96401681558316,-0.0038264295639841572,1.5766411967931617,0.023724327248109238,1
2017-03-15 00:00:00-04:00,205.1047261295561,206.72788613365728,204.8716096414013,206.3048248291016,96081800,205.1539291381836,199.99366455078126,60.16234216932347,0.00865350312636215,1.5947855474925348,0.02177969909229969,0
2017-03-16 00:00:00-04:00,206.4429207705509,206.52062185710255,205.5709111706965,205.89898681640625,78344000,205.17205810546875,200.2222869873047,56.94877546439756,-0.001967176545829785,1.5584524702757108,0.02076214772469055,0
2017-03-17 00:00:00-04:00,206.16176934939736,206.35254049942543,205.5374298095703,205.5374298095703,89002100,205.14108276367188,200.42054046630858,53.78432610520606,-0.001755992161138309,1.4833840876342492,0.01850463559851205,0
2017-03-20 00:00:00-04:00,205.5374472784932,205.82360402785625,204.9217875222689,205.3119964599609,52537000,205.14886016845702,200.61739379882812,55.45574092787966,-0.001096799496900669,1.38968187861434,0.01621303709518447,0
2017-03-21 00:00:00-04:00,205.91896907394496,206.04036769204072,202.54580758029505,202.6758728027344,131809300,204.9543243408203,200.7475372314453,28.91077876415514,-0.012839598770063021,1.0901425697901743,0.018929688698442932,1
2017-03-22 00:00:00-04:00,202.7105208473677,203.438912394836,202.0861814548365,203.1527557373047,97569200,204.84546356201173,200.90016876220704,36.46596201039577,0.002352933913522204,0.881079441477226,0.020126985789750123,0
2017-03-23 00:00:00-04:00,203.1528040928162,204.07196696408943,202.56315743254936,202.9360198974609,100410300,204.68902587890625,201.04846557617188,34.77925103314017,-0.0010668614317200786,0.689953283165039,0.021701349857978315,0
2017-03-24 00:00:00-04:00,203.2394736815472,203.81177376232333,202.0081413388864,202.7885589599609,112504900,204.44618530273436,201.18276123046874,36.5588043399868,-0.0007266375755989873,0.5205845853914752,0.02347463599595399,0
2017-03-27 00:00:00-04:00,201.115011690091,202.8406185139592,200.83753482201905,202.5804748535156,87454500,204.17218017578125,201.32273834228516,38.26171213315349,-0.001026113640298587,0.3653564224007084,0.02539337686823548,1
2017-03-28 00:00:00-04:00,202.27699348014863,204.47951500442747,202.16426146852515,204.05462646484372,93483900,204.12415466308593,201.48321990966798,49.04599611476081,0.007276869167149869,0.3571714497657581,0.02544305933406029,1
2017-03-29 00:00:00-04:00,203.7685076470059,204.4795530342526,203.54304358182637,204.24542236328125,61950400,203.9182144165039,201.66133056640626,48.688238895954186,0.0009350236343228513,0.36190857763631357,0.023094370067404803,1
2017-03-30 00:00:00-04:00,204.1847066460207,205.0952029469896,204.0112819295165,204.895751953125,56737900,203.8178909301758,201.84381439208985,48.336123454565296,0.0031840595608896294,0.4133738322502154,0.022524936989186034,0
2017-03-31 00:00:00-04:00,204.5574787212587,205.08643247327404,204.3667076479776,204.4187469482422,73733100,203.70602264404297,202.03126373291016,45.50279044779575,-0.0023280375524424857,0.410933118726291,0.02165507938033138,0
2017-04-03 00:00:00-04:00,204.47081821050207,204.67025592884897,202.8319305234059,204.06326293945312,85546500,203.58114929199218,202.1972705078125,47.54258418247276,-0.001738999059998525,0.3759801815751018,0.021382128695934734,1
2017-04-04 00:00:00-04:00,203.77713743738263,204.280078343088,203.39559514812635,204.193359375,56466200,203.73289794921874,202.37606719970702,36.73032184318067,0.0006375299192655781,0.3546887905563949,0.02136297532905534,0
2017-04-05 00:00:00-04:00,204.8697387839908,205.8496076172635,203.3782624063284,203.5863800048828,108800600,203.77626037597656,202.51768615722656,35.82461161461694,-0.0029725715467684433,0.28554545706447243,0.02162052087264315,1
2017-04-06 00:00:00-04:00,203.72510777753564,204.67895025249732,203.2828595720796,204.1586761474609,69135800,203.89852600097657,202.63673431396484,41.761610223269116,0.0028110728358368142,0.2737725039409611,0.021613648292755028,0
2017-04-07 00:00:00-04:00,203.90714101734477,204.6442123289071,203.464906169279,203.95050048828125,74412300,204.01472015380858,202.7557632446289,41.84791645729226,-0.001019675788989205,0.2448221604031744,0.02123658249433753,1
2017-04-10 00:00:00-04:00,204.08929162901532,204.869709356444,203.5429912809418,204.0719451904297,67615300,204.1638671875,202.88343658447266,61.961026295353875,0.0005954616529877388,0.2290381676557729,0.020644517881669024,0
2017-04-11 00:00:00-04:00,203.69041754192983,203.93321477372265,202.33768632723948,203.82916259765625,88045300,204.14132080078124,203.0307745361328,56.03738277025831,-0.0011896911775250985,0.19469439764489493,0.020626219982722738,0
2017-04-12 00:00:00-04:00,203.5516928341111,203.74246398454036,202.7105690976161,202.9360198974609,81864400,204.01038055419923,203.16059509277343,50.0,-0.004381819994807801,0.09432029522599805,0.018658648846422467,0
2017-04-13 00:00:00-04:00,202.5977731509544,203.33484447515767,201.61790466308597,201.61790466308597,92880400,203.6825958251953,203.2624984741211,42.14208165188389,-0.00649522561367355,-0.09054405209195693,0.019132200301960927,1
2017-04-17 00:00:00-04:00,202.13824092689617,203.40426635742188,201.9388031865001,203.40426635742188,68405400,203.58114776611328,203.3975393676758,54.56284947363459,0.00886013420941456,-0.09184716281183114,0.017302516452543985,0
2017-04-18 00:00:00-04:00,202.66717600787345,203.3348749236641,202.11220908904167,202.7972412109375,83225800,203.4545455932617,203.493330078125,42.29546576510548,-0.0029843284870815223,-0.14024508559893434,0.015852063833020295,0
2017-04-19 00:00:00-04:00,203.3608712621276,203.7337336345912,202.1988982072169,202.4243621826172,68699900,203.27764587402345,203.58874267578125,39.0851440162864,-0.0018386789982633989,-0.20631078707194206,0.016160224540124224,1
2017-04-20 00:00:00-04:00,203.0400504136045,204.51419336990097,202.7192140727769,204.0719451904297,92572200,203.32620239257812,203.71693420410156,45.58960241150853,0.008139252558573729,-0.12428942108346064,0.01625352922786422,0
2017-04-21 00:00:00-04:00,203.9938831501572,204.0459092286144,203.0226944017436,203.42156982421875,110389800,203.25249176025392,203.82693786621093,44.75872876856466,-0.003186990576309001,-0.11049305903998174,0.016016417391795854,1
2017-04-24 00:00:00-04:00,205.66743430210752,205.86688522916808,203.3955408444979,205.6587677001953,119209900,203.4233184814453,203.95820159912108,57.00123334944774,0.010997839992630931,0.08004116410950246,0.017980617221131808,1
2017-04-25 00:00:00-04:00,206.30054742786092,207.20236400113632,206.21382844343896,206.8555145263672,76698300,203.70167541503906,204.0976870727539,60.6818579785001,0.005819089745380923,0.32387494713651677,0.021841952222851218,0
2017-04-26 00:00:00-04:00,206.82080367281424,207.7052869575348,206.6820718338343,206.7254180908203,84702500,203.99130096435547,204.21281311035156,63.096544681804765,-0.0006289241833593584,0.5008438655085001,0.025032835889873813,1
2017-04-27 00:00:00-04:00,207.04624588851576,207.2023241527077,206.36120044512217,206.8988342285156,57410300,204.38758239746093,204.31534881591796,61.82596933581131,0.0008388718682823537,0.6476208710518847,0.02793036883314239,0
2017-04-28 00:00:00-04:00,207.15895170561487,207.18496474801915,206.31782805066376,206.44790649414065,63532800,204.8705825805664,204.38779876708983,60.55709357737593,-0.0021794600054483304,0.7192653624414334,0.029484744292363075,1
2017-05-01 00:00:00-04:00,206.9681701660156,207.3930718896772,206.55194827702297,206.9681701660156,66882500,205.2269729614258,204.47410736083984,61.843647159688736,0.0025200724033001,0.8087028453327605,0.03173839127771134,1
2017-05-02 00:00:00-04:00,207.10689629314456,207.2282948843253,206.63864836472015,207.04620361328125,57375700,205.65186920166016,204.55558868408204,63.33525615238866,0.0003770311502635515,0.8757838508518887,0.03369068863806531,0
2017-05-03 00:00:00-04:00,207.0462310779163,207.1416166430293,206.11838846895756,206.7947540283203,73137700,206.08890838623046,204.6078659057617,66.89393575005519,-0.0012144612196347548,0.89830109511243,0.035003010950811875,1
2017-05-04 00:00:00-04:00,207.09827306270276,207.17631219520797,206.18777682243797,207.03756713867188,61462700,206.38547058105468,204.6686264038086,76.19417063310055,0.001174174419909635,0.9250754679928832,0.03603158966070296,1
2017-05-05 00:00:00-04:00,207.41039573332048,207.8699770512272,206.9681476199527,207.8526306152344,62001300,206.82857666015624,204.74292449951173,73.72746717540886,0.0039367902541889155,1.000529678858726,0.03811067632441367,0
2017-05-08 00:00:00-04:00,207.8960322946924,208.0434439519232,207.39309140042783,207.8179931640625,48385700,207.04449920654298,204.81134887695313,78.52219259588031,-0.0001666442761363296,1.045481076693079,0.03956272844550274,0
2017-05-09 00:00:00-04:00,208.0781120190344,208.27754973957025,207.28033467398123,207.627197265625,51363200,207.12166748046874,204.8695703125,80.1809584673588,-0.0009180913333470819,1.0535649084350496,0.04046304132061035,1
2017-05-10 00:00:00-04:00,207.58386961040983,208.0000915527344,207.3757520235191,208.0000915527344,54293800,207.24913482666017,204.94629943847656,76.74132583209924,0.0017959799680402622,1.0776385099574384,0.041233226100521166,0
2017-05-11 00:00:00-04:00,207.54916701215808,207.7399381378494,206.49125921749004,207.5751800537109,62358300,207.3167694091797,204.95737518310546,79.17169452618778,-0.002042842846132875,1.0503227390348684,0.04009656844130722,0
2017-05-12 00:00:00-04:00,207.32374862093968,207.61857197770303,206.95955272762168,207.22836303710935,53912700,207.39481506347656,204.98758850097656,65.00894423060613,-0.0016708019547992947,0.9892856893918633,0.0354171707803009,1
2017-05-15 00:00:00-04:00,207.6531998486589,208.49432339778545,207.6358534120865,208.3729248046875,61918900,207.53529052734376,205.03810333251954,64.65620661500489,0.005523190700363667,1.02149480073885,0.03433648524494943,0
2017-05-16 00:00:00-04:00,208.66778439834036,208.69379744200063,207.7919810550454,208.18218994140625,51241800,207.64888916015624,205.09706268310546,63.90760795144974,-0.0009153533908496936,1.0198735763673312,0.030951860520582665,0
2017-05-17 00:00:00-04:00,208.1821718634837,208.1821718634837,204.42746852090303,204.48817443847656,172174100,207.41823120117186,205.09440155029296,36.23725736507342,-0.01774414758519638,0.7123015960548855,0.02632761245324322,1
2017-05-18 00:00:00-04:00,204.4101667229153,206.16178687138373,204.1500230206345,205.3119964599609,107047700,207.24567413330078,205.11581420898438,43.779798361288336,0.00402870250930909,0.5289269967142047,0.0243012346913582,1
2017-05-19 00:00:00-04:00,205.7975334345984,207.3150225035401,205.74550735498167,206.64732360839844,115011400,207.1251434326172,205.15875274658202,48.387037386489865,0.006503892473219031,0.48575160455095556,0.01880219183863847,1
2017-05-22 00:00:00-04:00,207.15897568508672,207.8613676056722,207.0896163849509,207.6966094970703,61010600,207.11300506591797,205.20834564208985,52.97883194845305,0.005077665030205347,0.5300928171427586,0.01803196970916737,1
2017-05-23 00:00:00-04:00,208.06945474087905,208.32093180101464,207.68791246443632,208.1561737060547,48341700,207.16590270996093,205.26505859375,56.118605850468434,0.00221267073207021,0.5954525323727466,0.018576647229121154,1
2017-05-24 00:00:00-04:00,208.39030557898957,208.7458215828506,208.0521095516462,208.6417694091797,46927700,207.23007049560547,205.34719635009765,57.05576397790638,0.002332843145986807,0.6786114817922737,0.019538137328503825,1
2017-05-25 00:00:00-04:00,209.15338258518736,209.91646716338164,208.94527823219389,209.63897705078125,64071700,207.4364501953125,205.41387939453125,57.73298703220262,0.004779520632064216,0.8155803681969473,0.022007732559339275,0
2017-05-26 00:00:00-04:00,209.448217189922,209.76038696768669,209.3701780533452,209.59564208984372,46629900,207.67317810058594,205.4878125,57.68954565015912,-0.00020671232777014215,0.9101408906535084,0.023523006112995157,0
2017-05-30 00:00:00-04:00,209.2747681359558,209.66497700491357,209.11868988095512,209.41351318359372,35201900,207.77723693847656,205.56533416748047,57.73283449192399,-0.0008689536883210724,0.9593259924710082,0.02468960218462071,0
2017-05-31 00:00:00-04:00,209.7083300899503,209.7430229665296,208.6677687273157,209.36148071289065,91796000,207.895166015625,205.64632385253907,56.061750773854946,-0.0002484675888965171,0.9827781003064899,0.025556427056603454,1
2017-06-01 00:00:00-04:00,209.82109333663263,211.04375940473997,209.53493660379107,211.0264129638672,68962000,208.54898986816406,205.8133346557617,63.83885304799866,0.007952428714715465,1.1227676167762013,0.02866984259643303,1
2017-06-02 00:00:00-04:00,211.0784224730804,211.88486651709152,210.78359915869203,211.7287750244141,88666100,209.19066772460937,205.98485504150392,67.54559526373234,0.003328313506741676,1.2756798226376702,0.032462160176596026,0
2017-06-05 00:00:00-04:00,211.5553311743648,211.8414878588244,211.373226654634,211.5726776123047,44698800,209.683203125,206.15758819580077,63.51653253200604,-0.0007372517603778661,1.3684929559205443,0.035413033618344,0
2017-06-06 00:00:00-04:00,211.00905056561416,211.5640175484556,210.8182794248133,210.89633178710935,50375400,210.0031753540039,206.31974365234376,61.01335169366629,-0.003196754102789745,1.3716609237941668,0.03683274674447543,1
2017-06-07 00:00:00-04:00,211.2345492216258,211.51202614281607,210.5668501193405,211.2865753173828,54144300,210.31621551513672,206.4938656616211,87.6923363258895,0.0018504045422060855,1.3896420244144565,0.0383205459223664,1
2017-06-08 00:00:00-04:00,211.3819126201392,211.86750704489805,210.86162531849425,211.3905792236328,65950700,210.59109649658203,206.64058471679687,86.62475544637452,0.0004922409580152554,1.396190012870079,0.03974730747636193,0
2017-06-09 00:00:00-04:00,211.6593792299721,212.4571433508012,209.80370735008688,211.0697326660156,132256400,210.73417205810546,206.77707092285155,80.35708674530647,-0.0015177902383142206,1.3598146087690566,0.040260372957581704,0
2017-06-12 00:00:00-04:00,210.82697520393188,211.07843905502796,210.1766226015077,211.0264129638672,86108100,210.87724914550782,206.8996841430664,76.51955589690718,-0.00020523881658085497,1.3123631950282686,0.040127728675141305,1
2017-06-13 00:00:00-04:00,211.56398384382135,212.11028413557855,211.21713449659887,212.05825805664065,60067000,211.1417236328125,207.0524743652344,78.48113671952424,0.0048896490173016005,1.342542884597549,0.04156207756534602,0
2017-06-14 00:00:00-04:00,212.3270644175641,212.33573102007776,210.9656536300345,211.78944396972656,78602300,211.3845199584961,207.20699798583985,73.72554251565285,-0.0012676426250860517,1.3294444477302534,0.04224604360761865,0
2017-06-15 00:00:00-04:00,210.43673838470636,211.50332610496412,210.15926150737687,211.3819274902344,66464900,211.42007141113282,207.35076934814452,64.4192704651492,-0.0019241585975853237,1.2715233384561486,0.03584122760395657,1
2017-06-16 00:00:00-04:00,211.54133654200493,211.59361632744304,210.5479807307464,211.4280548095703,84553100,211.38999938964844,207.50760284423828,65.15238309136944,0.00021821789536868863,1.2153329297302662,0.029481765270280895,1
2017-06-19 00:00:00-04:00,212.25588038302143,213.24923634067045,212.16002966360008,213.1882476806641,65123800,211.5515563964844,207.68819427490234,74.7533975997168,0.008325256894971433,1.2978734034398656,0.02708042239720093,0
2017-06-20 00:00:00-04:00,212.83097076190907,212.83967962820253,211.733055289874,211.7504730224609,56906400,211.63697052001953,207.84419372558594,63.25682845419219,-0.006744155336164792,1.2330570109233463,0.02406369958331483,0
2017-06-21 00:00:00-04:00,212.14266238565773,212.25593086574636,211.22772590011516,211.69825744628903,55977600,211.67813873291016,207.9967199707031,54.54089799016502,-0.00024659012764682853,1.1640576601582495,0.02113248593343195,0
2017-06-22 00:00:00-04:00,211.7069746380786,212.2036460753738,211.4281312869086,211.60240173339844,44148100,211.6993209838867,208.15218475341797,49.06958037872845,-0.00045279405719678145,1.0890861158221412,0.018433736369414835,1
2017-06-23 00:00:00-04:00,211.66337057155704,212.18618182919283,211.2799676717024,211.8550720214844,66986800,211.7778549194336,208.33056579589845,52.04996931747459,0.0011940804358370194,1.0380925229750915,0.0173641134626926,1
2017-06-26 00:00:00-04:00,212.5259791350665,212.94424402812868,211.7853266502287,211.99444580078125,56700500,211.874658203125,208.53809661865233,58.645478440964446,0.0006578732242139562,0.9974282998852857,0.01593942679041674,0
2017-06-27 00:00:00-04:00,211.77663316835023,212.07290749838717,210.2691748047281,210.2866058349609,82247700,211.69749298095704,208.67574340820312,43.47993059479927,-0.008056059956520034,0.8179642155770068,0.014249346087736755,1
2017-06-28 00:00:00-04:00,211.306090493284,212.3691572493409,211.07081813357175,212.1687469482422,70042600,211.73542327880858,208.8631735229492,54.11880055824046,0.008950361368990079,0.8181792330265694,0.011234876826151003,0
2017-06-29 00:00:00-04:00,212.31688319202652,212.3691629853792,209.09283407414108,210.3040313720703,106949700,211.62763366699218,209.0207669067383,46.516500131201504,-0.008788832488258791,0.6602714744331308,0.012251722137867505,1
2017-06-30 00:00:00-04:00,211.11441868238063,211.48911273716445,210.50446553085283,210.6961669921875,86820700,211.5544448852539,209.15325134277344,48.54378861217532,0.0018646129489710006,0.5603115822745792,0.012699738140304728,1
2017-07-03 00:00:00-04:00,211.6371883445232,212.0728709534037,211.05337524414065,211.05337524414065,39153800,211.34095764160156,209.30588745117188,45.28869074020557,0.0016953713826526329,0.5041053554426753,0.012813399466964484,1
2017-07-05 00:00:00-04:00,211.41939121180263,211.75050102246536,210.6090144760648,211.5413818359375,54427600,211.3200485229492,209.4235397338867,48.86040385319069,0.002312242536904874,0.4932536482339742,0.01257845249612326,0
2017-07-06 00:00:00-04:00,210.77454460559937,210.896535211547,209.4239257780501,209.6069183349609,65400800,211.1109146118164,209.4785678100586,42.848887746834215,-0.009144610308336132,0.3248142975141377,0.014866050166600068,1
2017-07-07 00:00:00-04:00,210.1820849366538,211.11443913804672,209.6156893656552,210.96630859375,57972300,211.04730529785155,209.56338562011717,48.31773986424511,0.006485426481089407,0.29758594597018373,0.01497765186871161,1
2017-07-10 00:00:00-04:00,210.9663055873796,211.56754992071063,210.6613223384201,211.1928558349609,36663300,210.98108367919923,209.6492660522461,41.81568294642909,0.0010738550753484066,0.2909340436780212,0.014939193306576368,0
2017-07-11 00:00:00-04:00,211.1928501487558,211.3497028513064,209.86838417334928,211.0360107421875,50354600,210.88524017333984,209.74102813720702,46.72547656578923,-0.0007426628715886396,0.2698950923882535,0.014934939081751157,1
2017-07-12 00:00:00-04:00,212.00324037282576,212.787464047208,212.00324037282576,212.6219024658203,59610400,211.11876983642577,209.85410278320313,53.71147926962376,0.0075147919923970186,0.37684573708190783,0.015591247546637366,1
2017-07-13 00:00:00-04:00,212.63058514067592,213.09240773141693,212.4040216309671,212.9791259765625,39471600,211.1998077392578,209.97276123046876,55.41827458356301,0.001680088018211734,0.48484090130756385,0.01689246888077238,1
2017-07-14 00:00:00-04:00,212.9791475536164,214.3297666974751,212.88329681963975,213.97250366210935,60262700,211.56665496826173,210.11631622314454,57.87432672599854,0.004664202094885939,0.6431710487495366,0.019914021480875066,0
2017-07-17 00:00:00-04:00,213.89407029991372,214.2774732113337,213.77207967318748,213.94635009765625,33531900,211.89167327880858,210.25449188232423,57.320406261946026,-0.00012222862286270786,0.7578029762334779,0.02220984787613211,1
2017-07-18 00:00:00-04:00,213.53674589342975,214.1118500952116,213.1969140098273,214.0595703125,42742500,212.19229278564453,210.37863067626952,66.07251269797746,0.0005291990949696235,0.8480101960875288,0.023549185345851202,1
2017-07-19 00:00:00-04:00,214.37332610773836,215.22726050346031,214.36460394403892,215.2185516357422,51034300,212.560009765625,210.52664184570312,63.84492618699303,0.005414293420986649,1.0014757850513547,0.02767250887866192,1
2017-07-20 00:00:00-04:00,215.4712009373658,215.5931915422144,214.7653972024576,215.3143615722656,47135200,213.13075408935546,210.68038513183595,77.09676727232525,0.00044517508270192074,1.1179424860413576,0.03105203093987469,0
2017-07-21 00:00:00-04:00,214.73929301643605,215.1488358213816,214.5127295012009,215.1226959228516,82340800,213.54639282226563,210.8228372192383,74.47006287546932,-0.0008901665825467031,1.1811616730626895,0.03338262525313326,0
2017-07-24 00:00:00-04:00,215.04426611662504,215.20982767375511,214.59987453905043,215.07041931152344,46622300,213.93414916992188,210.97274200439452,72.98118807559709,-0.00024300834974144703,1.2130616292491254,0.03525542299976018,1
2017-07-25 00:00:00-04:00,215.81981197407515,215.92438488082624,215.36671146342488,215.59326171875,54915600,214.38987426757814,211.14003997802735,73.08845368641107,0.002431028910903965,1.2659386344816426,0.037522096676282014,1
2017-07-26 00:00:00-04:00,215.8807567349459,215.9156054973058,215.34051449450024,215.60191345214844,47575400,214.68787536621093,211.28461975097656,93.76626385769904,4.01298877779066e-05,1.2936300032456813,0.037930512822371455,0
2017-07-27 00:00:00-04:00,216.06376597515103,216.09861474020028,214.0770406718503,215.40151977539065,70766600,214.93011474609375,211.42900634765624,88.97455563541348,-0.000929461494794448,1.2845974774562592,0.039148549771693734,0
2017-07-28 00:00:00-04:00,214.92227071495785,215.2795337201983,214.469170279804,215.1488342285156,50088400,215.04774780273436,211.64221954345703,84.60431654676327,-0.0011730908265574769,1.242724173141653,0.03803550394805704,0
2017-07-31 00:00:00-04:00,215.5496361685307,215.6454868861101,214.8176924866405,215.02682495117188,65838700,215.15579528808593,211.83651611328125,85.1230923770292,-0.0005670924398973876,1.18602242059265,0.03681228102758783,1
2017-08-01 00:00:00-04:00,215.6280941434117,215.662942910216,214.9832789416926,215.506103515625,55050400,215.30044860839843,212.0136917114258,81.52428793958697,0.0022289245286579717,1.1663150934454904,0.03597221105770756,1
2017-08-02 00:00:00-04:00,215.636781375968,215.7500631246833,214.67827418525408,215.6106414794922,47211200,215.33965759277345,212.17197235107423,80.44407726337201,0.0004850812211896205,1.1459227505652052,0.03536667698624283,0
2017-08-03 00:00:00-04:00,215.49742909548772,215.5235690003776,214.91361572630848,215.1924591064453,40856000,215.3274673461914,212.31269805908204,66.28044782380351,-0.0019395256661608462,1.0835276174038029,0.030019600815862676,1
2017-08-04 00:00:00-04:00,215.6803538936068,215.9156129636254,215.2011002947134,215.58450317382807,60191800,215.37364807128907,212.451552734375,69.91637046326446,0.001821829951712317,1.0535688191066868,0.026803516987136174,1
2017-08-07 00:00:00-04:00,215.65421125932787,215.98532104492188,215.54963837800045,215.98532104492188,31995000,215.46513824462892,212.57847961425782,71.88265076117516,0.0018592146707809842,1.0500644190568096,0.023309739025568363,0
2017-08-08 00:00:00-04:00,215.6716835516543,216.89160330522697,215.07916135682032,215.45384216308597,61719400,215.4511962890625,212.69564361572264,53.118351763021884,-0.0024607176046254065,0.9929550846370319,0.017032512492394968,0
2017-08-09 00:00:00-04:00,214.765419706222,215.4973634120088,214.4081567203093,215.4450836181641,62632600,215.43551330566407,212.81627502441407,51.773404929184665,-4.065160701682835e-05,0.9361968893042842,0.013830352755600411,0
2017-08-10 00:00:00-04:00,214.60854475069056,214.7392575177136,212.35171191080104,212.40399169921875,120479500,215.13576049804686,212.87712524414061,29.19905389218748,-0.014115392506867774,0.6384650801754788,0.015513855374639637,1
2017-08-11 00:00:00-04:00,212.6305685893555,213.3102324736153,212.3952962306565,212.7176971435547,74869900,214.89264678955078,212.91095092773438,32.69160825658825,0.001476928196246785,0.4229483981535225,0.017792502547180965,1
2017-08-14 00:00:00-04:00,213.9985911596728,215.04422681319684,213.96374239947943,214.82638549804688,73291900,214.8726028442383,212.97290313720703,45.42563493912739,0.009913083785732857,0.41749082771801227,0.017234289208094656,0
2017-08-15 00:00:00-04:00,215.20985108309884,215.2272821162668,214.4953382750044,214.80030822753903,55242700,214.8020233154297,213.0374557495117,45.22839817906344,-0.00012138765192826195,0.4063769851115637,0.016752847449794,1
2017-08-16 00:00:00-04:00,215.32308778635704,215.72392168942733,214.74798347603095,215.17495727539065,56715500,214.75845489501953,213.12302825927733,48.67878257217401,0.0017441736976222533,0.42292501554635464,0.01674606897440481,0
2017-08-17 00:00:00-04:00,214.5650455086712,214.8787376205136,211.8202362060547,211.8202362060547,128490400,214.42123260498047,213.13370147705078,35.74603274172431,-0.015590666831375,0.1634572616032699,0.021415284985035244,0
2017-08-18 00:00:00-04:00,211.6546687551769,212.7787376647181,211.04471558130828,211.48912048339844,136748000,214.0116943359375,213.1356723022461,35.1171195460295,-0.0015631921132130966,-0.06810599086151115,0.025604110600195323,1
2017-08-21 00:00:00-04:00,211.42808236993656,211.916044825604,210.72227858256187,211.65463256835935,65469700,213.57862548828126,213.14737030029298,33.357772614466825,0.0007826033064139981,-0.23555081161779867,0.02849948635323913,1
2017-08-22 00:00:00-04:00,212.23844063909527,214.0247287674596,212.22100961119543,213.86788940429688,63140100,213.42003021240234,213.20419982910155,43.63033844595723,0.010456926026519708,-0.1874993331427106,0.028230480115241468,0
2017-08-23 00:00:00-04:00,212.90072492052627,213.52810911682877,212.75259438750788,213.10113525390625,50203800,213.18563537597657,213.22505737304687,42.54625112711466,-0.0035851765897457755,-0.2088809921105792,0.02828194182387248,0
2017-08-24 00:00:00-04:00,213.4845359909229,213.6413753903961,212.39532917464268,212.60446166992188,50741700,213.20568237304687,213.24135772705077,39.45737605804144,-0.0023306942189331714,-0.26287327871824573,0.028728400492248275,1
2017-08-25 00:00:00-04:00,213.39739631994303,214.0160716481792,212.95300472088783,213.10113525390625,64445900,213.24402618408203,213.2757418823242,39.86522569976909,0.0023361390446992036,-0.26255853612755686,0.028734997121534447,1
2017-08-28 00:00:00-04:00,213.6326898914543,213.6588297942259,212.69161350372715,213.10987854003903,40565600,213.07237548828124,213.3093783569336,41.449395723306154,4.102881067424846e-05,-0.2586223527410709,0.028689013132620938,1
2017-08-29 00:00:00-04:00,211.79406930882632,213.61521978067924,211.6807875535501,213.35382080078125,51135700,212.92772674560547,213.31268981933593,42.49992065029543,0.0011446783340753885,-0.23313140361563,0.027988701505468627,1
2017-08-30 00:00:00-04:00,213.3363887339727,214.63472794374303,213.15339615295224,214.36459350585935,62030800,212.84669036865233,213.3649722290039,58.23001775516304,0.004737542085182067,-0.1298716532847095,0.027034219316388566,1
2017-08-31 00:00:00-04:00,214.98328073343416,215.89821709745064,214.3994674887333,215.65423583984372,103803900,213.23009033203124,213.444091796875,61.39321814352018,0.006016116341289068,0.05538733049223765,0.027532970772892525,1
2017-09-01 00:00:00-04:00,216.02890882571083,216.38617183149577,215.81106747525385,215.95919799804688,62007000,213.6770980834961,213.53122772216796,55.11035728446182,0.001414125519100029,0.22422952891497516,0.02801177880222379,0
2017-09-05 00:00:00-04:00,215.4538084497364,215.68037196782495,213.4409564616852,214.40817260742188,91398800,213.95245208740235,213.5822897338867,48.44494842715855,-0.0071820297769351615,0.23022945915170112,0.026539327477399868,1
2017-09-06 00:00:00-04:00,215.087856916086,215.47125986359848,214.5563234290314,215.14013671875,57916900,214.07967681884764,213.6452035522461,49.86572110473507,0.0034138815812227996,0.2906968611337106,0.026203796344248475,0
2017-09-07 00:00:00-04:00,215.44512156039065,215.46255259340205,214.7044555612036,215.11399841308597,58034700,214.2809631347656,213.7417514038086,67.08883407063553,-0.00012149432487440492,0.33267371452947714,0.0258451565943321,0
2017-09-08 00:00:00-04:00,214.82635926156212,215.32304378151437,214.61724013398404,214.86122131347656,63832800,214.5066390991211,213.79560089111328,67.63865476464127,-0.001175084380719782,0.34160585423506973,0.02554475182856066,1
2017-09-11 00:00:00-04:00,216.13347536577143,217.2314043167902,216.1160576302813,217.15298461914065,71364800,214.91182403564454,213.9325799560547,73.52721489068875,0.010666249086988433,0.5275297504193759,0.028443116559108465,1
2017-09-12 00:00:00-04:00,217.51897681128983,217.91979750068376,217.3359842037092,217.88494873046875,56896000,215.3893310546875,214.0763555908203,69.68414095071749,0.0033707301449799054,0.7255751850809133,0.03247966944127122,1
2017-09-13 00:00:00-04:00,217.5973901437725,218.0243640183016,217.48410837592183,217.989501953125,59228000,215.85289916992187,214.215078125,75.61608653517091,0.00047985518625970336,0.8808107521064414,0.03601297971237519,0
2017-09-14 00:00:00-04:00,217.66707917181387,218.12019290184045,217.49280875133616,217.91976928710935,95446300,216.2084167480469,214.34264587402345,79.15803113145297,-0.0003198900194315568,0.9868336104402147,0.03879504103707103,1
2017-09-15 00:00:00-04:00,217.77525942660515,218.3006651951571,217.67018094528743,218.21310424804688,95432400,216.46430358886718,214.51476959228515,78.68245857961804,0.0013460686100077446,1.082053925272902,0.039716371899257044,1
2017-09-18 00:00:00-04:00,218.58091968648296,219.0275166500128,218.29194046468183,218.67724609375,46235200,216.7361083984375,214.66898834228516,79.7188921849876,0.0021270117910769937,1.181351197516733,0.039835137918985804,1
2017-09-19 00:00:00-04:00,218.92241830287983,218.98372299374736,218.57214777838084,218.89614868164065,47108100,217.18490600585938,214.82305419921875,79.66453016582372,0.001001030476654119,1.2631478286789388,0.039396083496413034,1
2017-09-20 00:00:00-04:00,218.9837562944486,219.08883479538468,217.97670499993535,218.97499084472656,59574100,217.56839141845703,214.98183380126954,77.41104363493179,0.0003601806772790539,1.3191280646370558,0.04101553786449796,0
2017-09-21 00:00:00-04:00,218.81735266306487,218.90491361834765,218.21312461516493,218.3882598876953,48211400,217.89581756591798,215.09716094970702,67.7376627233579,-0.0026794427745737703,1.3011496766970367,0.040470047040661906,1
2017-09-22 00:00:00-04:00,218.09056461534425,218.59846634295977,218.0642949882233,218.4320831298828,51214000,218.2529037475586,215.20622009277344,66.60614270402745,0.0002006666576768179,1.2757319997481886,0.03851443055484563,0
2017-09-25 00:00:00-04:00,218.17812647379512,218.5284104401121,217.24114525807704,217.9854736328125,57064400,218.33615264892578,215.2864794921875,78.20646707508962,-0.0020446149241032385,1.205652640551932,0.03622123142045062,1
2017-09-26 00:00:00-04:00,218.4145067812101,218.65969880962976,217.8803355703037,218.1167755126953,54082000,218.35933532714844,215.3698880004883,75.92612774010718,0.0006023423382055526,1.1474817525050298,0.03324620661711758,1
2017-09-27 00:00:00-04:00,218.81736664054645,219.35153794116275,217.93291141052936,218.9662322998047,81001400,218.4570083618164,215.46802124023438,79.34393989408878,0.003894504607051319,1.1565924898729918,0.03051470640631966,1
2017-09-28 00:00:00-04:00,218.68599089762515,219.3077364805443,218.5984299424583,219.2289276123047,44778800,218.58792419433593,215.54822875976564,83.22029413403123,0.001199706958195934,1.1715057421997415,0.02908426451723992,1
2017-09-29 00:00:00-04:00,219.22016365284557,220.07834920827895,219.0362762923704,219.99952697753903,85578000,218.76656646728514,215.6419320678711,78.16859086832123,0.0035150441760911644,1.2313117354977976,0.029894323980812473,1
2017-10-02 00:00:00-04:00,220.22720123467556,220.9540252685547,220.05205261005767,220.9540252685547,59023000,218.99424438476564,215.75855865478516,79.08954433828794,0.004338637924040212,1.340278554196999,0.03191512168805757,1
2017-10-03 00:00:00-04:00,220.95405904154,221.45319528449488,220.87523680362835,221.4269256591797,66810200,219.24732208251953,215.88568878173828,80.45433775756545,0.0021402660125797723,1.4481018358579263,0.03138062008456323,1
2017-10-04 00:00:00-04:00,221.2780457190068,221.9348130334467,221.16420177534167,221.6896209716797,55953600,219.51878509521484,216.00761596679686,82.29530225906734,0.0011863747451579254,1.537031932334628,0.03146242510183279,1
2017-10-05 00:00:00-04:00,222.02239213892577,223.0206780039925,221.7246608055824,223.003173828125,63522800,219.98027648925782,216.1556411743164,84.92958937520585,0.005925188787314184,1.693975319178577,0.03277810751773973,0
2017-10-06 00:00:00-04:00,222.55652322994743,223.03815521855543,222.2938270197648,222.74917602539065,80646000,220.4119857788086,216.3025942993164,80.63164612756927,-0.0011389873891665125,1.7773701671239053,0.03129535493350698,0
2017-10-09 00:00:00-04:00,222.9768234692996,223.0381147865768,222.118638131727,222.38134765625,35803100,220.85157318115233,216.44724456787108,75.64331135820645,-0.0016513119182031133,1.7931106462706907,0.03213384626812945,1
2017-10-10 00:00:00-04:00,222.95062021490847,223.3446779380046,222.4076834727646,222.96812438964844,43057400,221.33670806884766,216.60607055664062,77.33724720040114,0.0026386058884104724,1.8318170215283658,0.03398791315631473,1
2017-10-11 00:00:00-04:00,222.87177959620632,223.31838989257807,222.70540977810776,223.31838989257807,47674300,221.771923828125,216.7623162841797,84.88134334320057,0.0015709218700585836,1.8692085291972376,0.03573506550941845,0
2017-10-12 00:00:00-04:00,223.00317427615025,223.3534448617325,222.74921674393173,222.98565673828125,47065100,222.14759674072266,216.90981658935547,80.95179815672648,-0.0014899496385267774,1.8506595325358433,0.03621101630640946,1
2017-10-13 00:00:00-04:00,223.42353960517437,223.5373835777126,222.98569461783475,223.2571563720703,54800400,222.47335968017578,217.07111053466798,86.70678557844177,0.0012175654603099328,1.8366947961656308,0.03674713179054965,1
2017-10-16 00:00:00-04:00,223.4847966633841,223.7474929101981,223.1432781805601,223.55484008789065,38221700,222.7334411621094,217.2305172729492,87.00781923344576,0.0013333669596875541,1.8285696176941428,0.037554999094222746,1
2017-10-17 00:00:00-04:00,223.502293026835,223.7562505391668,223.28337058749773,223.71246337890625,31561000,222.96199493408204,217.38506011962892,85.65726273314058,0.0007050766199185876,1.8139392746684848,0.0382153508703375,1
2017-10-18 00:00:00-04:00,224.08904477352044,224.13283194183396,223.73877415094796,223.93142700195312,40888300,223.18617553710936,217.55461181640624,85.56239455895413,0.0009787725714502926,1.7992722661630296,0.03867062139343787,1
2017-10-19 00:00:00-04:00,223.15200590052171,224.02769559285423,222.73167858955216,223.9926605224609,61903800,223.28512420654297,217.72556335449218,83.82720198547156,0.0002734476412158404,1.7721612182159276,0.037862663196849285,1
2017-10-20 00:00:00-04:00,224.78955032052585,225.1748559155403,223.9751519743428,225.1485595703125,89176400,223.52506256103516,217.98045471191406,84.36085188083332,0.005160432690765271,1.822933270300041,0.03777411833012701,0
2017-10-23 00:00:00-04:00,225.4726055845872,225.4988752080291,224.1940793132681,224.27288818359372,63915300,223.71421661376954,218.21155853271483,71.87040489675316,-0.0038893048589339063,1.7720836475473618,0.0347746736494705,1
2017-10-24 00:00:00-04:00,224.70196622052663,224.90335773374272,224.3078951942681,224.66693115234372,66935900,223.88409729003905,218.4083694458008,72.42703091631752,0.0017569799539365327,1.743483141216359,0.031159390224985324,0
2017-10-25 00:00:00-04:00,224.3342034646924,224.44804741295565,222.425206140693,223.55484008789065,103715300,223.90774230957032,218.58346008300782,54.285578815106646,-0.004949954400271683,1.6124927662574748,0.027220900114574877,1
2017-10-26 00:00:00-04:00,224.1678711734708,224.43931955331985,223.72126075515547,223.84385681152344,69798000,223.99356231689453,218.75683807373048,58.45792905058885,0.0012928224838215652,1.5145444588015948,0.02275584826127271,1
2017-10-27 00:00:00-04:00,224.58816442841805,225.8316557049051,223.8525882021322,225.67401123046875,85562500,224.23524780273436,219.03391357421876,70.75124052775365,0.00817603147575463,1.5665397902685356,0.02108424053070189,0
2017-10-30 00:00:00-04:00,224.5881666867543,225.57770044809092,224.5356274360579,224.83335876464844,54285700,224.36309967041015,219.30079833984374,61.3907018178161,-0.0037250743283939736,1.5223639724604823,0.01925808182110201,1
2017-10-31 00:00:00-04:00,225.2099091529033,225.437597065505,224.8859081843137,225.1836395263672,60304800,224.51021728515624,219.5713784790039,61.39077377236208,0.0015579572517323559,1.4983470366800589,0.018101597079077714,1
2017-11-01 00:00:00-04:00,225.96298388357675,226.30448897952348,225.11356378226472,225.48133850097656,54202700,224.6652084350586,219.8036474609375,65.30621412247827,0.0013220275470968712,1.4862032355481745,0.017200500740804897,1
2017-11-02 00:00:00-04:00,225.41132145395284,225.7090527881011,224.34297879662896,225.5689392089844,56449500,224.82283630371094,220.05300354003907,64.505554055581,0.00038850535742884773,1.4667401631002122,0.017916961483896005,1
2017-11-03 00:00:00-04:00,225.72653215758763,226.36579528131784,225.3149569153917,226.322021484375,59589700,224.9401824951172,220.32735473632812,66.42436910860098,0.0033385903131497585,1.494851268898941,0.01916912718176471,1
2017-11-06 00:00:00-05:00,226.1906720647358,226.80366563440188,226.12062863696988,226.6723175048828,49652600,225.18012542724608,220.59877838134764,67.17513453974932,0.001547777004687001,1.5277841395350151,0.019838614764822023,0
2017-11-07 00:00:00-05:00,226.7773904664856,227.11015686909025,226.0067791602289,226.5146942138672,57502200,225.36490173339843,220.86687469482422,65.09739014737393,-0.0006953795361986925,1.5236016629490905,0.02042757991637751,1
2017-11-08 00:00:00-05:00,226.33952060169227,226.9962878847408,226.05929348051524,226.8999481201172,50469600,225.69941253662108,221.13779724121093,66.37103509429186,0.0017007899094010348,1.5336943172570159,0.021535658595443413,0
2017-11-09 00:00:00-05:00,225.6915071533323,226.2694655395448,224.4917898632673,226.07681274414065,95085500,225.9227081298828,221.37204162597655,55.430540429558704,-0.003627745985824493,1.458460448705182,0.020668330048722965,0
2017-11-10 00:00:00-05:00,225.6915241676346,226.18190827946347,225.37626196778476,226.0067596435547,59984700,225.95598297119142,221.5790921020508,61.19929905206481,-0.0003098641551765313,1.3773076211753335,0.019762690229482707,1
2017-11-13 00:00:00-05:00,225.32370983191615,226.4445915553938,225.28867476195268,226.21690368652344,50228600,226.0943374633789,221.7842462158203,60.25509781711087,0.0009298130874499932,1.3147941600577155,0.01912283275933893,0
2017-11-14 00:00:00-05:00,225.4113011872742,225.79660681421927,224.63192448424843,225.6915283203125,61315200,226.14512634277344,222.00991333007812,65.32694117904586,-0.0023224407975230843,1.2089226822757269,0.01809792189904601,0
2017-11-15 00:00:00-05:00,224.7195226648228,225.2449419140767,223.8525982741104,224.56190490722656,80811500,226.05318298339844,222.19834869384766,54.596405547958575,-0.0050051653311626865,1.0220856375875371,0.017450265348504322,1
2017-11-16 00:00:00-05:00,225.50759174159677,226.83865712881288,225.4638179481447,226.47085571289065,67777000,226.14337463378905,222.42548583984376,55.04985843145159,0.008500777576021745,1.0163366139949233,0.016989098283519587,0
2017-11-17 00:00:00-05:00,226.1206058309116,226.4446067590248,225.72653475816676,225.8053436279297,75756800,226.09170684814453,222.64436828613282,56.299620638229655,-0.002938621320019541,0.9471609264654148,0.016972166284048074,1
2017-11-20 00:00:00-05:00,226.0505107248069,226.3832503019722,225.80529199859464,226.1905975341797,48075500,226.0435348510742,222.8251205444336,56.49683585427992,0.0017061328136007692,0.9129020991107666,0.016331990282896672,1
2017-11-21 00:00:00-05:00,226.9612714170117,227.8544920984872,226.15565178250472,227.6705780029297,69176800,226.15912322998048,223.02083312988282,62.255193385267106,0.006543068035913313,0.9937188147974325,0.017725758991159288,0
2017-11-22 00:00:00-05:00,227.67938005238835,227.81072819609295,227.3028397991232,227.4692230224609,45033400,226.21605072021484,223.21042755126953,60.50386714236275,-0.0008844137096458704,1.029649817935649,0.01639341565980756,1
2017-11-24 00:00:00-05:00,227.9596052920629,228.0997188854614,227.81949169866428,227.9946136474609,27856500,226.40783081054687,223.41192443847658,59.484022128663696,0.002309721807719489,1.0879784905603742,0.015773640768697115,0
2017-11-27 00:00:00-05:00,228.0383397655632,228.3360710329056,227.67930381037564,227.88072204589844,52274900,226.59522705078126,223.6052767944336,57.04071834992883,-0.0004995363694800803,1.1121936078419026,0.016999755526009148,1
2017-11-28 00:00:00-05:00,228.34488846422596,230.21885080268228,228.2485486865476,230.1925811767578,98971700,226.9927947998047,223.83558349609376,67.12911111742793,0.010145040397027127,1.302912805805164,0.021962740335408633,0
2017-11-29 00:00:00-05:00,230.32395197028413,230.85813671522288,229.6059065497149,230.052490234375,77512100,227.42889099121095,224.05871032714845,65.02553406262855,-0.0006085814828030722,1.4263133238392243,0.025164141349312597,1
2017-11-30 00:00:00-05:00,230.9719466049266,232.97725697448604,230.893137731025,232.06655883789065,127894400,228.17935638427736,224.3205416870117,75.63763614181453,0.008754822003725016,1.6674067998006592,0.03198787981904155,0
2017-12-01 00:00:00-05:00,231.84759230507865,232.32921090642964,228.3448338256494,231.5848693847656,164390900,228.69075775146484,224.58447387695313,73.06302907490948,-0.0020756521557314667,1.7988705433980101,0.03573801602339018,0
2017-12-04 00:00:00-05:00,233.20493454568205,233.6340139703488,231.25213678791715,231.30470275878903,94040600,229.24069366455078,224.84192626953126,70.91470880460818,-0.0012097794934567974,1.859019779262212,0.03847482687890314,0
2017-12-05 00:00:00-05:00,230.4727935791016,232.18913805211625,230.34144545788917,230.4727935791016,77994500,229.66891326904297,225.09167266845702,69.17146853283765,-0.0035965943180800153,1.8185967129213907,0.03972242804273205,1
2017-12-06 00:00:00-05:00,230.56915608104308,230.94572307452924,230.0525022108374,230.51661682128903,75898600,229.9535171508789,225.3396694946289,76.15399875076717,0.00019014496898694944,1.7696973416559842,0.040590586552257,1
2017-12-07 00:00:00-05:00,231.2434234619141,231.55865897818853,230.2538896626083,231.2434234619141,77218600,230.33093719482423,225.58521331787108,73.39081792143095,0.003152946848896887,1.7691972546841441,0.04209229119267275,1
2017-12-08 00:00:00-05:00,232.19788253468707,232.513117997132,231.2083489043539,232.5043792724609,76563900,230.78191375732422,225.8507223510742,81.02197827045478,0.00545293695997584,1.8492327240839188,0.04409307037686673,1
2017-12-11 00:00:00-05:00,233.2049560546875,233.2662607564171,232.4781452556727,233.2049560546875,83077500,231.31433715820313,226.1148309326172,81.56048624622909,0.0030131767170098467,1.9467511659384513,0.046155002630475575,1
2017-12-12 00:00:00-05:00,233.99308686795445,234.0894266518244,233.2400063937643,233.61654663085935,85195800,231.65673370361327,226.36808135986328,79.59909153747402,0.001764930656428021,2.033802741377343,0.0480368123911693,0
2017-12-13 00:00:00-05:00,233.8617327157565,234.29957764733308,233.50269666499167,233.59027099609372,102905400,232.01051177978516,226.61134826660157,81.01119235104326,-0.00011247334636421691,2.0767322413965985,0.04826512977919972,0
2017-12-14 00:00:00-05:00,233.88803347992905,234.00187745312425,232.58326396178728,232.63580322265625,100666700,232.06743621826172,226.83027191162108,72.53404573411541,-0.004086076741841027,2.010560121406428,0.04451648710671224,1
2017-12-15 00:00:00-05:00,233.6400700336903,235.0395307180181,233.587262223756,234.5730438232422,144610300,232.3662536621094,227.06166931152345,77.60512389286968,0.008327353630652512,2.090341213524624,0.04500095521185466,1
2017-12-18 00:00:00-05:00,235.9724486318288,236.41253151743064,235.8668330369688,236.0604705810547,83653600,232.84183044433593,227.3278952026367,75.97080362955631,0.006340996107520924,2.2476813408669614,0.04543128948272668,0
2017-12-19 00:00:00-05:00,236.3068998205633,236.3508973619144,235.0834565889025,235.1538848876953,82382900,233.3099395751953,227.58334594726563,71.14377832504225,-0.0038404807510882266,2.2730186919826565,0.04346188278944988,0
2017-12-20 00:00:00-05:00,236.1220824814556,236.1748902835174,234.73143225961104,235.0306854248047,76751500,233.76134643554687,227.82459716796876,64.56900547339873,-0.000523909961978597,2.2571386687004633,0.04252658281837834,1
2017-12-21 00:00:00-05:00,235.6556460733176,236.2277754856076,235.2683708683224,235.5148162841797,67032300,234.18848571777343,228.0685256958008,69.31148298164965,0.0020598623473353506,2.2575948025611012,0.040742327977918984,0
2017-12-22 00:00:00-05:00,235.5323519502944,235.56756610002768,234.91622520232931,235.45314025878903,78720900,234.48336181640624,228.31787536621093,70.8324649052905,-0.0002618774749025832,2.2273045714799196,0.03856114028855683,0
2017-12-26 00:00:00-05:00,235.04822692820343,235.3915044259816,234.9074240609614,235.1714630126953,45244400,234.68001251220704,228.55616149902343,74.97582973753373,-0.0011963197678490634,2.1557205409275753,0.034507970043140684,1
2017-12-27 00:00:00-05:00,235.33878803546543,235.64685150581536,235.0131309150083,235.28598022460935,57751000,234.846955871582,228.7907843017578,75.16249579370577,0.00048695199003745415,2.08420484681929,0.03357769166542608,1
2017-12-28 00:00:00-05:00,235.7876552987385,235.8140592012562,235.4003801547917,235.77003479003903,45116100,235.0649322509765,229.03193572998046,74.50957064297799,0.002057303052938275,2.0430364495685183,0.03223867899642331,0
2017-12-29 00:00:00-05:00,236.350992664706,236.36858631623545,234.6874927671906,234.881103515625,96007400,235.2894622802734,229.2509292602539,63.40910773532535,-0.003770331862595122,1.916587644081801,0.03203789028148657,1
2018-01-02 00:00:00-05:00,235.7436773419188,236.5974395056034,235.3564021216576,236.56222534179688,86655700,235.48838043212885,229.50232055664063,67.05427678493936,0.007157331096496744,1.9297831969240633,0.03264516698692454,1
2018-01-03 00:00:00-05:00,236.7293822301692,238.20808116432923,236.7293822301692,238.05844116210935,90070400,235.68817749023432,229.76051818847657,70.3243472699703,0.006324829833464163,2.037486009495808,0.03440889443215738,1
2018-01-04 00:00:00-05:00,238.7009842596132,239.54593593694952,238.12007158752897,239.06182861328125,80636400,236.0789718627929,230.05629699707032,72.98079166143313,0.004214878692281321,2.1786916449717353,0.0354283628527048,1
2018-01-05 00:00:00-05:00,239.8540140825513,240.77817751822772,239.36112333545296,240.65496826171875,83524000,236.64140014648433,230.37605773925782,81.96591885046692,0.006664132277740764,2.3915825091661986,0.038034897340745395,1
2018-01-08 00:00:00-05:00,240.55805572470305,241.25339406310965,240.26761289806453,241.094970703125,57319200,237.19941558837886,230.7268603515625,79.5214907827578,0.0018283538652221765,2.5662227541126015,0.040695454584034736,1
2018-01-09 00:00:00-05:00,241.51754145665623,242.2656879177006,241.23588189429276,241.64077758789065,57254000,237.81817932128905,231.08279876708986,77.61312584471598,0.002263866737550968,2.717344603449476,0.0443519325298153,0
2018-01-10 00:00:00-05:00,240.88369060249263,241.53503134578213,240.21478307929016,241.27096557617188,69574300,238.42812957763672,231.3947378540039,81.96744318825186,-0.0015304205499184764,2.775277349391672,0.04664090928684632,1
2018-01-11 00:00:00-05:00,241.8255796096332,243.03140258789065,241.65834594076944,243.03140258789065,62361500,239.20267181396486,231.75869873046875,85.70183501855449,0.0072965141392571375,2.9294728823394394,0.05098874791912955,1
2018-01-12 00:00:00-05:00,243.2954282558476,244.78288366057575,242.99614826380247,244.6156768798828,90816100,240.0872360229492,232.14733947753905,86.98017420116464,0.00651880487509926,3.1432778971743573,0.056398737463996505,0
2018-01-16 00:00:00-05:00,245.87429390496845,246.5256079282304,243.084156814638,243.7794952392578,106555100,240.9770751953125,232.5133026123047,81.8296464461458,-0.0034183485346918063,3.2082641694062772,0.05729548460022113,1
2018-01-17 00:00:00-05:00,244.7124689067845,246.4903939539756,243.7794954120626,246.1031188964844,113258800,241.93116455078126,232.92398620605468,86.1460560664297,0.009531661614714748,3.4079782166669474,0.06261055837742897,0
2018-01-18 00:00:00-05:00,245.9887826104511,246.41124506409105,245.19661178881137,245.6895294189453,100728000,242.69427337646485,233.3113363647461,83.73268236884306,-0.0016805535801155402,3.492619084925991,0.06670707171205574,1
2018-01-19 00:00:00-05:00,246.2703816440793,246.8072967529297,245.6894958496924,246.8072967529297,140920100,243.46882019042968,233.71403594970704,84.37480396983645,0.0045495114774645184,3.6082978535387724,0.07028256697681548,1
2018-01-22 00:00:00-05:00,246.5960786362487,248.8140869140625,246.5432439734275,248.8140869140625,91322400,244.28473205566405,234.16002380371094,90.56854754868046,0.008131000126555099,3.8178949887697797,0.07507052899513578,1
2018-01-23 00:00:00-05:00,248.85808626496785,249.63263651822,248.532429194971,249.3421936035156,97084700,245.1094543457031,234.6088687133789,89.88969642704026,0.002122495136842817,3.980728662667616,0.07906923504375926,0
2018-01-24 00:00:00-05:00,249.98465151374285,250.5831846015145,248.0658967414108,249.2453155517578,134816100,245.86990814208986,235.07223876953125,88.2593362230109,-0.0003885345290248754,4.055212310023791,0.0809562617641142,1
2018-01-25 00:00:00-05:00,250.1078321533244,250.2046374654493,248.55873227517063,249.3508758544922,84587300,246.6778991699219,235.53912109375,87.49114572387097,0.00042351970587972687,4.075775963184526,0.08087697934890503,1
2018-01-26 00:00:00-05:00,250.1871253122653,252.28192418600324,249.93186971272263,252.23789978027344,107743100,247.59854888916016,236.059541015625,88.56900716304266,0.011578158351711387,4.27574340104303,0.08290943877639997,0
2018-01-29 00:00:00-05:00,251.66577415032685,252.1058570038169,250.4071436358713,250.5655670166016,90118300,248.19353790283202,236.5570217895508,79.1435528872386,-0.006629982112635102,4.250281162935067,0.08111973252292728,0
2018-01-30 00:00:00-05:00,248.73491115060395,250.6184523790427,247.52027780134625,247.99557495117188,131796400,248.61514587402343,237.0256951904297,67.3890895851182,-0.010256764710449784,3.9768822513582336,0.07367784274947203,1
2018-01-31 00:00:00-05:00,248.84932718998903,249.35100136441292,247.04497088721436,248.1187744140625,108364800,248.81671142578125,237.45865356445313,68.99451129907156,0.0004967808918159289,3.727188106833694,0.06719866765927772,0
2018-02-01 00:00:00-05:00,247.3882917580445,249.1398136987308,247.04501408656293,247.837158203125,90102500,249.0314743041992,237.89928985595702,64.5215875767691,-0.0011350056504291217,3.4666186023384284,0.06140116193202446,0
2018-02-02 00:00:00-05:00,246.5168415239415,246.6488878909768,242.4064820117474,242.4416961669922,173174800,248.59491424560548,238.22431182861328,44.66065552882273,-0.021770190052416316,2.792555852602618,0.05723923031618161,0
2018-02-05 00:00:00-05:00,240.68136600719663,242.79375870651555,231.75647126237143,232.3021697998047,294681800,246.9437225341797,238.3169436645508,30.65280308494188,-0.04182253518059642,1.4237689071068473,0.07393630503079113,1
2018-02-06 00:00:00-05:00,228.7902876542572,237.3807139865376,227.6988907174772,236.87901306152344,355026800,245.69740447998046,238.50513946533204,35.54880780431452,0.019702111545763845,0.7002365016605836,0.07902485846476699,0
2018-02-07 00:00:00-05:00,236.3245352502693,239.72196260327064,235.51477083413027,235.5940093994141,167376100,244.33227386474613,238.6571273803711,34.60396431280746,-0.005424725666919206,0.022879065639472174,0.08593665295625501,0
2018-02-08 00:00:00-05:00,235.8932514181772,236.03408117347925,226.72191170053435,226.7571258544922,246449500,242.07289886474615,238.63465545654296,25.2498916953909,-0.037508948412776966,-1.2130113914151934,0.10871371475164723,1
2018-02-09 00:00:00-05:00,229.54721856312065,232.0204821901741,222.6115215341133,230.1633453369141,283565300,239.8654434204102,238.6340707397461,27.74621367290753,0.01502144406525785,-1.8957569316332865,0.12083626596011092,1
2018-02-12 00:00:00-05:00,232.2141386358816,235.0130863835661,230.3041938305799,233.54319763183597,143736000,238.1632064819336,238.70388488769532,32.35001218824105,0.014684581030808497,-2.1394496141849686,0.1266801071461767,1
2018-02-13 00:00:00-05:00,232.33742482464623,234.66985940002604,231.75651202955515,234.1241607666016,81223600,236.77606506347655,238.74503692626953,33.288025147729456,0.0024876046087263237,-2.2596510998588712,0.13119448560016275,1
2018-02-14 00:00:00-05:00,232.63664543929076,237.6447915281146,232.6278351849752,237.28392028808597,120735700,235.6925796508789,238.85901794433593,37.5069509390087,0.013496084774583972,-2.076014454728721,0.13218369514775838,1
2018-02-15 00:00:00-05:00,239.0266414316785,240.3204862790797,236.56216098587512,240.31167602539065,111200300,234.94003143310547,239.03915740966798,37.6885280142194,0.01276005442605932,-1.6669509337194768,0.13181503456141494,1
2018-02-16 00:00:00-05:00,239.6866771150084,242.32717363382983,239.64265272338295,240.38198852539065,160420100,234.73406066894532,239.23734130859376,39.127865132883265,0.00029258877955040674,-1.3218540049091985,0.13074228983000277,0
2018-02-20 00:00:00-05:00,239.4315076673359,240.8749925095738,238.08485503306727,238.8769989013672,86369700,235.39154357910155,239.4045489501953,40.03834668510545,-0.006260825252572988,-1.1564712072744214,0.1283158766240417,0
2018-02-21 00:00:00-05:00,239.31707860169556,241.7991526348577,237.59196113335105,237.6887664794922,98883700,235.47251892089844,239.53345581054688,38.86478077070319,-0.0049742437628564895,-1.1085064028124236,0.12509954849208318,1
2018-02-22 00:00:00-05:00,238.61295297407747,240.32926016216408,237.3279184312155,237.996826171875,110511300,235.71280059814453,239.64330474853514,39.50025529077099,0.001296063322409502,-1.0337200261029693,0.12096467412374212,1
2018-02-23 00:00:00-05:00,239.22027509271825,241.79034423828125,238.74497803025363,241.79034423828125,92766400,237.21612243652345,239.81501251220703,49.280400050842495,0.015939364097513842,-0.6607296000092617,0.11578687286540554,1
2018-02-26 00:00:00-05:00,242.8641254019329,244.69488517707467,242.27442939994543,244.5980529785156,86491400,238.6595932006836,240.03464263916015,66.21031773971288,0.011612162384232239,-0.13699418604241487,0.10693236764497777,0
2018-02-27 00:00:00-05:00,244.78298062422215,245.4959398753041,241.4823577566885,241.54397583007807,99099200,239.4596710205078,240.19371673583984,56.40732874521783,-0.01248610572017017,0.031270929139367354,0.09802080093078859,0
2018-02-28 00:00:00-05:00,242.64411317159696,243.0930063469333,238.78019908798584,239.0970458984375,121907800,239.95695953369142,240.32294158935548,54.662600934165226,-0.010130370352775642,-0.0324504814803106,0.09130381546736044,0
2018-03-01 00:00:00-05:00,238.88581486369563,240.434915343989,234.1241144259789,235.6204071044922,176855100,239.79060821533204,240.34388885498046,63.76071502349108,-0.01454070158366616,-0.35934356474231777,0.08342221826717286,1
2018-03-02 00:00:00-05:00,233.94807897529424,237.398341026059,233.0855336080012,236.83502197265625,139083200,239.44294281005858,240.3593798828125,61.11449196449948,0.005154964644575211,-0.5144689417493851,0.07340118273667537,1
2018-03-05 00:00:00-05:00,235.6468248058552,240.188484048624,235.5411823355784,239.5723571777344,97307400,239.36197967529296,240.44774932861327,60.26383340840408,0.011557983199774302,-0.41178010177148394,0.07113329882125102,1
2018-03-06 00:00:00-05:00,240.5493115906557,240.6285501529497,238.68336432101543,240.17965698242188,79213200,239.49224548339845,240.55072875976563,60.29943262065307,0.0025349327102748287,-0.27818766321806265,0.06933177944085418,0
2018-03-07 00:00:00-05:00,238.0144203523208,240.44365941854787,237.82078282394883,240.0915985107422,87063500,239.73252868652344,240.64226440429687,55.33261460525014,-0.00036663584579155195,-0.1773756004031668,0.06994785308009556,1
2018-03-08 00:00:00-05:00,240.7693564135305,241.37667299607364,239.7747915704599,241.2534637451172,66901200,240.05819244384764,240.75827087402342,51.92518716620903,0.004839258189715423,-0.0036860099808961877,0.0706792715771781,1
2018-03-09 00:00:00-05:00,242.66167225220465,245.4517822265625,242.344798661436,245.4517822265625,113625300,240.4243362426758,240.96387725830078,58.867105768820146,0.017402106549155416,0.46734618057897137,0.060953394870909346,0
2018-03-12 00:00:00-04:00,245.74228617095227,246.3671963274868,244.7564779760254,245.1437530517578,71924800,240.47890625,241.16103271484374,61.43957136076692,-0.0012549478028249794,0.8064904848158108,0.054905491657144825,0
2018-03-13 00:00:00-04:00,246.3056534533217,246.80735452644265,242.95222309809864,243.55953979492188,91968900,240.6804626464844,241.31682281494142,60.564011406750176,-0.006462384772666252,0.9366350732330488,0.05129146361012855,0
2018-03-14 00:00:00-04:00,244.5188868726993,244.70371419100945,241.75517991030415,242.3096618652344,105895100,241.00172424316406,241.4653939819336,57.506201035719094,-0.005131714121072273,0.9282209407275275,0.046166133948516715,0
2018-03-15 00:00:00-04:00,242.82006691975351,243.4625705558807,241.5438161769882,242.04551696777344,83433000,241.64423522949218,241.5750598144531,50.506312940938535,-0.0010901129382445696,0.8899792674203013,0.04469764812367424,1
2018-03-16 00:00:00-04:00,242.57318673061928,243.3596846887556,242.25507090582929,242.3080902099609,100343700,242.19154205322266,241.66005279541017,44.94578187062143,0.001084809359317429,0.870821642212519,0.04502977310574004,0
2018-03-19 00:00:00-04:00,241.5569264131246,242.48479112275547,237.37705851392636,239.0295562744141,109208400,242.13726196289062,241.6594073486328,44.50482572242457,-0.01353043529296094,0.5843527427929018,0.04551011472831691,1
2018-03-20 00:00:00-04:00,239.42725065128056,240.0723548139247,238.75563683636935,239.43609619140625,59757300,242.06290588378906,241.63502990722657,50.81353678343227,0.0017007935057429258,0.38568254155134696,0.04521711163673679,0
2018-03-21 00:00:00-04:00,239.3919136546146,241.4862572472261,238.76450052453336,238.97657775878903,78709600,241.95140380859374,241.59266204833983,59.41637726130047,-0.0019191694148316119,0.18897726627807288,0.044168644935659536,0
2018-03-22 00:00:00-04:00,236.74964866306772,237.5979844347918,232.72883860854253,233.0028076171875,148785900,241.12633819580077,241.41990264892578,41.514169405760704,-0.024997303909972124,-0.44383020873647183,0.05208670645232153,0
2018-03-23 00:00:00-04:00,233.44464923481144,233.771610570164,227.84202490130036,228.03643798828125,183534800,239.38480377197266,241.15521209716798,26.75064118728801,-0.0213146342728443,-1.3307392811109082,0.06982727356506375,1
2018-03-26 00:00:00-04:00,231.6419323402141,234.5581019309641,229.23829167720385,234.2753143310547,141956100,238.29795989990234,240.98009033203124,40.301890613400424,0.027359120313456442,-1.5127578001447262,0.07043117455824931,0
2018-03-27 00:00:00-04:00,235.21208312533287,235.74227623602687,228.734611952516,230.2899169921875,129941400,236.97099761962892,240.69357513427735,35.72765807684664,-0.017011597445710458,-1.9560489312615346,0.07774359689152888,0
2018-03-28 00:00:00-04:00,230.4223517986439,232.09254017918792,228.50473109891928,229.60934448242188,146452300,235.70096588134766,240.4101721191406,32.80383624740004,-0.002955285748740377,-2.3353563261490535,0.0852022351904256,1
2018-03-29 00:00:00-04:00,230.7493671899762,234.40786051928043,229.61824389857856,232.5432586669922,111601600,234.75074005126953,240.13897491455077,30.19699237489641,0.012777851838668974,-2.3718763008541828,0.08747434420451543,0
2018-04-02 00:00:00-04:00,232.0130331334397,232.5255889534384,225.0495580668502,227.52389526367188,186286300,233.27232055664064,239.77566223144532,26.383208309455398,-0.021584643786677793,-2.773863945109042,0.09636919082144473,1
2018-04-03 00:00:00-04:00,228.76104103303032,230.91724881743016,226.9671497253973,230.44004821777344,119956900,232.41336975097656,239.4483172607422,33.021500989524924,0.012816908530517646,-2.8245729584275807,0.10002540144676418,1
2018-04-04 00:00:00-04:00,226.8876901501262,233.612566483105,226.7551418786171,232.90562438964844,123715300,231.76032257080078,239.13014801025392,38.20109162823371,0.01069942568986515,-2.6354292376765613,0.100777246764783,1
2018-04-05 00:00:00-04:00,234.66411168825624,235.6273585175287,233.5771891224072,234.74366760253903,82652600,231.33703155517577,238.8381774902344,41.18670626135879,0.00789179401617024,-2.310581801442453,0.10037991287877762,0
2018-04-06 00:00:00-04:00,232.7818432731498,234.2752559200841,227.99222725325936,229.51217651367188,179521200,230.98796844482422,238.44351470947265,36.20955209448491,-0.022285973216218835,-2.447067209756227,0.10232194356714386,1
2018-04-09 00:00:00-04:00,230.97028712505096,234.03669563881604,229.7066156054344,230.6433258056641,105442900,231.2486572265625,238.0693637084961,40.523334048336494,0.004928493595305339,-2.435879284603743,0.09732700028472097,1
2018-04-10 00:00:00-04:00,233.53295569894703,235.09710565907096,232.39301399524987,234.31060791015625,103529000,231.25218658447267,237.71081787109375,44.60559829128458,0.01590023076402458,-2.1068077875065114,0.08925655896041211,0
2018-04-11 00:00:00-04:00,232.82610422214145,234.7437258494549,232.75542079737045,233.08238220214844,91140200,231.53143310546875,237.36115417480468,43.895338178940214,-0.005241869836634772,-1.9229571521003948,0.08232814785508547,1
2018-04-12 00:00:00-04:00,234.40792676354783,235.94554075892185,234.231177743524,234.9999847412109,68890500,232.07049713134765,237.10124237060546,52.25822747595497,0.008227144930239128,-1.6040294471464733,0.07594041332066681,0
2018-04-13 00:00:00-04:00,236.30775772820684,236.4226418459677,233.30321443152815,234.31060791015625,85079200,232.24723205566406,236.82507904052736,57.85389955938522,-0.0029335186204961783,-1.3908707993362555,0.06866053991184046,1
2018-04-16 00:00:00-04:00,235.9455153952645,237.00595546518431,235.12368917353777,236.23712158203125,63405300,233.1185546875,236.59307830810548,52.75297622233995,0.008222050589419716,-1.0543337789440557,0.06010351045767534,1
2018-04-17 00:00:00-04:00,238.00452270510672,239.36541461083436,237.4919937102322,238.76451110839844,64682000,233.9510009765625,236.5195346069336,62.3996724325855,0.010698528281422481,-0.5770348545511581,0.05971582691326728,1
2018-04-18 00:00:00-04:00,239.20628910663888,239.74532760470183,238.48165610469013,238.94119262695312,57303900,234.55455780029297,236.65231506347655,63.858317818678906,0.0007399823270823891,-0.1824125578395126,0.05894448282006279,0
2018-04-19 00:00:00-04:00,238.2872330721448,238.49049167681343,236.5817161985269,237.6156463623047,77655900,234.84175567626954,236.6670477294922,57.91067578565618,-0.005547583696537184,0.02310164847645524,0.057081135091118125,0
2018-04-20 00:00:00-04:00,237.5449763305249,237.7658990812484,234.71715433401997,235.6008453369141,99953100,235.45062255859375,236.66718444824218,63.89901706908361,-0.008479243922845603,0.02312891751364532,0.05785273936137489,0
2018-04-23 00:00:00-04:00,236.17520900721848,236.7319385194425,234.48735636327515,235.56546020507807,65558000,235.94283599853514,236.8433511352539,59.79063885055975,-0.00015019102238544857,0.020063959176781054,0.054431791980226796,0
2018-04-24 00:00:00-04:00,236.59058307701824,236.8115058101528,230.8907657749029,232.3930511474609,112885500,235.75108032226564,236.88794525146486,49.046620030742424,-0.013467208031497147,-0.23563567897883786,0.05456813061226737,1
2018-04-25 00:00:00-04:00,232.33117921342284,233.40928319691392,230.5107781054454,232.96743774414065,103840900,235.73958587646484,236.87643005371095,46.53327115039051,0.002471616917303132,-0.3874648330239836,0.05304722173816253,1
2018-04-26 00:00:00-04:00,233.9925689185512,236.16644142701392,233.5507233779955,235.3357696533203,67731900,235.77316436767578,236.90066223144532,62.79624777958756,0.010165935343207533,-0.3130769828054554,0.05076333188250434,1
2018-04-27 00:00:00-04:00,235.945436204683,236.24588783109348,234.61990004622973,235.55661010742188,57053600,235.89776458740235,236.86611602783202,61.2459041127562,0.0009384058123713679,-0.23361117238903262,0.050778809738322855,0
2018-04-30 00:00:00-04:00,236.1752674598288,236.7319971098416,233.6744068047092,233.7451171875,82182300,235.64856414794923,236.7347848510742,48.585494023655,-0.007690265703415244,-0.31319595644527,0.04343106455005053,1
2018-05-01 00:00:00-04:00,233.17953515335415,234.2664847699566,231.62423039491983,234.1604461669922,74203400,235.1881576538086,236.61035400390625,52.81095928779907,0.0017768455850097897,-0.33884786631395514,0.04044045214792257,0
2018-05-02 00:00:00-04:00,233.96603442039367,234.7790150265446,232.19865244584616,232.5874786376953,86368900,234.55278625488282,236.4845635986328,43.59447646859598,-0.006717477503331626,-0.4805628935758932,0.04066116053179802,0
2018-05-03 00:00:00-04:00,231.7568353222072,232.72887395271127,228.92016748877575,232.074951171875,136311500,233.99871673583985,236.37228729248048,44.00776084047418,-0.002203590102194175,-0.6270020672673127,0.04175350265001645,1
2018-05-04 00:00:00-04:00,231.10287331365893,235.7599423992167,230.7759119405855,235.07948303222656,91222100,233.9465805053711,236.3139404296875,47.06668821532992,0.01294638583431773,-0.4949105356611483,0.03679544904695213,1
2018-05-07 00:00:00-04:00,235.8482462145872,236.8467941469968,235.15894151389875,235.874755859375,55304900,233.97751007080078,236.19562866210939,41.97312663338651,0.003382995474085826,-0.32233944593320984,0.03317028206099953,0
2018-05-08 00:00:00-04:00,235.50359386424296,236.2370453487744,234.310605912586,235.874755859375,67499200,234.3256805419922,236.02116271972656,41.3979258660631,0.0,-0.18346079220415845,0.03322634042227038,1
2018-05-09 00:00:00-04:00,236.54636971982185,238.4816549162005,236.0249953336343,238.1546936035156,59666100,234.8444061279297,235.9533770751953,51.43529958582821,0.009665882793747693,0.1093133667139341,0.03422815304931066,1
2018-05-10 00:00:00-04:00,238.89698237483705,240.7085648074664,238.7909437871913,240.38157653808597,72063900,235.34898681640624,235.97906768798828,62.587300771042905,0.00935057336420897,0.515092176980545,0.039226771535938405,1
2018-05-11 00:00:00-04:00,240.505332872426,241.38017828562056,239.99277701782748,241.11508178710935,59871500,235.904833984375,236.08896118164063,64.09362163837878,0.003051420410778327,0.8856532911915451,0.04407263422301445,1
2018-05-14 00:00:00-04:00,241.5480810072303,242.20200368035572,240.68205416781768,241.2299652099609,54790600,236.6533187866211,236.1768600463867,76.56777273970064,0.00047646717907512404,1.1750505250465153,0.04844107487674651,0
2018-05-15 00:00:00-04:00,240.00160341803257,240.01926752715545,238.6230477994931,239.568603515625,87036100,237.1941345214844,236.17678497314452,68.62855873188663,-0.006887045284319826,1.2558650827916154,0.04917781708699431,1
2018-05-16 00:00:00-04:00,239.6039959988271,241.03557113568027,239.57745937885375,240.57603454589844,53942600,237.99299011230468,236.18471252441407,66.01845200891822,0.00420518805673864,1.3852343474537179,0.050899163508713825,0
2018-05-17 00:00:00-04:00,240.31095314555375,241.45092218362453,239.595165532096,240.3728179931641,56536400,238.8227767944336,236.1903369140625,64.73807333666429,-0.0008447082150885299,1.4545948799770372,0.052991336282111286,0
2018-05-18 00:00:00-04:00,240.028143784387,240.3904603285665,239.4183948402933,239.77186584472656,64368000,239.2920150756836,236.1607049560547,69.91813257137562,-0.002500083634475736,1.4444213949849143,0.05431482870291985,1
2018-05-21 00:00:00-04:00,241.25653012595149,242.1137116224309,240.86770386147955,241.57464599609372,58025900,239.86200408935548,236.0831622314453,72.4451662911155,0.007518730961265652,1.56380159522854,0.05716001943605091,0
2018-05-22 00:00:00-04:00,242.09598816766905,242.35226611864653,240.57603851018771,240.9029998779297,52966400,240.36482849121094,235.99834716796875,76.62682979263998,-0.00278028397969754,1.585933382628781,0.05596694593113494,1
2018-05-23 00:00:00-04:00,239.63046143928264,241.59225621956955,239.47137658934227,241.5657196044922,64694200,240.7059310913086,235.95847076416015,80.10052430208417,0.0027509816270379073,1.638066318094019,0.05518851080281159,0
2018-05-24 00:00:00-04:00,241.1680971017814,241.4420391350856,239.2858310891313,241.0708770751953,76043800,240.77486114501954,235.93369506835938,72.59976885213463,-0.002048479933771552,1.6207691704024398,0.05556054830242329,0
2018-05-25 00:00:00-04:00,240.49647521972656,241.1238882133398,239.99276492981863,240.49647521972656,56374800,240.71300048828124,235.90271423339843,67.72871101912492,-0.0023827094439515806,1.5429257394909826,0.055292889679437976,0
2018-05-29 00:00:00-04:00,238.870483330366,239.6304715224005,236.61708233856237,237.7305145263672,115908600,240.36305541992186,235.81116271972655,55.872460050815924,-0.011501044623761336,1.2437076600816397,0.05231696835058386,1
2018-05-30 00:00:00-04:00,239.0384247405429,241.34484539501017,238.9677413237785,240.9029998779297,69678400,240.49649505615236,235.84863159179687,58.231878149574584,0.013344880685102867,1.2481799887593183,0.05001412741626182,0
2018-05-31 00:00:00-04:00,240.49650467231288,240.7969563816566,238.82634267506256,239.42724609375,93519900,240.3816162109375,235.84845458984375,47.00685604788023,-0.006125925309886093,1.119735728002297,0.043455723762860894,1
2018-06-01 00:00:00-04:00,240.72628329573607,242.0783295298531,240.6555729092625,241.7778778076172,71258400,240.52212219238282,235.9044805908203,51.88733270707573,0.009817728567728556,1.1938570196493004,0.03418419994782767,1
2018-06-04 00:00:00-04:00,242.59965916870465,243.18289839279595,242.3610723367105,242.92662048339844,45385200,240.83759765625,236.10295684814454,54.562636540156646,0.004751231527870825,1.3299616408635586,0.03108448166669478,1
2018-06-05 00:00:00-04:00,243.05914705685765,243.4833283551409,242.2903403653031,243.1033477783203,51135000,240.99046783447267,236.40429504394533,60.33050037950109,0.0007274925019340461,1.4355379614569301,0.028355235499661624,1
2018-06-06 00:00:00-04:00,243.71322579367623,245.2419944493052,243.0946311100957,245.13595581054688,62732200,241.41376342773438,236.62150787353517,62.573218500582755,0.008361086142178786,1.6640404150742825,0.02756743452074397,0
2018-06-07 00:00:00-04:00,245.62191560533927,245.9135217591233,244.1991591219225,245.1093597412109,72969400,241.76812744140625,236.91789672851561,63.18867796264494,-0.00010849517871835967,1.8219815066499905,0.029534232303106762,1
2018-06-08 00:00:00-04:00,244.64984175340837,245.88700367386923,244.48193831762,245.833984375,72139700,242.24443817138672,237.2423895263672,66.76422558389771,0.0029563319595553583,1.9827660191936332,0.03381380665696021,1
2018-06-11 00:00:00-04:00,246.0548653509217,246.87669131202748,245.9399812335,246.1609039306641,58892500,242.81088104248047,237.51474243164063,63.81015306886687,0.001329838738509892,2.1122202198526736,0.037843096455387554,1
2018-06-12 00:00:00-04:00,246.57627325549268,246.84136974094577,245.83397612811763,246.4790802001953,72329000,243.68573760986328,237.8938461303711,67.15591368570881,0.0012925540345791742,2.214955148196509,0.04153330038256884,0
2018-06-13 00:00:00-04:00,246.7176965073776,246.9739744526654,245.48935305247187,245.69261169433597,79070600,244.1646987915039,238.19889739990234,62.60124418999063,-0.003190812401687615,2.2074655941728736,0.042429252010327205,1
2018-06-14 00:00:00-04:00,246.5585895827217,246.8413501554007,245.7190724985542,246.3111572265625,77097600,244.85308990478515,238.46700805664062,65.88094390314959,0.0025175585377230636,2.2257840704382943,0.044216494429390935,0
2018-06-15 00:00:00-04:00,245.52653573456027,246.3343088427787,244.4169617544594,245.9969940185547,120041600,245.2750015258789,238.69207458496095,66.93676000751739,-0.0012754729081104754,2.1897096398599842,0.044934618015319464,0
2018-06-18 00:00:00-04:00,244.54119558074223,245.6152825906572,244.0618791733416,245.49099731445312,52917600,245.53143920898438,239.01165100097657,77.75875977386526,-0.002056922305576636,2.0961278316453615,0.0441313689939249,0
2018-06-19 00:00:00-04:00,243.2185603590064,244.7719635729781,242.80135955511443,244.550048828125,97531500,245.67610931396484,239.2897854614258,65.52344952555384,-0.00383292461483975,1.9238598367656436,0.04391539494615472,1
2018-06-20 00:00:00-04:00,245.2335873283846,245.63304478761077,244.62998559866284,244.96730041503903,53785500,245.65924377441405,239.50291931152344,75.9161997216174,0.0017062012005863991,1.8002527327616917,0.043216520608050396,0
2018-06-21 00:00:00-04:00,244.9583386991884,244.97610921400357,242.9344775218204,243.4315643310547,71061400,245.49146423339843,239.70990295410155,58.374364442796036,-0.006269147275503317,1.5603849980503242,0.04253022620999012,1
2018-06-22 00:00:00-04:00,244.69208545289305,244.8074854582324,243.65351249404213,243.87542724609372,54898500,245.2956085205078,239.88741180419922,55.174204285417,0.0018233581017266243,1.3900801393131417,0.04134280825124903,0
2018-06-25 00:00:00-04:00,242.72150867695257,242.88128081499516,238.86907139864687,240.5556182861328,137854200,244.73507995605468,240.01231201171876,39.65322360756503,-0.01361272432179439,0.9759809723933017,0.04127646124933777,1
2018-06-26 00:00:00-04:00,241.12372500767617,241.94035618967405,240.3692093733569,241.0882110595703,68547400,244.19599304199218,240.10933380126954,31.280705096992975,0.002214010951945511,0.6829080460791204,0.035759510106701524,0
2018-06-27 00:00:00-04:00,241.67407943578863,243.10319760881347,238.9400741903056,239.0909881591797,105110700,243.53583068847655,240.11586334228517,26.458215451317855,-0.008284199760796862,0.2861874531113813,0.03846789307450525,1
2018-06-28 00:00:00-04:00,239.03768703472497,241.2213204740955,238.32754361881487,240.45794677734372,76650500,242.95050964355465,240.14619842529297,29.976994719241972,0.005717315523636302,0.0811502121712806,0.03693741007601418,1
2018-06-29 00:00:00-04:00,241.54972259257508,242.9167248103132,240.6886924221372,240.80409240722656,97592500,242.43121948242182,240.2099673461914,30.077134535977933,0.0014395266803277629,-0.05280353275887251,0.037897934520809154,1
2018-07-02 00:00:00-04:00,239.23302294129036,241.4787994767716,238.99333763694744,241.31900024414065,63554800,242.01401977539064,240.32433044433594,31.085596414121042,0.002138285241611859,-0.11607602931491101,0.03891280965500608,0
2018-07-03 00:00:00-04:00,242.21551677676095,242.31317335709,240.04076839246304,240.46682739257807,42187100,241.60569763183588,240.42235778808595,30.936580510922468,-0.0035313127051763704,-0.23230529506818698,0.040738182803479434,1
2018-07-05 00:00:00-04:00,241.59415332388664,242.49067046122133,240.52006646800743,242.42852783203125,56925900,241.3518203735351,240.62306732177734,37.100443889273095,0.008157883815926859,-0.16423183238211436,0.040563172851802616,1
2018-07-06 00:00:00-04:00,242.4552336768545,244.85189713270944,242.0735196538593,244.4790954589844,66493700,241.45657348632807,240.85330047607422,45.47864289746474,0.008458441938705707,0.054551709278541693,0.04027950602156927,1
2018-07-09 00:00:00-04:00,245.4821052756339,246.7337078165824,245.4377331577612,246.68045043945312,50550400,241.73707580566406,241.08019409179687,53.21800285009898,0.009004266709740083,0.40094830920071445,0.041088640643542264,1
2018-07-10 00:00:00-04:00,247.13315571604667,247.66575655603185,246.84021306391304,247.56809997558597,51966800,242.43832397460938,241.32042388916017,58.18879466884386,0.0035983781225934486,0.738582094823272,0.04265715101490943,0
2018-07-11 00:00:00-04:00,246.0146766095031,246.8047060907769,245.45544712755907,245.7572479248047,77054700,242.9052276611328,241.56066650390625,51.99264986636126,-0.0073145613306393464,0.8502376653219414,0.04204662828068238,1
2018-07-12 00:00:00-04:00,247.0176694716496,248.0384715898841,246.41406803868247,247.98521423339844,60124700,243.79465026855468,241.83716186523438,61.09901144757093,0.00906571963759717,1.1057572888731215,0.04445648188699761,1
2018-07-13 00:00:00-04:00,247.8078318492752,248.4824344235151,247.3551169867808,248.18063354492188,48216000,244.5669189453125,242.1490249633789,60.62210302174218,0.0007880280771075387,1.3089385083709715,0.046498672507244175,0
2018-07-16 00:00:00-04:00,248.22497789624032,248.36697949896225,247.5148344366151,247.9586639404297,48201000,245.28237609863282,242.46669921875,71.56124676469723,-0.000894387290908405,1.4355024183500404,0.04833748999415669,1
2018-07-17 00:00:00-04:00,247.1865037845815,249.3523947964433,247.1332463899631,248.9618225097656,52315500,246.04665832519532,242.7443460083008,72.31996484207015,0.004045668553759096,1.5983272203792183,0.0515309593644447,1
2018-07-18 00:00:00-04:00,249.0416440665278,249.5919883944477,248.59781450024312,249.4854736328125,44593500,246.94852294921876,243.01656036376954,82.15225302188551,0.0021033390492084525,1.7494546936607378,0.05521812725571894,0
2018-07-19 00:00:00-04:00,248.8197278264112,249.20141474977132,248.0652121503039,248.5445556640625,61412100,247.56012573242188,243.26995635986327,75.69064040937147,-0.0037714338837010475,1.7728636203068504,0.057319092618995364,0
2018-07-20 00:00:00-04:00,248.34036885387175,248.97062629930204,248.1007106565142,248.26048278808597,82337700,247.93826446533203,243.4720721435547,73.78227428199861,-0.0011429454779950943,1.7483392893071539,0.05874868022483716,1
2018-07-23 00:00:00-04:00,248.0563016932374,248.9261901176102,247.71010170371684,248.7220458984375,47047600,248.14242401123047,243.63888153076172,73.69275396290514,0.0018591888051129324,1.7460208246567106,0.0603818236006714,1
2018-07-24 00:00:00-04:00,250.1334625540731,250.8169503012536,249.1037747589767,249.97366333007807,68026900,248.3829803466797,243.81605316162108,79.66721521301884,0.005032193375217098,1.8241508161337663,0.06046107852453041,1
2018-07-25 00:00:00-04:00,249.7251331249333,252.42362448673683,249.6807610037605,252.1040802001953,78882900,249.01766357421874,244.03353546142577,79.87908830888554,0.0085225653044263,2.0345235134412576,0.06259627730590965,0
2018-07-26 00:00:00-04:00,251.38501918024653,252.19276496602092,251.28736261180745,251.50927734375,57919500,249.3700698852539,244.27234893798828,73.85471678575121,-0.0023593543427499197,2.1287113132285356,0.05970188779873928,0
2018-07-27 00:00:00-04:00,251.8377736911189,251.9354302854918,248.8818805959211,249.8050537109375,76768700,249.53251190185546,244.45692932128907,60.97254372427984,-0.006775987155667629,2.0422968914901674,0.05582424945928059,0
2018-07-30 00:00:00-04:00,249.8848371116876,250.0446091940599,247.976349022964,248.5000915527344,63742500,249.58665466308594,244.61947479248047,53.17964452782964,-0.005223922169777739,1.8472197006819329,0.05057992058036835,1
2018-07-31 00:00:00-04:00,249.2635247226231,250.3375845410029,248.88183784928523,249.72509765625,68570500,249.66298217773436,244.81853942871095,64.10064257245897,0.004929600210049179,1.7710517936261851,0.04539250754599263,0
2018-08-01 00:00:00-04:00,249.92924867985008,250.43522077645216,248.659902898579,249.3078765869141,53853300,249.64522247314454,244.97320404052735,55.39465724677204,-0.001670721418278176,1.6579105641212664,0.035819774563837156,1
2018-08-02 00:00:00-04:00,248.00311434626792,250.8347222431429,247.79894298024752,250.6660919189453,63426400,249.8573760986328,245.16846588134766,59.25903609663829,0.0054479439263031,1.6587212448236244,0.028986331522588515,1
2018-08-03 00:00:00-04:00,250.79028021618376,251.7933391565817,250.61273759180847,251.74008178710935,53935400,250.20533599853516,245.371953125,63.24599203163409,0.004284543872456803,1.7261279927508326,0.026150840950405266,1
2018-08-06 00:00:00-04:00,251.7756860749197,252.97400440724343,251.38511383250523,252.6633453369141,39400900,250.5994659423828,245.6038024902344,63.03911039729641,0.003667527011393945,1.8329192266639325,0.027481426724098687,1
2018-08-07 00:00:00-04:00,253.32909609852103,253.8794405204031,253.19592553453344,253.4977264404297,43196600,250.95187225341797,245.86382751464845,63.8309153282692,0.003302343291635701,1.9622599198773116,0.030263003132286415,0
2018-08-08 00:00:00-04:00,253.32904350842435,253.79061648823117,252.9295860778104,253.3911590576172,42114600,251.08058013916016,246.17704040527343,67.72675876802825,-0.00042038792342991016,2.032732182656275,0.02923424618759151,0
2018-08-09 00:00:00-04:00,253.45325265573712,253.8438247512355,252.9117937124148,253.04493713378903,35717000,251.23414611816406,246.4198791503906,67.42024734157799,-0.0013663536056892633,2.037161611905276,0.029984778497304142,0
2018-08-10 00:00:00-04:00,251.6068854115161,252.1483442502661,250.6393135282625,251.34945678710935,77076000,251.38858642578126,246.65832336425783,58.777716152343466,-0.006700313256152057,1.8821644520443783,0.029077788823159804,0
2018-08-13 00:00:00-04:00,251.6246729703884,252.2371597870531,250.1156419836955,250.40858459472656,65732900,251.57943572998047,246.8309375,51.48380325902623,-0.0037432831739903083,1.6642234316550457,0.027509221431784713,1
2018-08-14 00:00:00-04:00,251.13655053785573,252.2461245279351,250.74597832621112,252.0064392089844,43842000,251.8075698852539,247.01253387451172,49.65432074756187,0.0063809897605702215,1.6019705965141497,0.027231645506873892,0
2018-08-15 00:00:00-04:00,250.65718890735465,250.79921761854425,248.68658455956,250.1245880126953,102925400,251.88924102783204,247.15295867919923,45.50720504754349,-0.007467472665365182,1.3848217488050523,0.026929107249894318,1
2018-08-16 00:00:00-04:00,251.5625640299013,253.01833784391988,251.52705008367545,252.1484222412109,69967900,252.0374740600586,247.2932080078125,57.448855958551185,0.008091304595823523,1.360354906307066,0.025978830183835008,1
2018-08-17 00:00:00-04:00,251.9442110719031,253.47987070519272,251.53589556708604,253.0360412597656,65618500,252.1670700073242,247.4517416381836,64.81138242492354,0.003520224360973989,1.3964903228522587,0.024905053736888928,1
2018-08-20 00:00:00-04:00,253.4888196131672,253.84387784082332,253.0361047966119,253.5775909423828,39807500,252.25849456787108,247.60661376953124,63.16738654937151,0.0021402076950027826,1.4520876714898918,0.02446742175960095,1
2018-08-21 00:00:00-04:00,254.092370416195,255.0332867211678,253.6130270058048,254.17225646972656,67272000,252.3259475708008,247.7668408203125,66.42665017777078,0.0023451028347329927,1.5265365460055875,0.025648570940651674,0
2018-08-22 00:00:00-04:00,253.76393363569923,254.54507781111175,253.49761970906303,254.0213623046875,44993300,252.38896789550782,247.91768646240234,62.33641934097593,-0.0005936689044464538,1.5554318670503449,0.026971423010830317,0
2018-08-23 00:00:00-04:00,253.8438541554065,254.7048844989658,253.36451069373325,253.68408203125,49204900,252.4528823852539,248.07751586914063,57.55694908096135,-0.0013277634226406265,1.5334393831838042,0.027811240672680475,1
2018-08-24 00:00:00-04:00,254.26098351459217,255.35281356783872,254.2077261548432,255.21078491210935,57487400,252.8390151977539,248.25550842285156,59.458941883958076,0.006018126437555837,1.6205219759702345,0.029113877177089492,1
2018-08-27 00:00:00-04:00,256.4092327007544,257.33240588682605,256.24946054043704,257.22589111328125,57072400,253.52074584960937,248.4800863647461,62.72715244620898,0.007895850490275524,1.8310308043041346,0.031097451072838768,1
2018-08-28 00:00:00-04:00,257.6873853061911,257.7939271363428,256.8884976598644,257.35009765625,46943500,254.05511169433595,248.71726837158204,63.49870815552907,0.00048286952153686613,1.9850011398532104,0.03352764981876801,1
2018-08-29 00:00:00-04:00,257.56311648329,258.9656056631164,257.3234583260667,258.7348327636719,61485500,254.9161361694336,249.00096405029296,68.11762636662141,0.005380744441261021,2.193475272971142,0.036485138903321994,0
2018-08-30 00:00:00-04:00,258.2555538204787,258.62835549143284,257.0927225076336,257.6874389648437,61229500,255.47003784179688,249.25536682128907,71.05003365037643,-0.004048136030392446,2.2482600568696114,0.03791315433084081,1
2018-08-31 00:00:00-04:00,257.27914917403945,258.140179714729,256.7909474309434,257.69635009765625,66140800,255.93606872558593,249.54066253662108,75.80177604617387,3.458116875365569e-05,2.2662722707252954,0.039506940481254846,0
2018-09-04 00:00:00-04:00,257.2791006122579,257.6075301326266,256.24941284429883,257.2524719238281,57594400,256.30355682373045,249.80820343017578,70.2258586771333,-0.0017224852958138692,2.219148854372662,0.0406522908387694,0
2018-09-05 00:00:00-04:00,256.89743443569347,257.10160578959284,255.54820229775171,256.56011962890625,72452400,256.54234313964844,250.12829345703125,77.31751898097924,-0.0026913338859068103,2.101708970690993,0.04128083280057845,0
2018-09-06 00:00:00-04:00,256.66663092205306,256.9684317742553,254.75816921857063,255.7878570556641,65909900,256.71899261474607,250.42228637695314,67.2852765626858,-0.0030100647534744285,1.9241415748334134,0.04133338585309359,0
2018-09-07 00:00:00-04:00,254.74039670565796,256.26717131198063,254.50071143185613,255.29074096679688,73524800,256.8796585083008,250.74628143310548,61.12107920318148,-0.0019434702436208484,1.7234382966327075,0.04100180363377696,1
2018-09-10 00:00:00-04:00,256.30267635287424,256.56899033274806,255.539302540155,255.73458862304688,50210900,256.93203887939455,251.05181427001952,60.74271323025375,0.0017385967644933942,1.5819584666705282,0.039217194267906375,1
2018-09-11 00:00:00-04:00,255.08655922474992,257.0216493185275,254.7403863055744,256.57781982421875,50530500,256.86723175048826,251.36728881835938,61.69120580692897,0.0032972903888837113,1.520350735976848,0.03588210197387101,1
2018-09-12 00:00:00-04:00,256.58678777667075,257.2436469713986,255.8500424979255,256.6400451660156,59810800,256.79622650146484,251.67370971679688,62.837625557659884,0.0002425203466125403,1.459720481520037,0.03416401407699008,1
2018-09-13 00:00:00-04:00,257.70517974058833,258.3442953348075,257.4211223455566,258.1578674316406,51034200,256.73852996826173,252.02753051757813,69.65671117451903,0.0059142066649930936,1.5166629930180022,0.02926555734417561,1
2018-09-14 00:00:00-04:00,258.3620120999993,258.548412894725,257.4210957791152,258.2022399902344,55079900,256.7900100708008,252.3430047607422,65.11223482979766,0.0001718814887774478,1.547531854358425,0.027010999196050024,0
2018-09-17 00:00:00-04:00,258.1489805848816,258.18446743841525,256.5600634902105,256.8352355957031,68244000,256.70389862060546,252.59012756347656,47.88820224163021,-0.00529431655814816,1.4450323854248381,0.024554822142418307,1
2018-09-18 00:00:00-04:00,257.04831057908905,258.82362878130147,257.02168188962406,258.2289123535156,61930400,256.8015426635742,252.82109680175782,54.17734078756875,0.005426345628083418,1.459435421665063,0.02320360279360179,1
2018-09-19 00:00:00-04:00,258.2821745760306,258.9212902243807,258.1578892967261,258.50408935546875,49080600,256.99593963623045,253.03981658935547,48.773850799324094,0.0010656320372692818,1.476039550822037,0.022400735850274574,1
2018-09-20 00:00:00-04:00,259.7645938039797,260.9185398950375,258.5218492884304,260.5989685058594,100360600,257.47705078125,253.33665100097656,63.92176204665462,0.008103853040057452,1.6393403870778798,0.02374077509390897,0
2018-09-21 00:00:00-04:00,261.34169029247494,261.45761269257395,260.200344464458,260.36083984375,105479700,257.9840606689453,253.5841635131836,62.46722907944414,-0.0009137743847363877,1.7296046773428202,0.022825839215115357,0
2018-09-24 00:00:00-04:00,259.78134555663434,259.9240172363187,258.91641720668827,259.4960021972656,53409600,258.3602020263672,253.81047088623046,60.09968347474393,-0.0033216886495042175,1.7116240705391306,0.02236010054356,0
2018-09-25 00:00:00-04:00,259.9505728309268,260.0575697080249,259.014322944498,259.25506591796875,44370000,258.6279266357422,254.03639892578124,62.645778439683816,-0.0009284778079691192,1.6588110250306727,0.022968379834480284,0
2018-09-26 00:00:00-04:00,259.39779647019435,260.58371507676577,258.0602807787188,258.4793701171875,79739700,258.8118591308594,254.22674987792968,62.62560035502349,-0.002992017911143452,1.5366505861793485,0.023049748208929455,1
2018-09-27 00:00:00-04:00,258.95199161647935,260.28950748207143,258.67557384787006,259.20166015625,59249500,258.91623840332034,254.42107360839844,67.96616299968318,0.0027943817672375637,1.481047731663466,0.02334151529300917,1
2018-09-28 00:00:00-04:00,258.5774898512052,259.727761180098,258.541842351954,259.2284240722656,70091400,259.01885681152345,254.6347509765625,66.68969981106991,0.00010325518748399709,1.4227412180734405,0.023824379121625522,1
2018-10-01 00:00:00-04:00,260.46784283610697,261.1990247523705,259.4602703458394,260.1290283203125,62078900,259.3482360839844,254.87212188720704,66.87128839194581,0.0034741724456721634,1.4326889754402714,0.025007417497701162,0
2018-10-02 00:00:00-04:00,259.9773864746094,260.69071730657924,259.6028973119646,259.9773864746094,47258200,259.52308349609376,255.09722869873048,65.72166282339546,-0.0005829485724153649,1.412059077133847,0.025701533507912974,1
2018-10-03 00:00:00-04:00,261.0296795352548,261.4487690758505,259.7635126419416,260.12017822265625,64694600,259.6846923828125,255.30015899658204,60.61994404384003,0.0005492468017438412,1.391195004776307,0.02583872503306081,0
2018-10-04 00:00:00-04:00,259.6385763650199,259.6920748233292,256.4998822262784,258.0870666503906,111545900,259.4335021972656,255.41981872558594,49.4870944594242,-0.00781604712928241,1.1968088966826258,0.024132761254453038,0
2018-10-05 00:00:00-04:00,258.309979678424,258.82714050010605,255.2158585929535,256.6425476074219,105951700,259.0616729736328,255.52248413085937,49.14777942145101,-0.005597022205399815,0.9156409521937121,0.02227461045467714,0
2018-10-08 00:00:00-04:00,255.95593872277664,256.9992130580816,254.5738498970342,256.6425476074219,87742200,258.7763275146484,255.65923400878907,41.99725349163731,0.0,0.6849180218711126,0.021025551454427357,0
2018-10-09 00:00:00-04:00,256.2591681367459,257.56990772534647,255.7063053186593,256.26806640625,74339000,258.4776275634766,255.81459350585936,38.83181416333873,-0.0014591547842047747,0.46647371543519967,0.02141981120376308,0
2018-10-10 00:00:00-04:00,255.75975279251216,255.83110220532,247.77925838275027,248.15374755859372,214731000,257.4450653076172,255.78316650390624,11.181761934224909,-0.03166340216105201,-0.3572841388838697,0.041656839062750375,0
2018-10-11 00:00:00-04:00,247.06596305815177,248.68882246381915,241.07388981647085,242.68785095214844,274840500,255.79368438720704,255.65076599121093,8.431928346912798,-0.022026250500829847,-1.434632795187781,0.0680065743938954,1
2018-10-12 00:00:00-04:00,246.78955019049047,247.07489349625516,242.8661749776503,246.0583953857422,183186500,254.4766815185547,255.55861206054686,21.7264864955107,0.01388839375506401,-1.993484946647044,0.07857255655124289,0
2018-10-15 00:00:00-04:00,245.70163179290185,247.03024927204768,244.5870353372784,244.67620849609372,102263700,252.9313995361328,255.41733459472655,20.730882435833635,-0.005617312457401158,-2.518874219509911,0.0893220471701068,1
2018-10-16 00:00:00-04:00,246.63797344614397,250.40085314985933,246.16538551421965,250.02633666992188,118255800,251.93629455566406,255.36459442138673,35.66275387509229,0.021866156120011748,-2.475008020911787,0.09157393007253607,1
2018-10-17 00:00:00-04:00,250.06198211206143,250.6950653704905,247.49394715549715,250.07090759277344,110626000,250.93136749267578,255.2960580444336,34.14885732162358,0.00017826491178962733,-2.4088791817722495,0.09317629286697846,0
2018-10-18 00:00:00-04:00,249.1347036883393,249.73213962403105,245.1845786463496,246.4596710205078,134557500,249.7686279296875,255.15742828369142,30.286635592529606,-0.014440850425297413,-2.6176930750285976,0.09619609712855155,0
2018-10-19 00:00:00-04:00,247.1105777319605,249.04550257282693,245.63038988959937,246.32589721679688,139901600,248.736962890625,255.02304748535155,28.172865887203756,-0.0005427817182300787,-2.7621338580750034,0.09817037891613803,0
2018-10-22 00:00:00-04:00,246.99462882432368,247.3156196123792,244.68518772636827,245.2201995849609,82415800,247.5947280883789,254.90046234130858,27.347695553657843,-0.004488759177695423,-2.932026204504865,0.10067795634215208,0
2018-10-23 00:00:00-04:00,241.60002463722049,245.095385128098,239.5134753828841,243.97186279296875,146352700,246.36510772705077,254.77172790527345,26.025995231911978,-0.005090676845157849,-3.1313017618438153,0.10333557917424921,0
2018-10-24 00:00:00-04:00,243.72215084103613,244.1055927711054,236.02699839773905,236.579833984375,177806700,245.2077163696289,254.46319580078125,22.45326722889837,-0.0302986939722083,-3.8414224964918446,0.11536121943921525,1
2018-10-25 00:00:00-04:00,238.41670611178432,242.36683043885208,237.39128255040532,240.82421875,138061500,245.02135314941407,254.27718841552735,31.095552375242008,0.017940602519423976,-4.015424600778829,0.1175908689882628,0
2018-10-26 00:00:00-04:00,237.1148740057523,241.64458337402075,233.87808058304796,236.58876037597656,201574600,244.0743896484375,253.96599517822267,28.23696291004667,-0.017587343980632886,-4.443862534535128,0.12304304385620125,0
2018-10-29 00:00:00-04:00,239.682826498413,240.97576935563563,231.7023316849632,235.27793884277344,160749100,243.13456268310546,253.61083312988282,27.674534626803975,-0.005540506366912834,-4.833457932183336,0.12624778712241405,1
2018-10-30 00:00:00-04:00,235.1085193391012,239.0764662151694,234.61808059363685,238.76437377929688,157116000,242.00836639404298,253.3145687866211,38.922792108338655,0.014818367389954457,-4.805494184040526,0.12239857169010648,1
2018-10-31 00:00:00-04:00,241.3324142007696,243.6329564768185,240.8598264017095,241.3145904541016,128296300,241.1327346801758,253.05741546630858,48.260190099720425,0.010680892774908024,-4.525385710052035,0.1135367238953117,1
2018-11-01 00:00:00-04:00,242.17961366233064,244.07889108510727,241.09176602736096,243.8827209472656,99495000,240.87503967285156,252.85464263916015,47.18639064346869,0.01064225121378426,-4.0494910462468,0.10418917142138374,0
2018-11-02 00:00:00-04:00,244.9882939070804,245.41630873000005,240.3872366050441,242.4381103515625,122634100,240.48626098632812,252.6297232055664,47.11032902326934,-0.0059233823129907215,-3.7457306472390144,0.0953408877147311,1
2018-11-05 00:00:00-05:00,242.92857618600445,244.32851613775983,241.956651152827,243.7756805419922,65622500,240.34180908203126,252.40102111816407,40.99673446099703,0.005517161425198536,-3.358354585563461,0.08356319206637539,1
2018-11-06 00:00:00-05:00,243.71324432036943,245.47874794542096,243.6508203790028,245.31825256347656,60085900,240.47644805908203,252.16286834716797,43.43760297529602,0.006327833925249493,-2.8935287966614567,0.06931747431491661,1
2018-11-07 00:00:00-05:00,247.49398398051216,250.65052968527576,247.06596902012265,250.57028198242188,102752100,241.87549285888673,252.02727203369142,55.429836983754015,0.021409044635137153,-2.0774090506068887,0.07213654236823328,0
2018-11-08 00:00:00-05:00,249.76774178784,250.7575178453981,248.97416305728257,250.11550903320312,65584900,242.80462188720702,251.85488555908202,54.96372481222845,-0.0018149516599524906,-1.450602999925053,0.07583001166968742,0
2018-11-09 00:00:00-05:00,248.8048299513169,248.99207465081335,246.26354303934477,247.6724090576172,98812600,243.9129867553711,251.6545849609375,53.1032402626443,-0.009767886785707502,-1.1378757161051283,0.07667695632133666,0
2018-11-12 00:00:00-05:00,247.16407054496352,247.40481365630885,242.5273369952208,243.0445251464844,99673600,244.68964538574218,251.36154846191405,48.91893526490305,-0.018685504488536675,-1.2490701423068629,0.07673045982602392,0
2018-11-13 00:00:00-05:00,243.50814820119857,245.5054966258056,241.867465250724,242.5897216796875,98176600,245.07218017578126,251.06829345703125,58.358027028242915,-0.001871276328988647,-1.3582344833512252,0.07321441483992586,0
2018-11-14 00:00:00-05:00,244.4622787743081,244.86351727642744,239.37080844951709,240.9312438964844,125335900,245.03384552001953,250.7557159423828,50.16037630582993,-0.006836554210622903,-1.5605838673497203,0.06935561510913493,1
2018-11-15 00:00:00-05:00,239.6650665421353,243.90945995831527,238.0868072346455,243.44577026367188,135101400,244.99015045166016,250.50887420654297,60.833945289879395,0.010436696903735054,-1.5007462800247708,0.06818283274491749,1
2018-11-16 00:00:00-05:00,242.3489708377892,244.98832791595157,241.8317827868211,244.07882690429688,126668000,245.1542221069336,250.28463592529297,64.20956368737413,0.0026004010664852917,-1.3862622128681892,0.06711115964156554,0
2018-11-19 00:00:00-05:00,243.47251856087183,243.7667873600828,239.03198224402044,239.95040893554688,103061700,244.77169494628907,249.96895233154297,51.876034222756864,-0.0169142814274863,-1.6101013462170783,0.06729981785902923,0
2018-11-20 00:00:00-05:00,236.6154672493297,238.0778310334612,234.6448681024103,235.50979614257807,136021300,243.7908493041992,249.54759185791016,41.336273902945564,-0.018506377266319207,-2.1213620712575505,0.07195969713672139,1
2018-11-21 00:00:00-05:00,237.06126135990087,238.21153244119893,236.30335759239327,236.312255859375,75563700,242.36504669189452,249.14103607177734,38.07233272012691,0.0034073305227231288,-2.4337335214877385,0.07226646717650019,0
2018-11-23 00:00:00-05:00,234.6716611316323,236.1340251887024,234.5735896753301,234.7340850830078,42807900,240.826904296875,248.6725604248047,37.91277218293626,-0.006678328090212626,-2.776628098312841,0.0772681784535184,1
2018-11-26 00:00:00-05:00,236.99002589248815,238.74663151536032,236.59768564694463,238.52371215820312,79981400,239.9120346069336,248.27898986816408,42.3486448022856,0.016144340835099413,-2.711328776740743,0.0756683886560191,1
2018-11-27 00:00:00-05:00,237.48933403239403,239.32618713378903,236.8829999859172,239.32618713378903,75502400,239.54020080566406,247.92880889892578,41.078035157488905,0.0033643404604304372,-2.565254908205958,0.07188962910471586,1
2018-11-28 00:00:00-05:00,240.39621058389733,244.8367462158203,239.26376297348145,244.8367462158203,127629600,239.76490325927733,247.66096557617186,41.528199203758554,0.02302530762732924,-1.9819871367622284,0.07123239009638026,0
2018-11-29 00:00:00-05:00,244.06095703708348,245.7016398078621,242.91961131776668,244.30172729492188,82346400,240.1019515991211,247.37691833496095,41.42995184729331,-0.0021852067925572927,-1.5451037865943817,0.0713774140090554,1
2018-11-30 00:00:00-05:00,244.15027087373312,246.352715899372,243.82927996077075,245.79095458984372,98204200,240.3364700317383,247.08075805664063,47.146312166875305,0.006095852499331977,-1.0664094826047972,0.07219391054837854,1
2018-12-03 00:00:00-05:00,249.91932478442453,250.02632171176697,247.4493883388265,249.04547119140625,103176300,240.83313446044923,246.85445068359374,59.497587434372825,0.01324099418952751,-0.41959171516515426,0.07580803001042959,0
2018-12-04 00:00:00-05:00,248.21623087740545,248.64424582117104,240.66372229024648,240.97581481933597,177986000,240.93567504882813,246.48404693603516,47.94180248978679,-0.032402341361462805,-0.5517772579326845,0.0761399684998908,0
2018-12-06 00:00:00-05:00,237.1148692771766,240.72615190959465,234.01182208840012,240.6102294921875,204185400,241.44571838378906,246.11115020751953,49.576653522360175,-0.00151710381152792,-0.6782168715780017,0.07601185660671003,0
2018-12-07 00:00:00-05:00,240.27135909968104,241.84071986500985,234.18121507685527,235.01939392089844,161018900,241.3164321899414,245.64195068359376,39.7214792644998,-0.02323606765634456,-1.215542860929105,0.07457785523002759,1
2018-12-10 00:00:00-05:00,234.8410554590328,236.43716550863465,230.60558811608783,235.4652404785156,151445900,241.3895477294922,245.16722229003906,39.444912728406834,0.0018970628345982288,-1.587106313962039,0.0709731190193487,1
2018-12-11 00:00:00-05:00,238.6663886083869,238.85363325284783,234.04750596611032,235.51876831054688,121504400,241.08905334472655,244.69302917480468,43.966964878476006,0.00022732795686741802,-1.8558605733105367,0.06915685421114204,1
2018-12-12 00:00:00-05:00,238.49696172682036,239.86122709730185,236.6244336937308,236.7046813964844,97976700,240.8269027709961,244.22454223632812,51.78482701026673,0.005035323063399488,-1.950670865679058,0.06987004707862722,0
2018-12-13 00:00:00-05:00,237.64982837788835,238.514756462568,235.5098082626307,236.62440490722656,96662700,240.00566864013672,243.75748260498048,50.47654544734519,-0.0003391419585968558,-2.0091263888638196,0.07048817926142589,0
2018-12-14 00:00:00-05:00,234.47550197690387,235.4296034091288,231.7023980822264,232.25523376464844,116961100,238.80101928710937,243.20018371582032,46.512809020407886,-0.01846458375369675,-2.38056671738957,0.07596247478274738,0
2018-12-17 00:00:00-05:00,231.3010700046853,232.4156665517509,226.06692897355805,227.69869995117188,165492300,236.99179382324218,242.59241638183593,35.09326950069679,-0.019618648585951082,-3.007936433208272,0.08620527245766996,0
2018-12-18 00:00:00-05:00,229.33938528993735,230.0081431857535,225.84399871460064,227.4490203857422,134515100,234.83214874267577,242.00854583740235,33.391526922394206,-0.0010965348747411507,-3.485104393177892,0.09334663580399978,0
2018-12-19 00:00:00-05:00,227.52930839320612,231.3010997844337,222.3397532769953,224.0428466796875,214992800,233.13885192871095,241.35655181884766,19.10447693518006,-0.014975547928401611,-4.090955205680643,0.10660837137253293,0
2018-12-20 00:00:00-05:00,222.7945189589598,224.3638663077274,218.14887365057305,220.3959045410156,252053400,231.11741943359374,240.63910858154296,17.487355552807045,-0.01627787806091352,-4.809928232741498,0.12412848276722822,0
2018-12-21 00:00:00-05:00,221.2972708382368,223.9610187100672,215.2343232875037,215.8800811767578,255345600,229.2034881591797,239.99363525390626,12.414537051488608,-0.020489597452648667,-5.678648813111835,0.1468235517820436,0
2018-12-24 00:00:00-05:00,214.39122646068463,216.0056210086188,210.11309801537053,210.1758728027344,147311600,226.67455139160157,239.34339569091796,3.9897740523623497,-0.026423041639274447,-6.749592969299982,0.17604035953102987,1
2018-12-26 00:00:00-05:00,211.63780135232855,220.79498291015625,209.65568091550543,220.79498291015625,218485400,225.2021728515625,238.83812744140624,27.471533894110124,0.05052487693194285,-6.664624844133982,0.18271514658664395,1
2018-12-27 00:00:00-05:00,217.5572333476557,222.68739900328916,214.31948044557623,222.49009704589844,186267300,223.7807144165039,238.39440521240235,30.35509096052394,0.007677321800522829,-6.386881454965987,0.18596160828267347,0
2018-12-28 00:00:00-05:00,223.84440983280516,225.4767323217771,221.0371572860196,222.2031097412109,153100200,222.33858489990234,237.83794067382811,34.29965994634507,-0.001289887992760086,-6.119384835849701,0.1834394651125802,1
2018-12-31 00:00:00-05:00,223.82648932492867,224.39153092837867,221.9520040404745,224.1493682861328,144299400,221.5279983520508,237.31950988769532,36.62923341709935,0.008758916772985792,-5.684814041381941,0.177950106761812,1
2019-01-02 00:00:00-05:00,220.61564101388456,225.30635670743425,220.58873557425875,224.38255310058597,126925200,221.19638366699218,236.87796752929688,36.897144931538094,0.001040309933666661,-5.260952504490604,0.16796907051443344,0
2019-01-03 00:00:00-05:00,222.63363352752896,222.93858465556823,218.54384243531663,219.02816772460935,144140700,220.35429840087892,236.33201293945314,31.0597345725962,-0.02386275270509275,-5.296043837437281,0.15175777825802442,1
2019-01-04 00:00:00-05:00,222.05954678346296,227.0103511984872,221.68285707699116,226.36459350585935,142628800,220.5864730834961,235.9549008178711,40.48607960888597,0.03349535293777506,-4.677941328421809,0.14176979785171853,1
2019-01-07 00:00:00-05:00,226.63375331616336,229.557591947435,225.73686878916783,228.1494903564453,103139100,221.36183166503906,235.63845336914062,46.00108550329962,0.007885053147853593,-3.9979781742641194,0.1303825637759367,1
2019-01-08 00:00:00-05:00,230.3378446485981,230.77730922015044,227.80862422016872,230.29298400878903,102512600,222.8031219482422,235.51271636962892,52.6514122494656,0.009395127944379134,-3.2486915578651576,0.12655736398633646,1
2019-01-09 00:00:00-05:00,231.001552052594,232.21235150960845,229.7728247604112,231.3692779541016,95006600,224.9224624633789,235.32361755371093,53.940012943316276,0.004673585476105968,-2.538763306554813,0.12259217808386359,1
2019-01-10 00:00:00-05:00,229.83559218804427,232.43655132774697,229.15395132370932,232.1854248046875,96823900,226.06150665283204,235.23555084228516,58.63306186764509,0.0035274642243030563,-1.8885142064038973,0.11896956189195644,1
2019-01-11 00:00:00-05:00,231.1091499036586,232.30202140213729,230.5261805574584,232.27511596679688,73858100,227.04000854492188,235.1754943847656,63.6223176746683,0.0003862910955105825,-1.3503834032524082,0.11342270817960826,0
2019-01-14 00:00:00-05:00,230.37370700114573,231.6652226884312,229.97012545558084,230.8580322265625,70908200,227.90550079345704,235.01736755371093,68.48979985480833,-0.006100884868084355,-1.0264256831580951,0.10617729686756044,1
2019-01-15 00:00:00-05:00,231.23472891177065,233.81776021044035,231.22575130966445,233.50384521484372,85208300,228.84094848632813,234.86115264892578,81.1497448235279,0.011460779435582547,-0.549853491048566,0.10764658149426283,1
2019-01-16 00:00:00-05:00,233.9343693801608,234.95683083626523,233.7281034648272,234.0689239501953,77636700,229.80958557128906,234.66487670898437,74.23060832149068,0.0024199975586340905,-0.12512707684868474,0.11280042571763751,1
2019-01-17 00:00:00-05:00,233.1989338658102,236.7057553387113,233.15407322100728,235.8447265625,96118400,231.49124145507812,234.53300903320311,74.30629729917364,0.007586665424593297,0.35072120052137734,0.11966877697703791,1
2019-01-18 00:00:00-05:00,237.65639350316124,239.4501619660618,235.8805528714252,238.9837646484375,127900300,232.75315856933594,234.43717071533203,77.66930493683088,0.01330976584335719,0.9699475762505472,0.12954334853821403,0
2019-01-22 00:00:00-05:00,237.512948644322,237.7281921555212,234.14065432491404,235.75503540039065,115531200,233.51371307373046,234.24590637207032,68.35987418742019,-0.01351024515324939,1.1864804653537249,0.13106967982737003,1
2019-01-23 00:00:00-05:00,236.78650352444689,237.4860723925629,233.78193474790228,236.2483673095703,86030300,234.1092514038086,233.95946807861327,68.61817558456676,0.0020925614943572146,1.3819617078009685,0.12565411487822142,1
2019-01-24 00:00:00-05:00,236.0689029622403,236.9568370088599,235.05541934958248,236.37384033203125,59204100,234.60970764160157,233.68463470458985,82.55899345936486,0.0005311064109769781,1.5293769199682004,0.1035934195132032,1
2019-01-25 00:00:00-05:00,238.2213884993513,239.19901631958425,236.4724808105271,238.37387084960935,96883400,235.22855224609376,233.49866394042968,78.18959638274592,0.008461302294571427,1.786990966003259,0.10150996908714331,0
2019-01-28 00:00:00-05:00,236.2304282231692,236.62503223316105,234.7954075087443,236.5622711181641,85613700,235.65726776123046,233.36901885986327,69.7227496662438,-0.007599825119206094,1.8239456848498605,0.09793091364829642,0
2019-01-29 00:00:00-05:00,236.7057871978271,237.27080148416536,235.41427123042132,236.2483673095703,66136300,236.19630126953126,233.24219177246093,65.27176711623386,-0.001326939444358688,1.8070723466811387,0.09190030517471069,1
2019-01-30 00:00:00-05:00,237.764071126748,240.83140059178444,237.00171387664844,239.9883270263672,92473700,236.8447494506836,233.2233334350586,69.445836787415,0.015830626723003727,2.071603442656084,0.09056660306117724,1
2019-01-31 00:00:00-05:00,239.92553305771972,242.58030297951865,239.71026220894768,242.09597778320312,104012100,237.64745483398437,233.1963375854492,71.12837241741865,0.00878230530189228,2.4233808181942322,0.09008282517498711,1
2019-02-01 00:00:00-05:00,242.2933017562561,243.23504674650184,241.4233228416469,242.21258544921875,85782500,238.28424072265625,233.15901275634766,71.16146951634799,0.0004816588325149418,2.680675033717449,0.07365497663599378,1
2019-02-04 00:00:00-05:00,242.25741499744487,243.97944496667355,241.5847517450605,243.91665649414065,60744800,238.77752990722655,233.23833770751952,77.47207241910647,0.007035435593742756,2.9876471089078507,0.07270397533017821,1
2019-02-05 00:00:00-05:00,244.34717048588536,245.244054821138,243.8449174478029,244.93911743164065,79552800,239.69593811035156,233.4269241333008,75.82055550808585,0.004191845494260216,3.2756688709925186,0.07368766924478568,0
2019-02-06 00:00:00-05:00,244.6611173589182,245.15439285929028,243.88083226488828,244.6162567138672,58347800,240.53272705078126,233.5930041503906,74.07899742081662,-0.001318126402833797,3.4382421159830017,0.07488497915387005,0
2019-02-07 00:00:00-05:00,243.00187466224952,243.54896103786973,240.62513634791188,242.2843780517578,95482000,241.1237808227539,233.74401000976562,64.33735725627662,-0.009532803311748106,3.34041325948553,0.07302631154137845,1
2019-02-08 00:00:00-05:00,241.0376496951684,242.6789358806665,240.21250411634384,242.58029174804688,75788900,241.54442291259767,233.8251416015625,59.16804490864708,0.0012213486427334885,3.2493049829081713,0.07127750565342358,1
2019-02-11 00:00:00-05:00,243.2350673035352,243.4951440801677,242.18570048188565,242.71485900878903,68021400,242.15968170166016,233.8929150390625,71.06444685616634,0.0005547328670951757,3.1516294481799036,0.06858045890408884,1
2019-02-12 00:00:00-05:00,244.3292849365148,246.21272046990435,244.25751884966152,245.83604431152344,72270200,243.11844940185546,233.91290100097658,75.03550100645951,0.0128594735216494,3.2881704699279624,0.06529075863655491,1
2019-02-13 00:00:00-05:00,246.6700993460601,247.47728977925644,246.24856261072875,246.63421630859372,65277200,243.7830383300781,233.95955078125,75.88276955765289,0.0032467655396326567,3.421346865993428,0.06535715621968619,0
2019-02-14 00:00:00-05:00,245.54897638613903,247.2171953749836,244.73280840916888,246.0871124267578,83234400,244.1821517944336,233.9654739379883,70.99648518269004,-0.0022182805371634418,3.443054024861283,0.06374349200155316,1
2019-02-15 00:00:00-05:00,247.86293690858665,248.80468186464043,247.65667103278165,248.768798828125,97088700,244.83777313232423,233.95994049072266,81.72500739619733,0.010897305327865592,3.634747676791477,0.06663510355201388,1
2019-02-19 00:00:00-05:00,247.97059836438052,249.8540336287884,247.9616207621204,249.19932556152344,59120800,245.3660400390625,234.12441070556642,83.45697738772306,0.0017306299480743803,3.7778573978991687,0.07134090259966817,1
2019-02-20 00:00:00-05:00,249.16344775941977,250.1590036553677,248.66119469559095,249.7015838623047,76610800,245.8422866821289,234.30623779296874,80.13368173899872,0.002015488202664617,3.8869940820441684,0.07199322406755243,0
2019-02-21 00:00:00-05:00,249.06486255325416,249.42361091649065,247.8540628779286,248.8137359619141,64214700,246.26203460693358,234.58212463378905,72.5471397594386,-0.0035556358380177677,3.8573783287699825,0.07042048423868245,1
2019-02-22 00:00:00-05:00,249.4324756341498,250.55358099161677,248.79569545491475,250.35629272460935,78114600,247.06922607421876,234.87994567871092,74.9453610656696,0.006199644713069219,3.9132693370035554,0.06913571881473445,1
2019-02-25 00:00:00-05:00,251.78237817298336,252.30255910397952,250.6164119809546,250.69712829589844,69030700,247.88090972900392,235.18351287841796,72.66222566296315,0.0013614020545671401,3.939652088890483,0.06928983345475963,0
2019-02-26 00:00:00-05:00,250.3474272441,251.39676700103564,250.14113391247017,250.5178375244141,56844100,248.6612075805664,235.45977600097658,69.7593149658814,-0.0007151688282314161,3.9011236182687696,0.06465316518325699,0
2019-02-27 00:00:00-05:00,249.80025400552415,250.7599269622989,248.8675138588991,250.41015625,56921600,249.11861877441407,235.73549102783204,70.83910964174282,-0.00042983475938551674,3.8178902861387485,0.05654318445171195,0
2019-02-28 00:00:00-05:00,250.1949132070922,250.63440526064832,249.62092131227217,249.94378662109372,69268300,249.44957580566407,236.08926208496095,81.81875807406536,-0.0018624229779269363,3.671966989586906,0.052895204417282876,1
2019-03-01 00:00:00-05:00,251.52229185023876,251.91692322065217,250.06934333678143,251.50436401367188,78880500,249.99130096435547,236.56537536621093,83.5474811626393,0.0062437134912416425,3.6402843470857533,0.05266813639853937,0
2019-03-04 00:00:00-05:00,252.562572507144,252.80472136496957,248.29339535690116,250.58941650390625,106494600,250.1733627319336,237.0281832885742,77.96156326024192,-0.0036378991408509975,3.500989776289174,0.0505805711234328,0
2019-03-05 00:00:00-05:00,250.71511574681077,250.91243144340865,249.7016318220463,250.24871826171875,59114600,250.27830200195314,237.55230072021484,69.52415159203514,-0.0013595875154694959,3.324780326558482,0.04950699270319421,0
2019-03-06 00:00:00-05:00,250.36532294113655,250.3743005455001,248.41012114205049,248.7329864501953,75039800,250.1814422607422,238.11904235839845,58.731696416668605,-0.006056901398145187,3.0279221764023134,0.04832083727807868,0
2019-03-07 00:00:00-05:00,248.2844999919033,248.42800478246295,245.8091176242837,246.65219116210935,94885100,249.9652877807617,238.73448455810546,52.08488387411306,-0.008365578356864245,2.59484540128841,0.04687981467917037,0
2019-03-08 00:00:00-05:00,244.79569600536345,246.329361077045,244.32932584570068,246.1589508056641,85795800,249.5455535888672,239.45414611816406,38.51638693771671,-0.001999740420392526,2.1866225387757936,0.042096516190464575,1
2019-03-11 00:00:00-04:00,246.8763541383958,249.8898719183976,246.849448707172,249.7284393310547,65098900,249.4486846923828,240.03281524658203,51.82423844515711,0.014500746423024014,2.126616559758304,0.03623594406225373,1
2019-03-12 00:00:00-04:00,250.28455806959337,251.1904200707652,250.09622000970504,250.6702117919922,79667500,249.46392211914062,240.5964175415039,53.241328883569516,0.0037711862672118457,2.1304955296654384,0.02898105494808831,1
2019-03-13 00:00:00-04:00,251.5581450725677,253.2622199496616,251.3966850796353,252.32945251464844,80639200,249.65585174560547,241.19894439697265,61.18712504199911,0.006619217779386899,2.2416165406060884,0.028508243796566378,0
2019-03-14 00:00:00-04:00,252.3562915008424,252.7778281505058,251.7284890118268,252.1679534912109,67518400,249.87826843261718,241.7593161010742,56.32026045675749,-0.0006400323934763197,2.2902485610904364,0.028147914751340503,1
2019-03-15 00:00:00-04:00,252.7202159409004,254.2245947418468,252.53102082909683,253.41384887695312,81309000,250.0692169189453,242.33994201660155,58.91474653685655,0.004940736396092715,2.401638538838654,0.027765363408893344,1
2019-03-18 00:00:00-04:00,253.6300220882433,254.62996299257557,253.40481339255447,254.33267211914065,62199800,250.44354248046875,243.04603210449218,61.93869842309788,0.0036257814884996797,2.5348372297407877,0.03123788240176542,1
2019-03-19 00:00:00-04:00,255.3956469593378,256.16133443841346,253.50388864763195,254.3957061767578,90268100,250.85824127197264,243.60665435791014,62.50791330939623,0.00024784097572649877,2.6153365023687343,0.0341063196408411,0
2019-03-20 00:00:00-04:00,254.17963540143415,255.386751137838,252.52210211452268,253.63011169433597,84609200,251.34795379638672,244.11626678466797,61.35557943363838,-0.0030094630680986834,2.587528264349885,0.035588919409910554,1
2019-03-21 00:00:00-04:00,252.8103693263995,256.9001407842022,252.765311077745,256.4947814941406,79550400,252.33221282958985,244.640302734375,64.22952622776505,0.011294675465258086,2.7647743494837016,0.040135471101494805,0
2019-03-22 00:00:00-04:00,255.13443602338907,255.6569081170913,251.49505569291907,251.55812072753903,122659300,252.87212982177735,245.04407958984376,52.246828745534415,-0.019246632379202433,2.478327268426739,0.040037207175724,0
2019-03-25 00:00:00-04:00,251.21581875244797,252.40492739274285,250.10780944374943,251.3689727783203,85575200,253.03618316650392,245.4277505493164,52.616733091585125,-0.0007519055583324885,2.2105711460834527,0.039988711541615374,1
2019-03-26 00:00:00-04:00,253.1256238650162,254.1976197397824,251.8374363823318,253.24273681640625,68125900,253.2934356689453,245.8471029663086,60.36075134210804,0.007454237559137322,2.125073068697901,0.040481368400127254,0
2019-03-27 00:00:00-04:00,253.23366819759903,253.8192328355296,250.3690200097288,251.91845703125,72224700,253.25233612060546,246.26831146240235,62.53448408611191,-0.005229290292010691,1.9282294859622766,0.04034390665781363,1
2019-03-28 00:00:00-04:00,252.54898849295117,253.32369306198072,251.39592129143207,252.87327575683597,56238500,253.32286834716797,246.6557000732422,65.63748248010621,0.003790189638496866,1.8282010561054847,0.040205433336815095,1
2019-03-29 00:00:00-04:00,254.3867931441947,254.79215237439303,253.260749463698,254.4678649902344,82186800,253.4282699584961,247.06367889404297,62.15624498549958,0.0063058827732029865,1.8562007031143821,0.04144702401943178,1
2019-04-01 00:00:00-04:00,256.4677058809414,257.78291713150287,256.19743891736897,257.4856262207031,77617900,253.74356536865236,247.49649688720703,65.79852673711108,0.011859105394641967,2.097717553735805,0.04582521059099,1
2019-04-02 00:00:00-04:00,257.67482041149606,257.84598124041696,256.81901626689137,257.6117553710937,40070400,254.06517028808594,247.86905670166016,63.181590757301386,0.0004898492868974369,2.273096128997537,0.04914638958340542,1
2019-04-03 00:00:00-04:00,258.827866198306,259.224235717059,257.4135489378142,258.0171203613281,68243200,254.50387115478514,248.3142984008789,64.42064396718101,0.0015735500487952248,2.416933574603121,0.05072499298148961,1
2019-04-04 00:00:00-04:00,258.34142325877013,258.95398437326423,257.64779030482515,258.7017517089844,48997500,254.72456817626954,248.7633660888672,63.40795869760017,0.002653433798104121,2.5566977939122353,0.048857985487902114,1
2019-04-05 00:00:00-04:00,259.3684117534433,260.0079968724831,259.08013797058265,259.9539489746094,58621700,255.56415100097655,249.23496826171876,64.0162992611306,0.0048403122798859055,2.7369538981055825,0.045612690729740724,1
2019-04-08 00:00:00-04:00,259.5304604848054,260.260134330414,258.87284131289664,260.15203857421875,53566300,256.4424575805664,249.67053161621095,64.25702993376527,0.0007620180435448098,2.8627918520936078,0.046870746633113046,0
2019-04-09 00:00:00-04:00,259.1881932281539,259.5124805646764,258.2693516167104,258.81884765625,66142300,257.0000686645508,250.11566314697265,62.49978863697678,-0.005124660661032676,2.822407020854911,0.04634660956579586,1
2019-04-10 00:00:00-04:00,259.2332389500564,259.7917796584995,258.81886261012613,259.7016906738281,52601500,257.7783920288086,250.5847296142578,58.54106757655214,0.0034110460871483728,2.829028524610237,0.0476654486250738,0
2019-04-11 00:00:00-04:00,260.1881519539477,260.1971691008526,259.0621082428974,259.629638671875,55093100,258.4540283203125,250.97755584716796,79.01574384195396,-0.00027744140504504244,2.796228933099144,0.04799127866503223,1
2019-04-12 00:00:00-04:00,261.2420936009112,261.6654870591576,259.6746498365206,261.38623046875,69727800,259.14586486816404,251.36336090087892,82.36321240713627,0.006765759894982626,2.8787923716020885,0.05063857513146286,0
2019-04-15 00:00:00-04:00,261.4583339542193,261.5574400967974,260.4133620858321,261.2151184082031,49596700,259.51881408691406,251.7434115600586,78.9406981510408,-0.0006546330318931703,2.8970221106521876,0.052809051941033726,1
2019-04-16 00:00:00-04:00,262.09789766267414,262.15194555170166,260.791676198151,261.38623046875,52153200,259.89626159667966,252.09280303955077,87.50955149099984,0.0006550618570226874,2.8919401376934957,0.05454037533001841,0
2019-04-17 00:00:00-04:00,262.50331587264657,262.53033982323853,260.33230020408183,260.7467041015625,58268300,260.1692199707031,252.40895477294922,81.9923043823851,-0.0024466719843682094,2.803985603802687,0.05451441447927104,1
2019-04-18 00:00:00-04:00,261.3322750761744,261.5304599031866,260.0350702977861,261.2601928710937,68708500,260.42506408691406,252.74183349609376,80.25780946243911,0.0019693010935670774,2.7440831716422736,0.05602076866791583,1
2019-04-22 00:00:00-04:00,260.4943943046953,261.63844452957363,260.4043053322833,261.4852905273437,40160100,260.5781982421875,253.12585174560547,73.71878630814263,0.0008615842075914149,2.6838359717685307,0.052911154683561924,1
2019-04-23 00:00:00-04:00,261.8546696519358,264.07074319403506,261.62047128318324,263.8365173339844,52246600,260.94664611816404,253.5509762573242,79.20634147878118,0.00899181289279749,2.793610976707555,0.050411718765843175,0
2019-04-24 00:00:00-04:00,263.75550302834347,264.0888075995507,263.1069006901307,263.25103759765625,50392900,261.3898651123047,253.96169982910158,74.14917134851237,-0.0022191004575268236,2.8010760759502773,0.04854318350899269,0
2019-04-25 00:00:00-04:00,263.151871189565,263.7464254877272,261.89972504731713,263.0888061523437,57770900,261.72857666015625,254.30675506591797,71.26697970571922,-0.000616261370868787,2.7620621657486026,0.04238934042377559,1
2019-04-26 00:00:00-04:00,263.1338125902644,264.38595848602097,262.3590804786365,264.3139038085937,50916400,262.1970031738281,254.66034881591793,71.19128776079869,0.004656593620104843,2.797747807932467,0.03711956175175114,1
2019-04-29 00:00:00-04:00,264.40410613029644,265.25089328238977,264.3140171264198,264.7283935546875,57197700,262.5312194824218,255.03317443847652,71.78482189551956,0.0015681723137574988,2.82688818758902,0.033504373241856254,1
2019-04-30 00:00:00-04:00,264.38605342617814,265.1517686688588,262.97176337987406,264.8634948730469,81111700,262.8960571289062,255.35506835937497,82.47906834885062,0.0005103393578047566,2.82828103251569,0.0338670747854168,0
2019-05-01 00:00:00-04:00,265.4939599180196,265.70116176157273,262.8635109334512,262.8725280761719,71671900,263.0446868896484,255.62853240966794,65.22453931635937,-0.007516954338419923,2.6383176077643498,0.03166270120220327,0
2019-05-02 00:00:00-04:00,262.7555016521478,263.67437079078803,260.8096950831011,262.3050842285156,65030200,263.2005249023437,255.88060241699216,62.26259913557958,-0.002158627422230386,2.4141533913197577,0.029180338280350895,1
2019-05-03 00:00:00-04:00,263.78246458162147,265.15172364225464,262.4131780296907,264.8724670410156,56543700,263.5617523193359,256.20177703857416,64.87333119810002,0.009787773729400318,2.415819903178601,0.029010513006853696,0
2019-05-06 00:00:00-04:00,260.56654394116345,264.22393212526833,260.2512461684707,263.78253173828125,107198100,263.7914764404296,256.47030181884764,60.157047961925926,-0.004114943749761624,2.302648457799421,0.028629736095512524,0
2019-05-07 00:00:00-04:00,261.37723490411906,261.97178922380755,257.467614824318,259.3773803710937,144729900,263.3455627441406,256.64390686035154,44.04701183977764,-0.016699935883389916,1.836332276626365,0.029419099760607366,0
2019-05-08 00:00:00-04:00,259.01708984375,260.728670867913,258.4225354370044,259.01708984375,91568300,262.92216796874993,256.81389190673826,44.788241265917804,-0.0013890591647900408,1.421316852994778,0.029149803971151616,0
2019-05-09 00:00:00-04:00,256.9450893542433,258.8368202163099,255.20645750355328,258.2332763671875,103471100,262.4366149902344,256.970354309082,41.02535333610841,-0.003026107184801341,1.017438544577601,0.031043036453643463,1
2019-05-10 00:00:00-04:00,257.2964978336447,260.28727674235887,254.3057189249305,259.53057861328125,112429300,261.9582824707031,257.16209014892576,44.550843593251464,0.00502376093563206,0.7929034274767446,0.031141277561106337,0
2019-05-13 00:00:00-04:00,254.4137963184327,255.3776687368432,252.17069879596136,253.0084686279297,127290500,260.78628997802736,257.1921722412109,25.509683591353195,-0.02513041052888787,0.08766738615906888,0.04399426315305414,1
2019-05-14 00:00:00-04:00,254.0264654064371,256.82807669036634,253.90036279568255,255.2966461181641,77003200,259.82960510253906,257.2863168334961,33.29575699237189,0.009043877079068618,-0.28333435509574656,0.049141031239091616,1
2019-05-15 00:00:00-04:00,253.66603371953337,257.43151607626385,253.45883184669492,256.7919311523437,73956400,259.22154541015624,257.4171810913086,37.477651234234486,0.005857049267648851,-0.45149435642809976,0.051614600914135556,1
2019-05-16 00:00:00-04:00,257.49469006251053,260.5304998138744,257.4226353539373,259.1702575683594,76749600,258.90806274414064,257.62592651367186,40.219634194461975,0.0092616867101043,-0.38837436580769236,0.052056736950671124,0
2019-05-17 00:00:00-04:00,256.8640914521032,259.98097268898067,256.8460571586275,257.4946594238281,100353000,258.1702819824219,257.8427758789062,36.87490586765658,-0.006465240881621148,-0.468161411856272,0.05349128714394373,0
2019-05-20 00:00:00-04:00,255.8911929139284,257.6027739491999,255.04440579803452,255.7921142578125,62877600,257.371240234375,258.0354391479492,34.426455394584366,-0.006611963020224376,-0.6611530262846372,0.056231598145416034,1
2019-05-21 00:00:00-04:00,257.4856778560646,258.4766019386151,257.23344513426133,258.0982666015625,46847100,257.2433288574219,258.20283569335936,41.891405801338074,0.009015728848566607,-0.6208562064488774,0.05561870089334713,0
2019-05-22 00:00:00-04:00,257.1433677687246,258.26039439766816,256.82807001308,257.3055114746094,49482500,257.0721710205078,258.3355416870117,41.57323078790647,-0.0030715244135169906,-0.645449064779541,0.05550581317151536,0
2019-05-23 00:00:00-04:00,255.08047828674495,255.1255090466477,252.74731860287093,254.16163635253903,98733800,256.66500701904295,258.3721853637695,32.291064864687556,-0.01221845231395513,-0.9081548858616202,0.057860947884481054,1
2019-05-24 00:00:00-04:00,255.6028460403203,256.0172498237098,254.116474184375,254.7380523681641,55268100,256.1857543945313,258.4235873413086,34.78784195589775,0.002267911176120796,-1.0576472870485532,0.05752145817444545,0
2019-05-28 00:00:00-04:00,255.01735333950248,255.97223615216205,252.35088968290407,252.368896484375,70029400,256.1217971801758,258.402688293457,37.345562345369615,-0.009300361142610236,-1.3517104948100496,0.05823544800331108,0
2019-05-29 00:00:00-04:00,251.25190161916805,251.65726088805204,249.2700535558349,250.67535400390625,104972900,255.65966796875,258.32954193115233,35.630111881803415,-0.00671058321394058,-1.701795194548822,0.059403138704436545,1
2019-05-30 00:00:00-04:00,251.43207058068407,252.26986811379584,250.26099595179164,251.36001586914065,62523800,255.1164764404297,258.26882812499997,38.119194719806316,0.0027312691666678823,-1.9020675005983776,0.0603687766456335,0
2019-05-31 00:00:00-04:00,248.81063679481224,249.6393895956801,247.94581540525132,247.97283935546875,86862800,253.99673461914062,258.1556826782226,31.36796792364659,-0.013475399028600066,-2.307502134627015,0.0654091612411016,0
2019-06-03 00:00:00-04:00,248.0088483932753,249.12587484626775,246.0089938617991,247.3422393798828,96428000,252.9814926147461,257.9726318359375,38.72359317455235,-0.002543020345393443,-2.649158303104997,0.06531173587880207,1
2019-06-04 00:00:00-04:00,249.63933171869036,252.8463013603854,249.1889143252916,252.711181640625,77231900,252.67339935302735,257.9956930541992,45.41666103129925,0.021706532107911514,-2.4583561088549857,0.05864311981366465,1
2019-06-05 00:00:00-04:00,254.3326771964583,254.9272314639016,252.52201794105451,254.90020751953125,71169700,252.3535934448242,258.0663177490234,46.72698280277322,0.008662164707928133,-2.1062286089588724,0.056446784047305305,1
2019-06-06 00:00:00-04:00,255.1974974080596,257.2333653557435,254.548895254394,256.5577392578125,69430400,252.27881622314453,258.13261779785154,45.36425526568879,0.006502669238330316,-1.674117880813185,0.054722116605257075,1
2019-06-07 00:00:00-04:00,257.5757154656133,260.2061654606606,257.4045546359031,259.1251525878906,74272200,252.7751678466797,258.27675170898436,52.80444570887471,0.010007156040216625,-1.1116834221080012,0.05554850681016302,1
2019-06-10 00:00:00-04:00,260.6746596118022,261.98088155906305,260.22424204258215,260.3143310546875,60799100,253.33279571533203,258.42557281494135,57.918036798801324,0.0045892050807130325,-0.5634976474565008,0.05648093801768689,0
2019-06-11 00:00:00-04:00,262.1339010391324,262.5032465939486,259.60255753363475,260.25115966796875,58641300,254.12102203369142,258.54123870849605,54.09086111855295,-0.00024267348809725586,-0.132625055459755,0.05914116496002269,0
2019-06-12 00:00:00-04:00,260.0170178235672,260.5755311039681,259.27832655341695,259.79180908203125,47096300,255.0326675415039,258.58736236572264,54.78501469493039,-0.0017650280080347969,0.1698212311917473,0.061317176460634455,1
2019-06-13 00:00:00-04:00,260.7015648429283,261.22406438040923,259.99891485458375,260.8637084960937,48945200,255.98303680419923,258.6524014282226,64.01634118119337,0.00412599387890622,0.4903529334656582,0.06409934280309233,0
2019-06-14 00:00:00-04:00,260.5755310058594,261.1790750378197,259.8098157866652,260.5755310058594,52324700,257.2433059692383,258.70356964111323,62.357157761657476,-0.0011047051807079322,0.7129051746762798,0.06528235337583058,1
2019-06-17 00:00:00-04:00,260.80971080142655,261.44030622903506,260.50343023385363,260.6745910644531,39205700,258.5765411376953,258.7430264282226,69.45152003750785,0.000380158713334966,0.8870474176245011,0.06733202639874153,1
2019-06-18 00:00:00-04:00,262.4942892335855,264.4581026767264,262.1339332880597,263.40411376953125,85434800,259.6458343505859,258.81202972412103,78.43054523642368,0.010470996401805932,1.2311145483437826,0.07231268145156544,1
2019-06-19 00:00:00-04:00,263.5393445167066,264.53026880172155,262.566454531344,263.998779296875,78674400,260.5556915283203,258.88896453857416,78.34348043899011,0.0022576167047416718,1.5340907236144972,0.07702937779484034,1
2019-06-20 00:00:00-04:00,266.6832283388617,266.92644391683694,264.0617949221299,266.52105712890625,116570000,261.55202331542966,259.0430087280273,93.27464061687895,0.009554126874181001,1.9551900529646105,0.0845083545612062,0
2019-06-21 00:00:00-04:00,266.2512579710432,267.5094941837973,265.9163323811376,266.1335754394531,83309500,262.25286560058595,259.1716464233398,94.34492066224169,-0.0014538501896520506,2.231919591582084,0.0894442405561653,0
2019-06-24 00:00:00-04:00,266.34178300435536,266.6585865868795,265.65380982514523,265.8077087402344,47582700,262.8022033691406,259.295207824707,90.5600281271091,-0.0012244479062090141,2.3973004382354475,0.0930636121326256,0
2019-06-25 00:00:00-04:00,265.8619907313997,265.8891461105345,263.09203155963263,263.2006530761719,82028700,263.09715270996094,259.33149627685543,75.05771799714421,-0.009808051378262683,2.2915824111214533,0.09205221948595974,0
2019-06-26 00:00:00-04:00,264.09681645673555,264.6037352997455,262.82951934921067,262.9381408691406,51584900,263.4117858886719,259.36595672607416,71.03295084836832,-0.0009973843300278284,2.1616988530083745,0.08823484618134449,1
2019-06-27 00:00:00-04:00,263.6985511311664,264.3774633381139,263.3183757652805,263.8705444335937,40355200,263.71246948242185,259.41564300537107,67.5331557808663,0.0035460947634717854,2.109683257314771,0.08455111386123725,1
2019-06-28 00:00:00-04:00,264.84822100220697,265.7262820776857,264.3322686125038,265.2284240722656,59350900,264.1777587890625,259.50527740478515,67.93291236510656,0.0051460068860154085,2.1532092061404455,0.07435607513075701,1
2019-07-01 00:00:00-04:00,268.55960231230983,268.7768730392971,266.43233818876865,267.63629150390625,78705600,264.8739288330078,259.63279937744136,73.01234699389133,0.009078466759598003,2.3548533291843796,0.06021272440654268,1
2019-07-02 00:00:00-04:00,267.5909984158022,268.38759324301185,266.7491538200057,268.3332824707031,61504500,265.366845703125,259.76975921630856,76.22712867538901,0.0026042468414142483,2.541601100097978,0.05473189303038861,1
2019-07-03 00:00:00-04:00,269.01219161006856,270.4967597025448,268.8673536772652,270.4786376953125,40898900,266.01483154296875,259.90260162353513,77.69736865239723,0.007995114153771077,2.830088789243007,0.05384948776060617,0
2019-07-05 00:00:00-04:00,269.247465934971,270.333736252286,267.9530136047552,270.1707763671875,51677300,266.3798034667969,260.04099639892576,77.6093557638439,-0.001138209400743162,2.999301444999162,0.05290409123929455,0
2019-07-08 00:00:00-04:00,268.8583031221058,269.9898235013948,268.1431745073926,268.6863098144531,45841800,266.63507690429685,260.15294647216797,71.35068314899155,-0.005494548939359967,2.9792764053307224,0.05215201741584181,1
2019-07-09 00:00:00-04:00,267.5276691801684,269.3199800163049,267.47335840483174,269.0212707519531,41101300,266.95643310546876,260.24709381103514,67.15933138803175,0.0012466617213631181,2.956355934447174,0.05207865691198301,1
2019-07-10 00:00:00-04:00,270.08936704826425,271.2571037412516,269.55529277783,270.3066101074219,58448500,267.6670288085937,260.35865814208984,68.48901634622437,0.004777835417534293,3.0072418282430817,0.052321621419823106,1
2019-07-11 00:00:00-04:00,270.9493381022296,271.1846755452837,269.9355003090513,270.9402770996094,50826100,268.4672424316406,260.4801937866211,64.56593593398259,0.002344252668980973,3.0633880654571612,0.05145709612730011,1
2019-07-12 00:00:00-04:00,271.4290973293695,272.2256920471457,271.12132712023003,272.1532592773437,40326000,269.29551391601564,260.66580841064456,68.81714685832347,0.004476935621086531,3.1692289883876583,0.0520901995112383,1
2019-07-15 00:00:00-04:00,272.5877304367864,272.5877304367864,271.736825087093,272.2437438964844,33900000,269.9970458984375,260.8645816040039,70.41911784639575,0.0003324767058860978,3.2232543649924423,0.050943058939481464,0
2019-07-16 00:00:00-04:00,272.15322575697263,272.3614354132492,271.05792196743965,271.3656921386719,36650100,270.36998596191404,260.994446105957,79.0967935584063,-0.003225241268156931,3.1588056809114846,0.04742707559576806,0
2019-07-17 00:00:00-04:00,271.3386284093714,271.50156073888,269.5191345214844,269.5191345214844,36036300,270.4885711669922,261.1091781616211,71.07284410985248,-0.006804683387330646,2.925010170577707,0.04534083726517508,1
2019-07-18 00:00:00-04:00,269.02125784351875,270.8860013739702,268.57771065788086,270.5057983398437,51392600,270.4912872314453,261.3317465209961,71.17301527327119,0.003660830315855179,2.7872118255348255,0.043853952012568274,0
2019-07-19 00:00:00-04:00,271.6010788909573,271.6282342722078,268.8311195033801,269.00311279296875,58678600,270.37452087402346,261.53146697998045,61.934692034404385,-0.005555095514023223,2.5276147101461675,0.04346601044318663,1
2019-07-22 00:00:00-04:00,269.40141995777003,270.2070757552025,268.88546764229045,269.6639404296875,43638100,270.4722839355469,261.7600802612305,57.207166163351786,0.002456579888082233,2.3481375256893102,0.04289631473731319,1
2019-07-23 00:00:00-04:00,270.7864737406944,271.59210205078125,269.95366241592706,271.59210205078125,44564500,270.7293670654297,262.00131072998045,60.65108410950222,0.007150238990134783,2.334575558630206,0.04285270735284731,1
2019-07-24 00:00:00-04:00,270.8317320739579,272.86846923828125,270.741204897207,272.86846923828125,47213200,270.9855529785156,262.3985107421875,58.28130419701706,0.004699574022448472,2.3991637012918545,0.03992571282186492,0
2019-07-25 00:00:00-04:00,272.415816486124,272.4701272583008,270.7592550596967,271.5649108886719,55394100,271.0480163574219,262.7238760375977,54.51914078652422,-0.004777240672945049,2.318438489433504,0.033640070898386304,1
2019-07-26 00:00:00-04:00,272.2529093648894,273.5835786563894,272.1261658014066,273.3844299316406,45084100,271.17113342285154,263.0557260131836,64.90536735745086,0.006700125715853877,2.3739181076225577,0.028766461989590757,0
2019-07-29 00:00:00-04:00,273.26679981809065,273.38448239962065,272.3344277971472,272.8865966796875,38126500,271.23541870117185,263.33005279541015,62.13778497570708,-0.0018210007500339964,2.3506186532544007,0.02417360517798114,0
2019-07-30 00:00:00-04:00,271.4833604302327,272.623941541799,271.103157518043,272.2165832519531,45849000,271.3205078125,263.62449127197266,56.238735865005864,-0.00245528155609942,2.2521280534230073,0.022333733279940822,0
2019-07-31 00:00:00-04:00,272.46109378208786,272.6512091289259,267.2199103624136,269.238525390625,104245200,271.2924468994141,263.8934194946289,45.179655367358585,-0.010940031006750783,1.9117319073133103,0.021339463080812023,0
2019-08-01 00:00:00-04:00,269.3923878679063,272.35243534985585,266.0973871356964,266.8939819335937,142646600,270.93126525878904,264.0693338012695,36.00014297505085,-0.0087080534022006,1.4362245437626484,0.025103365436551003,0
2019-08-02 00:00:00-04:00,265.9977948047816,266.24219324196565,263.32739587533223,264.8843688964844,116749700,270.51939086914064,264.22091094970705,32.22583869170276,-0.00752963038937815,0.8869977967810314,0.03166814861148311,0
2019-08-05 00:00:00-04:00,260.7837200874932,260.89234160663744,255.01749757121053,256.91845703125,178745400,269.2448425292969,264.27604736328124,24.006707422199625,-0.03007316701404683,-0.18887365288748015,0.054842627252404276,1
2019-08-06 00:00:00-04:00,258.8103351570936,260.738449845443,257.3348285129576,260.52117919921875,120711700,268.13775024414065,264.39170989990237,34.77321858871133,0.014022823465464462,-0.7422438333551327,0.0630757409750793,1
2019-08-07 00:00:00-04:00,257.4435115429368,261.4445797648899,255.30721432375583,260.6751403808594,140572300,266.9184173583984,264.55783477783206,32.88163478737759,0.0005909737631077938,-1.155055546201993,0.06944762885906389,1
2019-08-08 00:00:00-04:00,262.16880673520035,265.7896728515625,261.61663791246286,265.7896728515625,87713900,266.3408935546875,264.86012115478513,45.029577642964895,0.01962033074281866,-1.0573236079353023,0.06990910230625891,0
2019-08-09 00:00:00-04:00,264.8482175889276,265.4456637627405,262.19594001239,263.9792175292969,93730000,265.40037231445314,265.1125051879883,41.50906586368887,-0.006811608979543471,-1.1131275155374851,0.07059217691989711,0
2019-08-12 00:00:00-04:00,262.476592043076,263.9701938764454,259.81525308542814,260.7657470703125,65527600,264.18828735351565,265.36836334228514,34.427242733755094,-0.0121731948789785,-1.4005085337141168,0.07353661714387087,1
2019-08-13 00:00:00-04:00,260.46692626244254,266.26936599228577,260.1229396524817,264.8210144042969,94299800,263.44873046875,265.71793884277344,39.281338890636725,0.01555138042302362,-1.2862072816120076,0.07305364609543029,0
2019-08-14 00:00:00-04:00,260.7657009081452,261.37218043993045,256.8642203454216,256.9909362792969,135622100,262.2239715576172,265.80353393554685,33.4634621324502,-0.029567434980994345,-1.8066190025392643,0.08058256370846559,1
2019-08-15 00:00:00-04:00,257.8781011137156,258.5660745475403,255.62412069239232,257.6698913574219,99556600,261.3015625,265.8589276123047,31.695531004279886,0.0026419417274199386,-2.139599073927741,0.0851006621290014,1
2019-08-16 00:00:00-04:00,259.3263521875103,261.90619630989795,257.7241018009672,261.4717102050781,83018300,260.9602966308594,265.95720703125,37.65408342107609,0.014754610356794151,-2.072819004416999,0.08594608874621604,1
2019-08-19 00:00:00-04:00,264.4951407782686,265.3007688833208,263.8162285844009,264.6218566894531,53571800,261.7306365966797,266.06714111328125,42.20406562438522,0.012047752630310438,-1.7455828314950281,0.08495020700341546,0
2019-08-20 00:00:00-04:00,264.114903213662,264.64897742124305,262.46743083392226,262.5941467285156,51596400,261.93793334960935,266.1127374267578,43.043873600375214,-0.007662669993722893,-1.63106317345148,0.08274169366155994,1
2019-08-21 00:00:00-04:00,264.75771569107485,265.10167473504976,264.069742353098,264.7305603027344,49524700,262.3434753417969,266.20232543945315,47.72515921093762,0.008135800438946905,-1.352326026061462,0.07804624880718873,0
2019-08-22 00:00:00-04:00,265.4365480911414,266.07018283661125,262.8747708540833,264.64898681640625,51666400,262.2294067382812,266.2994689941406,49.742035819996985,-0.0003081377768959781,-1.1250383849808259,0.07415297430084676,0
2019-08-23 00:00:00-04:00,263.34546766077995,265.0110618919458,256.60159698092207,257.8507995605469,149161500,261.61656494140624,266.2392108154297,51.04862941242291,-0.025687561995374142,-1.4764486081345467,0.06987683425397631,1
2019-08-26 00:00:00-04:00,260.0414831645936,260.7023010253906,258.5116653687146,260.7023010253906,72423800,261.61022033691404,266.2417462158203,50.20721390689862,0.011058726479435066,-1.507474180553686,0.061962593229362026,0
2019-08-27 00:00:00-04:00,262.09638348025754,262.4675255465736,258.9190648424156,259.679443359375,66668900,261.0960632324219,266.22184326171873,48.883070752659755,-0.00392347003456639,-1.5961982556006546,0.05315695472600356,1
2019-08-28 00:00:00-04:00,259.0186503479312,261.670927937777,258.21299444093967,261.50799560546875,59696700,261.5477691650391,266.1839208984375,44.8147376139411,0.0070415748833965175,-1.5016537106573082,0.04699639231770609,1
2019-08-29 00:00:00-04:00,264.0697022845135,265.3732159770952,263.0648978183525,264.8481750488281,57899400,262.2655975341797,266.2009088134766,51.014741079587,0.012772762208000055,-1.1440144254261781,0.04480455705453284,0
2019-08-30 00:00:00-04:00,266.3327834648498,266.35087784873895,263.7981884696932,264.7305603027344,62901200,262.5914825439453,266.16509887695315,54.990845692097174,-0.00044408365688031193,-0.860157877706456,0.0446779675335702,0
2019-09-03 00:00:00-04:00,263.02868486425206,263.9429344655797,261.85188719792905,263.1825561523437,69101400,262.4475524902344,266.10607849121095,47.79857554647098,-0.005847470532379995,-0.7514482881828144,0.04125896890897846,1
2019-09-04 00:00:00-04:00,265.3551411107405,266.18792470473994,264.60379605038094,266.1698303222656,46887300,262.80512084960935,266.1133209228516,64.1777424141578,0.011350578144672774,-0.4194123707196695,0.0430436900667802,1
2019-09-05 00:00:00-04:00,268.65915054275484,270.50577188502655,266.133589357725,269.5915222167969,83258100,263.2912170410156,266.24113830566404,66.97583869285585,0.012855295772584041,0.1184648367791965,0.048974041646567074,1
2019-09-06 00:00:00-04:00,269.9083317683097,270.4424060217157,269.22941960508075,269.7996826171875,49584300,263.80628662109376,266.378369140625,63.21067190269959,0.0007721325903684573,0.5551339647735745,0.053581132938882975,1
2019-09-09 00:00:00-04:00,270.7864219040724,270.8769214356232,268.99408365421084,269.9355163574219,51260300,265.01475830078124,266.4996685791016,59.320393546522176,0.0005034614530183834,0.9017630789214763,0.05841991977883866,0
2019-09-10 00:00:00-04:00,269.1751580163531,269.9355641661296,267.9169214798469,269.8721923828125,57947100,265.93174743652344,266.5925439453125,63.71086154896907,-0.00023458926585095963,1.1580106082261068,0.06158359264327486,1
2019-09-11 00:00:00-04:00,270.17988445721164,271.87263435713766,269.5281276782288,271.7911682128906,68821100,267.142919921875,266.6756414794922,63.411108122646525,0.007110683813455143,1.4986583329214227,0.0672040948526961,1
2019-09-12 00:00:00-04:00,272.69635808283294,273.7916618607953,271.9359798516439,272.7325744628906,72908700,268.2653778076172,266.7636273193359,64.86852105695075,0.003463711702591521,1.8235667829486033,0.06798043450527287,0
2019-09-13 00:00:00-04:00,273.1761761691998,273.52922378912524,272.1804327059594,272.55157470703125,62104800,269.0357177734375,266.8050860595703,85.73982926731532,-0.000663652870273479,2.0429045705885187,0.06734880537468366,0
2019-09-16 00:00:00-04:00,271.4200409627346,272.5968386795519,271.06702098519503,271.709716796875,58191200,269.73363342285154,266.83586486816404,79.65882049182062,-0.003088802224170517,2.1243126954723834,0.06844663136377564,1
2019-09-17 00:00:00-04:00,271.5105831463322,272.4882046094224,271.33858983685184,272.397705078125,41475500,270.6551483154297,266.9100927734375,84.89835771252076,0.0025320709518987794,2.2187675542649004,0.0711906065740512,1
2019-09-18 00:00:00-04:00,272.0084421096551,272.6692599657147,269.97170539749584,272.5606384277344,73375800,271.2942291259766,266.98088012695314,83.37907707620964,0.0005981450892276197,2.2804830805895904,0.07233298872563074,0
2019-09-19 00:00:00-04:00,272.9498693706403,273.9456128239517,272.20758537589813,272.5425109863281,76560500,271.5893280029297,267.0255981445313,79.06991223498676,-6.650792099260894e-05,2.301401226052633,0.07397816428293111,0
2019-09-20 00:00:00-04:00,273.1463237989638,273.4282622508574,270.46362073249094,271.2547912597656,89565000,271.7348388671875,267.0318884277344,72.64682203389812,-0.004724839886086962,2.1888392111079042,0.07424982529732703,0
2019-09-23 00:00:00-04:00,270.5909570013887,271.90959322004414,270.336327054296,271.191162109375,43476800,271.8604034423828,267.012646484375,80.99324452003032,-0.00023457336954346708,2.070629732004818,0.06609434018679522,0
2019-09-24 00:00:00-04:00,272.2824122840167,272.67344612254635,268.09918278912005,269.0631408691406,94869400,271.7794982910156,266.94903442382815,61.99481786621593,-0.007846941705925148,1.7846618675947639,0.06018015584421419,1
2019-09-25 00:00:00-04:00,269.1450611127477,271.10025862379086,267.66273993263906,270.6546630859375,71854000,271.6658477783203,266.93481384277345,55.1959383473584,0.005915051060713328,1.6672339812334371,0.05096680499205404,0
2019-09-26 00:00:00-04:00,270.6637140924757,270.87285754850967,268.6812361680686,270.0907897949219,56179700,271.40166931152345,266.94624694824216,51.374935498098814,-0.0020833680993576076,1.511250913362403,0.042790763830504,0
2019-09-27 00:00:00-04:00,270.8455691998778,270.9547201008358,267.08068181796534,268.6357421875,84746600,271.0100860595703,266.9088458251953,44.54125300871277,-0.005387253702825889,1.2557475506108062,0.03936646383739636,1
2019-09-30 00:00:00-04:00,269.1541465618406,270.59098115887195,269.1086878271732,269.88165283203125,51662400,270.82727966308596,266.9264166259766,50.03614165664027,0.00463791837372729,1.1406452232254765,0.03476821947813035,0
2019-10-01 00:00:00-04:00,270.76367044606576,271.4184369525393,266.45314046745057,266.67138671875,88242400,270.25464782714846,266.8665655517578,32.197393358390926,-0.011895088382607666,0.7813769266563781,0.027752647991867576,0
2019-10-02 00:00:00-04:00,265.08904970256856,265.098152547362,260.6693965347672,261.9607238769531,122539500,269.1946563720703,266.67393798828124,20.32312524802755,-0.017664672988576213,0.11521496416793298,0.037167436723924085,1
2019-10-03 00:00:00-04:00,261.7334246319195,264.1342448983291,259.01433776802537,264.1069641113281,85278800,268.3511016845703,266.4987078857422,29.007918505694988,0.008192984820820426,-0.23680974517247932,0.04239279344418035,1
2019-10-04 00:00:00-04:00,264.7617829260246,267.93556870041675,264.70719358868433,267.6809387207031,65091200,267.99371643066405,266.4210284423828,41.182717418165545,0.013532299768772793,-0.22481050592870133,0.04308396947332108,0
2019-10-07 00:00:00-04:00,266.88058737396443,268.50841485168297,266.2439987338841,266.5259094238281,59610500,267.5271911621094,266.2838580322266,37.4065836823014,-0.0043149478718772505,-0.3049865386829538,0.04450638158469912,0
2019-10-08 00:00:00-04:00,264.67077779882845,265.40738677887896,262.35179996128653,262.38818359375,95708100,266.8596954345703,266.07388977050783,31.36076674886627,-0.015524666397435771,-0.6944018836825876,0.05072562647192014,1
2019-10-09 00:00:00-04:00,264.4070675955947,265.81662125732413,263.7795817068035,264.87994384765625,62359400,266.2822235107422,265.9271569824219,37.12666154645973,0.009496465198159276,-0.792813066676274,0.052059860333894856,1
2019-10-10 00:00:00-04:00,264.7980323882292,267.55350232118553,264.63434769975464,266.67138671875,55296300,265.940283203125,265.87581420898437,42.427906066891396,0.006763225803626982,-0.7179738150123285,0.05091140286595118,1
2019-10-11 00:00:00-04:00,269.4268712759371,271.6730815760667,269.30867305178435,269.4359741210937,98720400,266.02030639648433,265.92665405273436,47.33788667619539,0.010367019260523191,-0.43062014910555035,0.04919615728814188,0
2019-10-14 00:00:00-04:00,269.1177195999643,269.79069193177,268.79035015685406,269.13592529296875,40394800,265.94573364257815,266.0116851806641,50.11687360891004,-0.0011136182876236855,-0.22451367750073814,0.047999076605156794,1
2019-10-15 00:00:00-04:00,270.1817208062417,272.54615738895194,270.06349481421915,271.8004455566406,46754500,266.45863952636716,266.3093249511719,51.77855277107476,0.009900277195515228,0.1520786352745631,0.047459017695277904,0
2019-10-16 00:00:00-04:00,271.3365803040101,272.0550111800969,270.92736860439646,271.3638610839844,48928200,267.3989532470703,266.5261785888672,51.98397826736244,-0.001606268421533108,0.4105692513364829,0.046384950177424625,1
2019-10-17 00:00:00-04:00,272.5280292964442,273.03728928971805,271.4731256667803,272.1642761230469,45736600,268.2046844482422,266.75596130371093,55.61347003653858,0.002949600716415146,0.6722623097565474,0.04599868193748953,0
2019-10-18 00:00:00-04:00,271.627605856506,272.2732695129562,270.1180045415431,270.97283935546875,64304000,268.53387451171875,266.85962463378905,51.73895958120236,-0.004377638331341749,0.7745879859226648,0.045796743296902136,1
2019-10-21 00:00:00-04:00,272.2915709810018,273.0099743891221,271.85505057590547,272.8099060058594,39048600,269.1622741699219,267.03623840332034,60.230355542580625,0.0067795231978240444,0.9924770890934269,0.04728657298416722,0
2019-10-22 00:00:00-04:00,273.34640214246485,273.637415698397,271.8277254489955,271.9186706542969,48594700,270.1153228759766,267.259296875,69.01673089072128,-0.003266873130125081,1.0807819471327775,0.04870385385272263,1
2019-10-23 00:00:00-04:00,271.6639775955633,272.76433939201576,271.45480644724023,272.70977783203125,34352200,270.89830627441404,267.41707214355466,67.32556552993202,0.0029093521817784573,1.200758326474272,0.0502102080420689,1
2019-10-24 00:00:00-04:00,273.64653848531685,273.792045273886,272.32790229380925,273.15545654296875,35453100,271.5467132568359,267.7403625488281,62.6148876052888,0.001634260107871821,1.3166257763867293,0.05224426941209162,1
2019-10-25 00:00:00-04:00,272.58249491439386,274.8196302606869,272.52793334522363,274.27398681640625,45205400,272.0305145263672,268.0724444580078,67.88391504948413,0.004094848726778233,1.4816283213343695,0.055326300179631145,1
2019-10-28 00:00:00-04:00,275.4926378342722,276.3201921595279,275.4653570434433,275.82000732421875,42147000,272.6989227294922,268.35941040039063,85.2163546167389,0.005636774109559983,1.717348437556609,0.059676231042248916,0
2019-10-29 00:00:00-04:00,275.54713265499714,276.66570031313864,275.4198038269224,275.73809814453125,44284900,273.0926879882812,268.5817352294922,82.58635659255536,-0.0002969660558062026,1.875924452313427,0.062423533635090095,1
2019-10-30 00:00:00-04:00,275.93820126006324,276.95672100272753,274.62866794732867,276.5838928222656,49643900,273.61469116210935,268.86153015136716,81.53848842696456,0.003067384171522969,2.046257663781887,0.0598598338166371,0
2019-10-31 00:00:00-04:00,276.5747934558149,276.5747934558149,274.39224715798696,275.8472595214844,69053800,273.9829895019531,269.0838641357422,73.42110837356077,-0.0026633268237880037,2.097627664000754,0.05784643779121635,1
2019-11-01 00:00:00-04:00,277.2931233292428,278.4480466031733,277.12941090841093,278.402587890625,71141500,274.72596435546876,269.35893615722654,79.0632010964862,0.009263562645405177,2.3178140849128113,0.061189446758880064,1
2019-11-04 00:00:00-05:00,279.95769948115407,280.0941033965786,279.1483233286738,279.52117919921875,60606900,275.3970916748047,269.79234375,76.81493368154848,0.004017891202337642,2.5531433329235824,0.0635752944775044,0
2019-11-05 00:00:00-05:00,279.721326580286,280.02144303161515,278.92105304685475,279.2120666503906,42933200,276.1264312744141,270.1625390625,77.50116562081607,-0.0011058644991184252,2.683763898462246,0.05740369647181408,1
2019-11-06 00:00:00-05:00,279.2120313794404,279.5485036742687,278.329915585056,279.27569580078125,46487100,276.78302307128905,270.5544641113281,76.27616317749127,0.0002278882540929228,2.7605935740754717,0.05314395446836967,1
2019-11-07 00:00:00-05:00,280.6125210197655,281.59465715586936,279.78496676724404,280.2578430175781,54272300,277.49326171875,270.9294610595703,84.84633304395032,0.003516765803700528,2.8676759346670337,0.05092153747506592,1
2019-11-08 00:00:00-05:00,279.9121579980025,281.0034446120877,279.2119328680502,280.9488830566406,49032100,278.16075134277344,271.25147521972656,83.4201319271794,0.002465729528287053,2.9740180045182,0.051775569736250936,0
2019-11-11 00:00:00-05:00,279.56674332282523,280.5852631776595,279.4303116169297,280.4124755859375,35797300,278.6199981689453,271.56511352539064,85.92393535046892,-0.0019092707003037779,2.9806521583965946,0.050189216486316926,1
2019-11-12 00:00:00-05:00,280.7762213895236,281.9038643775972,280.230577837926,281.0035705566406,46484600,279.14654541015625,271.9215338134766,85.68168748539362,0.002107948191206521,2.999035186495348,0.05113466246928063,1
2019-11-13 00:00:00-05:00,280.01220709432744,281.4945274456718,279.78485802823343,281.0943908691406,53917700,279.59759521484375,272.22002502441404,85.23072922732727,0.00032319985230122583,2.986505729888961,0.050763314669471454,1
2019-11-14 00:00:00-05:00,280.8126005592483,281.58559326566467,280.17601180041527,281.50372314453125,51219900,280.1632415771484,272.45826904296877,84.2386403052376,0.0014562093328329695,2.9753082376514612,0.050666377424969725,1
2019-11-15 00:00:00-05:00,282.8405183461568,283.5862302129895,282.1493958072757,283.540771484375,62023600,280.67705993652345,272.7330908203125,84.93909680983289,0.007236310472518603,3.095128209730376,0.05019617249791474,1
2019-11-18 00:00:00-05:00,283.3043130077444,283.9863604368472,282.8496147216759,283.7499084472656,49228000,281.0999328613281,273.0093786621094,85.84344340408335,0.0007375904417405987,3.1704154303677683,0.05081652326839852,0
2019-11-19 00:00:00-05:00,284.35010771793173,284.35921056429345,283.0223965204034,283.6680603027344,67804700,281.5455322265625,273.2852960205078,84.01868775389377,-0.0002884517037525791,3.1867418574530575,0.04879392823862925,0
2019-11-20 00:00:00-05:00,283.0769908741344,283.5953536303308,281.05812918125986,282.6131896972656,79406200,281.87928161621096,273.5017364501953,81.52690165920583,-0.0037186795169783515,3.0790678490927235,0.04547986488365886,0
2019-11-21 00:00:00-05:00,282.72235757531104,282.8314807405151,281.3582625050897,282.15850830078125,54664700,282.06934814453126,273.6902551269531,71.76143998868378,-0.0016088470498190066,2.923347898103998,0.04115661958149435,1
2019-11-22 00:00:00-05:00,282.90420623191045,283.0406101816487,281.77656324396247,282.7859802246094,44850200,282.2530578613281,273.8949432373047,70.05740812263065,0.0022238277612356416,2.8180853219013784,0.03770140715946716,1
2019-11-25 00:00:00-05:00,283.7135229082867,284.9775695800781,283.7135229082867,284.9775695800781,48647200,282.7095672607422,274.16030029296877,78.76676452316275,0.007749992958377971,2.8783273509891387,0.03754340066119341,1
2019-11-26 00:00:00-05:00,285.0139498893716,285.80512037479554,284.69565557558855,285.62322998046875,37569000,283.171533203125,274.4248107910156,79.93230563774306,0.0022656534033258513,2.9442297435991236,0.03682191235675064,1
2019-11-27 00:00:00-05:00,286.1052554908473,286.8964538574219,285.88700918425144,286.8964538574219,44444600,283.7517395019531,274.7115270996094,80.46848300474534,0.00445770421768632,3.0638779132516447,0.037705066523699066,0
2019-11-29 00:00:00-05:00,286.3325849809778,286.5781398116173,285.60507884056364,285.8324279785156,36592700,284.1846099853516,274.9773254394531,71.67148784953577,-0.0037087453142067295,3.0378238118045715,0.03446152255503904,0
2019-12-02 00:00:00-05:00,286.0871227294909,286.1507871631629,282.9770013590079,283.4044189453125,75767800,284.1709747314453,275.2203179931641,61.36859096264275,-0.008494519150170077,2.789104649198123,0.03221976099328769,0
2019-12-03 00:00:00-05:00,280.6852717064484,281.58559326566467,279.302998783299,281.50372314453125,73941700,283.94635620117185,275.4265692138672,51.72842917437423,-0.00670665548495919,2.4108320830002867,0.030908675146622523,1
2019-12-04 00:00:00-05:00,282.54947817999374,283.8408055521402,282.2039031007338,283.2406005859375,49080000,283.9036102294922,275.71011840820313,56.65926191057858,0.006169998115848951,2.225545143749457,0.02890260491755736,1
2019-12-05 00:00:00-05:00,283.9409017092727,283.9590796497863,282.44037516318184,283.7499084472656,40709000,284.0172821044922,275.9720233154297,56.9264936995944,0.0017981456764126769,2.095643523374008,0.026635610692657997,1
2019-12-06 00:00:00-05:00,285.65968831162513,286.7418726099388,285.650585463755,286.3417358398437,48927000,284.43560485839845,276.29704223632814,58.351501563256235,0.009134196401193728,2.1767422336175173,0.027081354617106767,0
2019-12-09 00:00:00-05:00,285.95078840854376,286.62373329243644,285.36876102051184,285.4415283203125,34838500,284.70115966796874,276.6331579589844,54.84418996083122,-0.0031438222475353994,2.143663503804362,0.026763216333383213,0
2019-12-10 00:00:00-05:00,285.38690178003736,286.05074366224494,284.4684021590699,285.1231689453125,52649800,284.71571960449216,276.93798828125,54.111217836517014,-0.0011153225561585378,2.067921716870387,0.025170661439825295,1
2019-12-11 00:00:00-05:00,285.5778171170683,286.1871250585876,285.04127644599606,285.9324951171875,53429100,284.74664611816405,277.3232104492188,59.51021521641436,0.0028385142283200437,2.049575433503378,0.024384288728586112,1
2019-12-12 00:00:00-05:00,285.941651042495,289.1791016780048,285.7052267281645,288.39703369140625,96389600,284.8967041015625,277.8519366455078,66.0281761700607,0.008619302165039588,2.2084459475152016,0.026171924599415274,1
2019-12-13 00:00:00-05:00,288.1604321507903,289.7973623184911,287.3874396620907,288.5696716308594,81503900,285.17042846679686,278.34119079589846,65.21520621453514,0.0005986120496574987,2.321521360244276,0.027603519269863794,1
2019-12-16 00:00:00-05:00,290.2975551457974,291.14328723980907,288.5060429102938,290.5521850585937,82749700,285.885205078125,278.7986157226562,64.8283050327382,0.006870137864904757,2.541806343253029,0.032847223418166725,1
2019-12-17 00:00:00-05:00,290.93420015250655,291.2342888479106,290.5340633902449,290.61590576171875,61097700,286.7964233398437,279.28041564941407,63.70464315990881,0.00021930897925348525,2.690510971862466,0.036850366617198343,1
2019-12-18 00:00:00-05:00,291.0068585533776,291.2342076616224,290.57944111977423,290.6340026855469,48133000,287.5357635498047,279.84533203125,61.01862348178145,6.227093379718163e-05,2.777799982823467,0.039816717348892035,1
2019-12-19 00:00:00-05:00,290.8250365559366,291.898145691162,290.57040660492686,291.82537841796875,85310500,288.343310546875,280.3842407226563,67.5360719241754,0.004099230377083263,2.909571488780159,0.04267002434860773,1
2019-12-20 00:00:00-05:00,292.8580962191564,294.2380456575413,291.8802787725272,293.1048583984375,147142100,289.0196228027344,280.91291015625,80.42995435468575,0.00438440271166618,3.0817205418744607,0.04558386434203993,1
2019-12-23 00:00:00-05:00,293.8907083716504,293.945538202169,293.4063596093835,293.5525817871094,52990000,289.8307281494141,281.39524230957034,91.58796402606437,0.0015275195065624914,3.2171916595845573,0.04824678594194084,1
2019-12-24 00:00:00-05:00,293.7810258479753,293.82670807350945,293.2601146095581,293.56170654296875,20270000,290.67458190917966,281.8837579345703,90.44878510842925,3.108388897077319e-05,3.2873947476073226,0.05131587932616807,1
2019-12-26 00:00:00-05:00,293.9454926967339,295.13353724845075,293.9363729857451,295.1243896484375,30911200,291.59377136230466,282.35023681640627,91.17723093647773,0.005323184429846695,3.429592460339393,0.055633108038077216,0
2019-12-27 00:00:00-05:00,295.85550805385674,295.9103378824698,294.52126907589263,295.0513000488281,42528800,292.2591979980469,282.8239855957031,88.56220189436465,-0.0002476569276311791,3.4960867405984004,0.05928805610844862,0
2019-12-30 00:00:00-05:00,295.13348547956235,295.27056001059447,292.9401814269704,293.4245300292969,49729100,292.74468383789065,283.24919067382814,83.20870984859833,-0.005513515850504747,3.3785711268148475,0.06031298461626549,1
2019-12-31 00:00:00-05:00,292.9219282002029,294.38412167588007,292.5746541122148,294.1373596191406,57077300,293.1032012939453,283.71248107910156,86.30681524857478,0.0024293455962001165,3.3048621530766127,0.0593805017586173,1
2020-01-02 00:00:00-05:00,295.67275187158805,296.906478796011,294.7497366062965,296.88818359375,59151200,293.7304290771484,284.19404663085936,88.15875067496034,0.00935217470562466,3.4288896599106238,0.05742278828309146,0
2020-01-03 00:00:00-05:00,293.49777150755784,295.7641735797391,293.4429416733868,294.6401062011719,77709700,294.13103942871095,284.6484753417969,72.07757308900185,-0.007572134954533238,3.3076527332654564,0.054032046766284196,1
2020-01-06 00:00:00-05:00,292.88539410667613,295.84634385164514,292.7665868662051,295.7640991210937,55653900,294.52491149902346,285.1095617675781,73.83791829380004,0.003814799466418828,3.2646357418047955,0.050788237868597146,0
2020-01-07 00:00:00-05:00,295.1974966361732,295.6727256283345,294.48468103695666,294.9324951171875,40496400,294.7076751708984,285.5451025390625,65.71198381665911,-0.00281171381644163,3.1273903636616183,0.04898988850552081,1
2020-01-08 00:00:00-05:00,295.1245060931083,297.7198876196762,294.87777179661947,296.50445556640625,68296000,295.00286254882815,285.9897119140625,69.05971694311219,0.005329899130287918,3.1096207116219716,0.04622332448184673,1
2020-01-09 00:00:00-05:00,298.0670758368869,298.5879870903448,297.48218715461246,298.5148620605469,48473300,295.49817810058596,286.44360900878905,72.59428283450472,0.006780358461393687,3.220635653726106,0.04338180978283345,0
2020-01-10 00:00:00-05:00,299.0997799160431,299.2551218137174,297.1897996894312,297.6558532714844,53029300,295.75132446289064,286.8819641113281,67.04062392410742,-0.0028776081134890275,3.2023858542104335,0.03887852642028196,1
2020-01-13 00:00:00-05:00,298.2773104255387,299.71206160755526,297.84779146443003,299.70294189453125,47086800,296.21648864746095,287.34434509277344,68.4559885545317,0.006877367270113011,3.314893669485798,0.039071549939488394,0
2020-01-14 00:00:00-05:00,299.264238992548,300.31518120708546,298.6884979136288,299.2459716796875,62832800,296.7986328125,287.8123193359375,65.91716905246608,-0.0015247438412018255,3.3288107877397124,0.03738359290303457,1
2020-01-15 00:00:00-05:00,299.1546261328861,300.6807697217704,299.07238137860776,299.9222717285156,72056600,297.3771240234375,288.24271301269533,67.14289709310273,0.0022600138776538437,3.3557292086401844,0.037881134639609855,1
2020-01-16 00:00:00-05:00,301.3021641332184,302.4170837402344,301.0736972292317,302.4170837402344,54050300,297.9300140380859,288.7006311035156,68.71482653893938,0.008318195235520909,3.537593554056741,0.040646347143118676,1
2020-01-17 00:00:00-05:00,303.1300229930702,303.5686617786413,302.3532296249044,303.3584899902344,95846000,298.8018524169922,289.1835595703125,70.40872939708751,0.0031129400441167743,3.7148633425847493,0.0430324055179826,0
2020-01-21 00:00:00-05:00,302.39877129641013,303.5685206625626,302.32567416247394,302.7643127441406,77742400,299.5018737792969,289.6533319091797,74.17195842416216,-0.0019586636461463858,3.764016549377402,0.044281671451436064,1
2020-01-22 00:00:00-05:00,303.6233480257216,304.2722140708887,302.64553093599403,302.8008728027344,48914900,300.28871154785156,290.1041925048828,73.2350630217713,0.00012075418751433808,3.762548592998769,0.04564096829417962,1
2020-01-23 00:00:00-05:00,302.15198966510025,303.55935330142336,301.0370702966662,303.1481018066406,51963000,300.953076171875,290.5481768798828,69.27362963436258,0.0011467239202196389,3.7462196178798877,0.04677427963434378,0
2020-01-24 00:00:00-05:00,303.80614634423307,303.88839108132504,299.1636833310754,300.4522399902344,87578400,301.1468139648438,290.94897216796875,67.4147604661201,-0.008892887009154915,3.4756797959750543,0.045096583945548184,0
2020-01-27 00:00:00-05:00,295.20662007158137,297.1165998171226,294.86849355577584,295.6361389160156,84062500,300.94484252929686,291.24162353515624,49.68605634962839,-0.01602950630148503,2.8399191113999223,0.0447743200642896,1
2020-01-28 00:00:00-05:00,297.0617682289767,299.6114663707145,295.72752948381543,298.7341613769531,63834000,300.84796447753905,291.5944189453125,58.39371695857887,0.010479173731252178,2.5565879552817137,0.04352664783693026,0
2020-01-29 00:00:00-05:00,300.0958426351734,300.32430953188833,298.2863747731424,298.4874267578125,53888900,300.77210998535156,291.9340930175781,54.65034724806623,-0.0008259337265057454,2.285787416564972,0.04041283330338163,1
2020-01-30 00:00:00-05:00,296.4220989348696,299.66634584075405,295.67274865407313,299.4561462402344,75491800,300.7254974365234,292.2524005126953,52.32083575369224,0.003245428100419945,2.124849660708719,0.037653473086641166,0
2020-01-31 00:00:00-05:00,298.8348117216408,298.9901815401948,293.1048698672145,294.01873779296875,113845600,299.8856628417969,292.45777709960936,42.68403625662501,-0.018157611775660554,1.540790634991481,0.04012323688461908,1
2020-02-03 00:00:00-05:00,295.49906033977834,298.0670257718115,295.38025310308274,296.2027282714844,69083000,299.1700866699219,292.7084704589844,42.99797439112688,0.007428065622312463,1.2398571272599384,0.03879742163391829,1
2020-02-04 00:00:00-05:00,299.8126259633462,301.58553178633565,299.4927666447389,300.71734619140625,62573200,298.96539001464845,293.0705535888672,52.53231705907934,0.015241648671729946,1.3500940464126643,0.03770648852989555,1
2020-02-05 00:00:00-05:00,303.65082382168174,304.4002020615823,302.1886577494263,304.19000244140625,65951100,299.10430297851565,293.5111834716797,56.70009246793567,0.011547908007240926,1.6980973272712276,0.03786933702871345,1
2020-02-06 00:00:00-05:00,305.14958457567815,305.40546643081,304.1351768681348,305.21356201171875,50359700,299.31084899902345,293.95973510742186,54.60294656895001,0.003364869200491505,2.033049409595378,0.03979660509184863,0
2020-02-07 00:00:00-05:00,304.153385374973,305.22259472273987,303.0384659191935,303.5867919921875,64139400,299.6243041992187,294.33191955566406,50.367489215043825,-0.005329940153409041,2.1425367727117646,0.040694981404125245,1
2020-02-10 00:00:00-05:00,302.70035366918944,305.9171573524588,302.66379115886144,305.8531799316406,42070000,300.64600830078126,294.7365185546875,54.71804357067742,0.007465370692119722,2.384695576332433,0.042769029908264186,1
2020-02-11 00:00:00-05:00,307.2057149525741,307.991627648604,305.8531809561454,306.3832397460937,54864500,301.4109161376953,295.1262542724609,55.39056537404281,0.0017330531419406103,2.5895290905633033,0.045643102314474,1
2020-02-12 00:00:00-05:00,307.81806277084456,308.5674410211826,307.4525212476893,308.3572692871094,43992700,302.397900390625,295.5767510986328,57.47264312343822,0.006443007596145245,2.8779733275994204,0.04989402213115236,0
2020-02-13 00:00:00-05:00,306.9315460120865,308.99689562686603,306.6573968990736,308.0281982421875,54501900,303.25510559082034,296.0692266845703,61.65957930471524,-0.0010671745980973535,3.044914303715416,0.05301141665710359,1
2020-02-14 00:00:00-05:00,308.4394227537769,308.6404747153644,307.24225858355834,308.52166748046875,64582200,304.7053985595703,296.6095855712891,72.87466939422077,0.0016020261816849235,3.180373705108366,0.05638081506291217,0
2020-02-18 00:00:00-05:00,307.5256020605576,308.58569184757795,306.3375574198674,307.7266540527344,57226200,305.8577911376953,297.099306640625,67.38520429234586,-0.0025768479543976097,3.186839416179737,0.05853597285472428,1
2020-02-19 00:00:00-05:00,308.69538196134926,309.87425122864335,308.4120852020123,309.197998046875,48814700,306.7058563232422,297.6082684326172,69.77061481089241,0.004781334261309889,3.2729600563958456,0.06172390420796338,0
2020-02-20 00:00:00-05:00,308.64963919276863,309.4721423570291,304.9393389090685,307.9277038574219,74163400,307.0796264648437,298.03998779296876,65.4654407045568,-0.00410835192167236,3.2018007929461874,0.0634746318981474,0
2020-02-21 00:00:00-05:00,306.5751794829659,306.8858911350751,303.93408860649663,304.756591796875,113788200,307.0339294433594,298.4262890625,71.37109607512056,-0.010298235659936483,2.8565952706790654,0.06364797756785358,0
2020-02-24 00:00:00-05:00,295.307216805096,304.82970245486194,293.5708458942109,294.64923095703125,161088400,306.1401733398437,298.6168103027344,47.649474577570345,-0.03316535593290948,1.7472961162010279,0.06813435729729343,0
2020-02-25 00:00:00-05:00,296.0382130274045,296.6504885783915,284.8433371792398,285.7206420898437,218913200,304.1269195556641,298.6125732421875,29.982891778277406,-0.030302433976111764,0.14602278221946108,0.08271102294113705,0
2020-02-26 00:00:00-05:00,287.1188970838777,290.71038982346295,283.938655892988,284.66973876953125,194773800,301.9555694580078,298.53802734375,22.144123805442618,-0.003678079793695832,-1.1940329184715779,0.09778720565800535,0
2020-02-27 00:00:00-05:00,279.14996516623097,284.72456262234533,271.8847351074219,271.8847351074219,284353500,298.3083160400391,298.20432861328123,14.39182848904126,-0.04491170616649254,-3.2502132277456894,0.13232672156474068,0
2020-02-28 00:00:00-05:00,263.833624362164,272.23207101783856,260.9457989935452,270.7424621582031,384975800,294.5797424316406,297.8081341552734,14.542380408619394,-0.004201313283614283,-4.915262728365406,0.15983204961163167,1
2020-03-02 00:00:00-05:00,272.5244617816566,282.5313236197292,269.0974581232793,282.46734619140625,238703600,291.97431030273435,297.64516296386716,29.034960382100294,0.04330640986175238,-5.228455915907546,0.1670789158972356,0
2020-03-03 00:00:00-05:00,282.8420313278847,286.8082134931983,271.93959720140725,274.3796081542969,300139100,288.6396057128906,297.3200750732422,24.73307816519886,-0.028632470783468644,-6.05942733456709,0.18254243271364293,1
2020-03-04 00:00:00-05:00,279.7531988125764,286.1320059219411,277.20349991147214,285.91265869140625,176613400,286.3110717773437,297.20182067871093,34.603801691715546,0.04203319122251892,-5.721404587427628,0.18573903580195994,0
2020-03-05 00:00:00-05:00,278.71135042930734,281.9007394258582,274.1694273459628,276.40838623046875,186366800,283.1591400146484,296.8678912353516,30.73497015376057,-0.0332418736002722,-6.149546339829897,0.1943892535475424,0
2020-03-06 00:00:00-05:00,267.9002831419246,273.0453622263488,265.23180535005173,271.83905029296875,228667200,279.8673858642578,296.4336206054688,28.70784936553069,-0.016531104572529487,-6.779410165474644,0.2048831694166903,0
2020-03-09 00:00:00-04:00,251.5876955068561,259.71199044908684,249.89706305118028,250.60987854003903,309417300,275.4634506225586,295.5745840454102,23.20356685877242,-0.07809463625645552,-8.889130166820564,0.24207659228205985,1
2020-03-10 00:00:00-04:00,260.1232192072673,263.6690011437003,249.9427234117385,263.57763671875,276444100,273.24915008544923,294.9436489868164,30.681084783437484,0.05174480054120911,-9.406279029210737,0.25250596553184795,0
2020-03-11 00:00:00-04:00,256.5225969621083,257.6557836428945,247.5484121689221,250.7286529541016,255316300,269.85504150390625,294.05719604492185,27.941049605785565,-0.04874838368157497,-10.729248734198165,0.273915143391163,0
2020-03-12 00:00:00-04:00,233.95011542645676,243.69194779831977,226.3467299817304,226.7397003173828,392220700,265.34053802490234,292.7234994506836,24.075302433635883,-0.09567694937965543,-13.557141462867378,0.32474135739688514,1
2020-03-13 00:00:00-04:00,240.4294577708272,248.096821413276,227.1144121941133,246.12286376953125,329566100,262.87857818603516,291.7632095336914,34.8112157545696,0.08548641206201002,-14.071994334298722,0.33482577902738475,0
2020-03-16 00:00:00-04:00,220.4065784730682,234.7725780910604,216.91561153342053,219.19114685058597,297240000,256.55095825195315,290.20926879882813,31.28536135054125,-0.10942387272140663,-16.463403553777056,0.3755934397289431,1
2020-03-17 00:00:00-04:00,223.9341049943912,234.1054695359692,216.65059323263955,231.02572631835935,262070500,252.21557006835937,288.9369812011719,35.77314990174463,0.05399205049025335,-17.205328613730842,0.3877426130347837,0
2020-03-18 00:00:00-04:00,215.90124320983887,226.97731522464505,208.38011597518343,219.3282470703125,327597100,245.55712890625,287.40826416015625,35.98070152702378,-0.05063279936160625,-18.523669058111693,0.40478740877826874,1
2020-03-19 00:00:00-04:00,218.64279772578,226.0725449069811,212.2183103648007,219.7942657470703,289322000,239.89571685791014,285.9054995727539,36.36050058623514,0.0021247544854923195,-19.308285647921025,0.4112645369932049,0
2020-03-20 00:00:00-04:00,222.94359769257548,224.7269281094163,210.0466430097641,210.32241821289065,347158800,233.74405364990236,284.1818588256836,30.45001973981158,-0.043094152169918076,-20.458565279154357,0.4234847120792252,0
2020-03-23 00:00:00-04:00,209.7617468956756,211.131407928482,200.6336703421104,204.9449157714844,326025200,229.17755737304688,282.31045989990236,30.903952564127522,-0.025567899452178633,-21.555610025114277,0.443938938596123,1
2020-03-24 00:00:00-04:00,215.4886054086695,224.38687102789407,214.91868012837568,223.5135803222656,235494500,225.17115173339843,280.82761444091796,33.47827232250857,0.0906031968682035,-20.688209049663158,0.4421924608931135,1
2020-03-25 00:00:00-04:00,225.09469216308327,235.64759611425825,220.388179532868,226.8596343994141,299430300,222.78424987792968,279.3707482910156,36.438466557140686,0.0149702495585462,-19.505936631976937,0.432796366615551,1
2020-03-26 00:00:00-04:00,229.36911860691484,241.5766292796349,228.9370740257552,240.1058654785156,257632800,224.12086639404296,278.18794616699216,41.708430196814454,0.05838954609165903,-17.300685544779014,0.42473105447407583,0
2020-03-27 00:00:00-04:00,232.8162667433577,239.74734053233652,230.77554977075565,232.9541473388672,224341200,222.80399475097656,276.84858367919924,45.020401495369455,-0.02978568693186856,-15.946273341792136,0.41774817575331263,1
2020-03-30 00:00:00-04:00,235.05000243161496,241.23649258023636,233.0552504528324,240.5194854736328,171369500,224.93682861328125,275.6106317138672,43.29230102449233,0.03247565334718283,-14.099897509991592,0.39185800273388255,0
2020-03-31 00:00:00-04:00,239.5175603608972,242.0638491887975,235.52805566114748,236.9344940185547,194881100,225.52770538330077,274.2821517944336,45.75862562080747,-0.014905201747037355,-12.778606390211166,0.37209097896013443,0
2020-04-01 00:00:00-04:00,227.9535149843628,236.85178045649488,224.20300778799435,226.27130126953125,189554600,226.22201080322264,272.7522915649414,49.843122861317994,-0.04500481364350595,-12.448406713493767,0.32893239136970065,1
2020-04-02 00:00:00-04:00,225.38877677619996,232.27388514188416,224.83722638514368,231.49253845214844,177660400,227.39183807373047,271.3261248779297,44.586436576402306,0.02307511890956837,-11.631332129264308,0.28931366123337615,0
2020-04-03 00:00:00-04:00,230.50895788891836,232.8622275477319,225.41636693712172,228.14651489257807,135561200,229.17424774169922,269.82609313964844,54.014388347487774,-0.01445413135966811,-11.125542444044413,0.24765460232876038,1
2020-04-06 00:00:00-04:00,237.01728530002973,245.43754294883288,228.128219416488,243.4703521728516,188061200,233.02679138183595,268.68645538330077,55.409289372119446,0.06716665072656802,-9.380067295727287,0.2407785323218167,1
2020-04-07 00:00:00-04:00,252.0651590767528,252.8189437055567,243.49785113917028,243.7184600830078,201427200,235.04727935791016,267.6481018066406,61.77352429610553,0.0010190477318572366,-7.8858423485635,0.20957236695735776,1
2020-04-08 00:00:00-04:00,246.31990229743064,253.71061054645543,243.82876611393948,251.8997039794922,153774500,237.55128631591796,266.7114126586914,64.4234478866844,0.0335684210941507,-5.972651297378718,0.21139202157412812,1
2020-04-09 00:00:00-04:00,255.1630179533185,258.4906954182596,253.223432045882,255.73297119140625,189999200,239.11399688720704,265.8563235473633,71.48952596946086,0.015217434365171645,-4.099860339547035,0.23139606754817213,0
2020-04-13 00:00:00-04:00,254.75852789066585,255.0986426572072,249.4912655448582,253.3980407714844,114839100,241.15838623046875,264.93516143798826,73.60921973434512,-0.009130345645474991,-2.772114177142214,0.23972032415994032,1
2020-04-14 00:00:00-04:00,258.2884549436128,261.8918654699185,253.26020343605688,260.8715209960937,134143400,243.19358978271484,264.2722171020508,70.40979140462753,0.0294930465991603,-1.1040911068887738,0.2557863931582635,0
2020-04-15 00:00:00-04:00,255.1538331068728,261.0093961292997,253.2142192338988,255.3284912109375,121775000,245.03298950195312,263.45473236083984,65.18879685851718,-0.021248121542708387,-0.22683220443042273,0.2665346779255488,1
2020-04-16 00:00:00-04:00,256.60628411021946,257.4152211975013,253.490069709244,256.5603332519531,131798300,248.0618927001953,262.5715921020508,60.0697776311912,0.004824538128014755,0.561330485433416,0.2680714438657717,1
2020-04-17 00:00:00-04:00,262.33311040568213,264.0980381515972,259.5937609848719,263.4913635253906,146684800,251.26177520751952,261.75761932373047,68.73873005023434,0.02701520607486474,1.7253426376472873,0.27374380344012667,0
2020-04-20 00:00:00-04:00,259.78676762850023,263.629217542873,258.628542678586,258.8491516113281,100109300,254.33203887939453,260.83033111572263,61.66626362922109,-0.01761807997025744,2.247337047090241,0.25517184985939734,0
2020-04-21 00:00:00-04:00,254.3817345361201,255.58593877116283,250.0520864620385,250.9897308349609,126385700,255.08397674560547,259.7783898925781,58.484095337709945,-0.030362938133822626,2.003734006264523,0.21081412906038097,1
2020-04-22 00:00:00-04:00,255.87090205979612,258.3068866614787,254.5471919266126,256.5603332519531,92951600,256.3681640625,258.7925329589844,69.48091637214988,0.022194543172984194,2.2344208878133713,0.19844545640751782,0
2020-04-23 00:00:00-04:00,257.8380651634286,261.0094598770433,256.2385937703153,256.5419311523437,104709700,256.83238677978517,257.7957067871094,67.26652899472481,-7.172620715045763e-05,2.388227013413399,0.1871465158566996,1
2020-04-24 00:00:00-04:00,258.0586753592096,260.78882372538203,256.00875672334155,260.1177673339844,85063200,257.27086639404297,256.8309167480469,71.96816271513991,0.013938603196672839,2.766766015043885,0.18991029879101068,1
2020-04-27 00:00:00-04:00,262.09412629154366,264.98973134296574,261.6345055515394,263.8682556152344,77896600,258.317887878418,255.94771789550782,66.66661679636684,0.014418424084174486,3.3309963092410158,0.18750548755594676,0
2020-04-28 00:00:00-04:00,267.5176749953601,267.8669912848749,262.35154179492,262.6549072265625,105270000,258.49622650146483,255.0303826904297,65.2322321371366,-0.004598311327153937,3.638305684695297,0.1887230877603443,1
2020-04-29 00:00:00-04:00,267.9864125643177,271.0658765011641,266.9568668064149,269.5307312011719,118745600,259.9164505004883,254.26646423339844,64.48640195140104,0.026178166809114334,4.3861117439551265,0.19108276900260066,0
2020-04-30 00:00:00-04:00,268.1519197995434,269.6319131452093,265.2838909183048,267.0212707519531,122901700,260.9625442504883,253.4229296875,59.48120036336122,-0.00931047987750877,4.721830623563449,0.16933894823023762,0
2020-05-01 00:00:00-04:00,262.2688409907654,267.18678958026203,258.78490717517025,259.9523620605469,125180000,260.60864410400393,252.4634228515625,55.09953704033478,-0.026473204443599685,4.367146652163598,0.1463046545720408,1
2020-05-04 00:00:00-04:00,258.06781222922524,260.97261831344605,256.58784709475344,260.6692810058594,80873200,260.79065704345703,251.58167663574218,49.82416153682874,0.002757885866586207,4.09668241206424,0.10462391003058123,1
2020-05-05 00:00:00-04:00,263.4913676039255,265.8905741855777,260.79796898937275,263.07769775390625,79569900,261.99945373535155,250.9502459716797,57.12600712247112,0.009239357774546209,4.030218803146113,0.09221209942339767,0
2020-05-06 00:00:00-04:00,264.77830538088773,265.1643710660051,260.8623279708527,261.2943725585937,73632600,262.4728576660156,250.4617205810547,54.30961196962248,-0.006778701541552801,3.789958195927227,0.07481749656614502,1
2020-05-07 00:00:00-04:00,264.5117718579719,266.37783119413643,263.9418465513149,264.4474182128906,75250400,263.26340637207034,250.05727416992187,50.9346290690882,0.012067024725493702,3.8100544311164413,0.07129498703022612,1
2020-05-08 00:00:00-04:00,267.58198598128706,269.2917896381727,266.45130891700745,268.8229675292969,76452400,264.13392639160156,249.99603881835938,59.80140005434187,0.016546008828430825,4.131426590124875,0.07533068002852926,1
2020-05-11 00:00:00-04:00,266.89254797828886,270.2569749098558,266.4697047839562,268.87811279296875,79514200,264.634912109375,249.95875183105468,70.76409653483313,0.00020513598290605728,4.340531162061097,0.07523116432066988,0
2020-05-12 00:00:00-04:00,270.0639458677684,270.47758767684087,263.3810427599695,263.5189514160156,95870800,264.7213165283203,249.57978393554689,58.11712120931646,-0.019931564236615906,4.027383338925915,0.07547530961869402,0
2020-05-13 00:00:00-04:00,262.9581764567652,263.9969236633219,256.43155730782263,258.8583679199219,144721100,263.6540802001953,249.26935913085939,52.43804591447042,-0.01768595188714195,3.3643590579899296,0.07272885363913008,1
2020-05-14 00:00:00-04:00,256.4224143490226,262.08491700872327,250.94371509495167,261.95623779296875,121977900,263.1475769042969,248.79023071289063,51.95465326424467,0.011967431835177234,3.053678838491294,0.07018789148595159,1
2020-05-15 00:00:00-04:00,259.5661635119153,263.2063512347929,258.61934608730513,263.160400390625,111146300,263.4683807373047,248.52527099609375,49.20433020005118,0.004596808260042051,2.8715272060647408,0.0701183194718111,1
2020-05-18 00:00:00-04:00,269.383676574657,272.78488091937567,269.0619645324173,271.1762084960937,119703800,264.51907348632807,248.51201416015624,58.307923926497125,0.03045978077845435,3.3355295400007776,0.07547081298520872,0
2020-05-19 00:00:00-04:00,270.5787601052246,272.2885359496412,268.3725859611599,268.3909606933594,95189300,265.0503997802734,248.86763580322267,48.792452342153595,-0.010270988809014336,3.438867389561665,0.06498935883676495,1
2020-05-20 00:00:00-04:00,271.9299729869196,273.81440646458674,271.7001626577885,272.9503173828125,85861700,266.2159942626953,249.0550894165039,56.02013124600662,0.016987743095648655,3.8443500857886193,0.06724324689659619,0
2020-05-21 00:00:00-04:00,272.82173390080567,273.63067103163144,269.9720792092253,271.06597900390625,78293900,266.8778503417969,249.4618359375,62.61221854884906,-0.006903594752972864,3.9679081100333065,0.06467099849605647,1
2020-05-22 00:00:00-04:00,270.78095292638466,271.75534659131654,269.5399713937195,271.5806884765625,63958200,267.15362243652345,250.35865570068358,62.43983530687212,0.0018988346473713946,4.060553948955089,0.06556615911123229,1
2020-05-26 00:00:00-04:00,277.54654029417327,277.7855520274972,271.59904750423533,274.9266967773437,88951400,267.75848083496095,250.93473236083983,63.22600863866137,0.01232049421315895,4.35378364220162,0.0720765241063226,1
2020-05-27 00:00:00-04:00,277.7211395250684,279.0540504510923,272.8951233524511,279.01727294921875,104817400,269.3083129882813,252.1312548828125,68.81349518991549,0.01487878849098423,4.860220006550605,0.08245209302766958,0
2020-05-28 00:00:00-04:00,280.04697433071186,282.060115869461,277.8315984987038,278.5026550292969,90405200,271.2727416992187,253.08079345703126,65.80549469857957,-0.0018443944867009288,5.160561369547622,0.09059350098125973,1
2020-05-29 00:00:00-04:00,278.03378746198035,280.3318913047763,275.2852642429645,279.7435913085937,119090800,273.0514770507813,254.28910034179688,63.211969993789914,0.0044557430849851976,5.436053805918846,0.09918650359972427,1
2020-06-01 00:00:00-04:00,279.10016829764464,281.4810010010921,278.5853951754415,280.8742980957031,55758300,274.82286682128904,255.51070098876954,64.14508271698324,0.004041939912975856,5.680144959244956,0.10311507844872836,1
2020-06-02 00:00:00-04:00,281.7934214913829,283.24583851794176,280.4605383804992,283.1998596191406,74267200,276.0252319335938,256.9682498168945,74.99449651652758,0.008279723489135637,5.992168349512667,0.1081686514704979,1
2020-06-03 00:00:00-04:00,285.18541958591584,287.92476883249293,284.909658409725,286.96875,92567600,277.8830108642578,258.60872650146484,86.52711256407278,0.01330823534279979,6.468996524981719,0.11775276554508186,0
2020-06-04 00:00:00-04:00,285.98515548879453,287.7225350605196,284.1190967189892,286.2149658203125,75794400,279.2094757080078,259.8627542114258,83.567076724023,-0.0026267117227485315,6.708728163508226,0.12115651795341485,1
2020-06-05 00:00:00-04:00,291.6110422228221,295.324758335141,291.5466885738241,293.5506286621094,150524700,281.45794067382815,261.1965740966797,85.9509783180829,0.025629906601048358,7.405280435619545,0.13471542750601467,1
2020-06-08 00:00:00-04:00,294.35949682860377,297.2918792842742,293.817147742069,297.0988464355469,73641200,284.00975646972654,262.3364337158203,84.29046048515052,0.012087242972733225,8.149670323780185,0.15176635121173493,0
2020-06-09 00:00:00-04:00,294.43303648292283,297.17238620785696,293.5689472426089,294.88348388671875,77479200,286.00543518066405,263.57502044677733,85.58075138268283,-0.007456651466025588,8.46328396076558,0.1613831001016862,0
2020-06-10 00:00:00-04:00,295.4626446212481,296.35431008693706,292.52106030785467,293.2380676269531,95000800,287.4275146484375,264.62939208984375,79.56123429978113,-0.005579886123421307,8.481286693114498,0.16203072571852664,0
2020-06-11 00:00:00-04:00,286.306935800571,286.94121464894255,275.7816379696527,276.3331604003906,209243600,287.2105651855469,265.4173654174805,55.33814047943209,-0.05764908820797543,7.0501989503217715,0.1478485177166553,1
2020-06-12 00:00:00-04:00,283.3469673510181,284.1191267802548,274.48549461766504,279.6424255371094,194678900,287.20044860839846,266.484787902832,57.732352257619596,0.011975635251027406,6.112619174705969,0.13545796921477546,1
2020-06-15 00:00:00-04:00,273.9522736793171,283.38369810345534,272.7756459737203,282.2530212402344,135782700,287.33832092285155,267.49999755859375,57.127537342014605,0.009335477970164208,5.516641296342186,0.12251730955687168,1
2020-06-16 00:00:00-04:00,290.0022666173974,290.1493485974371,282.8229940315134,287.6857604980469,137627500,287.7869110107422,268.69078247070314,58.21865370426631,0.019247762996267515,5.420220263531178,0.11916850201048962,0
2020-06-17 00:00:00-04:00,288.7061896286449,289.000353646456,285.75540416445665,286.4908142089844,83398900,287.73911743164064,269.55119171142576,57.477170515000275,-0.004153651146979964,5.187584476719508,0.11061686590472936,1
2020-06-18 00:00:00-04:00,284.9740877759043,287.0791307706854,284.5144669914152,286.60113525390625,80828700,287.777734375,270.4088452148437,56.557677491653685,0.00038507707559998217,4.955002738764335,0.10588344865840062,0
2020-06-19 00:00:00-04:00,290.0689386157883,290.26282089573067,283.01501607269654,284.9631652832031,135549600,286.9189880371094,271.07011444091796,53.87249977166864,-0.005715155207783873,4.585649040552312,0.09730360496622235,1
2020-06-22 00:00:00-04:00,284.3630116638021,287.1882662143913,283.2181453737897,286.791259765625,74649400,285.8882293701172,271.6912802124023,53.433712195261435,0.006415195734526202,4.3898421526243965,0.08785913390772046,1
2020-06-23 00:00:00-04:00,289.4411072237713,290.3736357062622,287.7053239074985,288.111572265625,68471200,285.21103820800784,272.38555084228517,51.146316347558425,0.0046037403687930745,4.2917295805712,0.08161005989008535,0
2020-06-24 00:00:00-04:00,286.07107366384247,286.6896879902903,278.92484547295174,280.7621765136719,132813500,283.9634490966797,272.7833639526367,45.16966733728713,-0.02550885302579009,3.5796755729027723,0.08030361086444203,1
2020-06-25 00:00:00-04:00,280.18973880894407,284.0398556852311,278.16773923870545,283.7720947265625,89468000,284.70734252929685,273.3522360229492,40.61875470272897,0.010720525999142305,3.22111191353099,0.07699220328133896,0
2020-06-26 00:00:00-04:00,282.67343082724625,282.88579689027085,276.45048811590635,277.0321350097656,127961000,284.4463134765625,273.7616720581055,31.859518906714527,-0.023751312556970716,2.365817537315422,0.0797047725088878,1
2020-06-29 00:00:00-04:00,278.2878382488589,281.24233868339707,275.9980771665016,281.1038513183594,79773300,284.331396484375,274.11392181396485,37.947609466362664,0.014697631769145625,1.9935635003697598,0.07955776037630778,1
2020-06-30 00:00:00-04:00,280.66983265552534,286.4034616691279,280.5128897413489,284.70458984375,113394800,284.0332794189453,274.63103057861326,42.78302541768765,0.012809282080282314,1.9664312056387416,0.07916169526160866,1
2020-07-01 00:00:00-04:00,285.8218083059018,287.9638397462947,285.3601650563241,286.69891357421875,72396500,284.05408935546876,275.34521423339845,61.723234137489015,0.007004887878917732,2.081855589056204,0.0791327488049622,1
2020-07-02 00:00:00-04:00,290.1336499523645,291.4816690368275,287.6130948915451,288.2778625488281,69344200,284.2217620849609,275.97956481933596,60.16412544971781,0.00550734202276848,2.2745189918272217,0.07945199717825158,1
2020-07-06 00:00:00-04:00,292.10022962286325,293.3097330320879,291.3523695965938,292.7280578613281,61713800,284.9982513427734,276.70328735351563,61.81761718255083,0.015437173264548631,2.754546993379222,0.07869643451900535,0
2020-07-07 00:00:00-04:00,291.1861571430053,293.16197598302176,289.3303419029436,289.7088928222656,82910000,285.2900146484375,277.29510986328125,52.413893047941414,-0.01031389017206119,2.858401384716899,0.07102693982304582,1
2020-07-08 00:00:00-04:00,290.4752073276655,292.0355640626978,288.71175457352604,291.9247741699219,54638600,285.6713348388672,277.856240234375,56.32931190149506,0.007648648013768966,3.083959874213633,0.06758379421424048,0
2020-07-09 00:00:00-04:00,292.53421733241225,292.77428094232584,286.84676666050206,290.262939453125,83354200,286.6214111328125,278.40840087890626,54.116379753957204,-0.0056926813475226545,3.092966635024027,0.06464775832275133,1
2020-07-10 00:00:00-04:00,290.1981838415168,293.49432348020605,288.76710100613167,293.2265625,57550400,287.5668579101563,278.8823175048828,59.02036699093683,0.010210132414625983,3.3011901050959978,0.06188544019918873,0
2020-07-13 00:00:00-04:00,295.5718172886501,297.95388491153363,290.0320963106647,290.6876220703125,102997500,288.9324066162109,279.35564453125,54.18829000355596,-0.008658630405243395,3.2241711928970176,0.059435321430736016,1
2020-07-14 00:00:00-04:00,289.26569521963995,295.2301472460135,288.06543384919064,294.45458984375,93657000,290.26748046875,280.0456890869141,56.47754201950418,0.012958817257538113,3.427584902384069,0.062096847664661746,1
2020-07-15 00:00:00-04:00,297.6768282673625,298.25850331831754,294.7776948948152,297.1597900390625,87196500,291.51300048828125,280.77549926757814,68.50019246753014,0.009187155808126457,3.7636932669656176,0.06917260476804099,0
2020-07-16 00:00:00-04:00,295.25786563140133,296.6335538163291,294.61155366216747,296.18115234375,54622500,292.4612243652344,281.437568359375,64.67272695780699,-0.003293304572546174,3.906066975579108,0.07362736365573234,1
2020-07-17 00:00:00-04:00,297.1875241733961,297.82459424337384,295.21167713283364,297.039794921875,62774900,293.33741760253906,282.1524768066406,77.47941383822626,0.002899045301601344,4.041595448951966,0.07808648564245299,1
2020-07-20 00:00:00-04:00,296.7720261466081,300.1881980797464,296.02416620162734,299.4403381347656,56308800,294.00864562988284,282.85233520507813,76.39585925254272,0.008081554235929822,4.293216982691774,0.08341059049755103,1
2020-07-21 00:00:00-04:00,301.40695821426857,301.8501178028075,299.08949955212785,300.0774230957031,57292200,295.0454986572266,283.47742431640626,74.19395430910849,0.0021275856316018693,4.4922524036431355,0.08878020901763062,1
2020-07-22 00:00:00-04:00,299.7172780341707,302.0993731333049,299.60648815541464,301.7854309082031,57792900,296.0315643310547,284.13557067871096,73.959271346969,0.0056918904290752526,4.73324941189685,0.09514904109729122,0
2020-07-23 00:00:00-04:00,301.42543801668506,302.12714499020143,296.8182459730932,298.1846923828125,75738000,296.82373962402346,284.8288854980469,64.78390246168391,-0.011931452471229065,4.580886166629739,0.09150972630334413,0
2020-07-24 00:00:00-04:00,296.3288274942448,297.28902521271,294.7592290992445,296.2641906738281,73766600,297.12750244140625,285.577001953125,55.70790156588973,-0.006440644868915046,4.256107007180958,0.08855409349699181,1
2020-07-27 00:00:00-04:00,296.95669073754914,298.60013985296814,296.1626495641368,298.4247131347656,48293000,297.9012115478516,286.3063714599609,64.46987368246126,0.007292553501061283,4.125497126922028,0.07502011938151769,0
2020-07-28 00:00:00-04:00,297.6953350650081,298.8125323008997,296.2365544220368,296.5320129394531,57495000,298.10895385742185,286.9738037109375,57.73183732669048,-0.0063423038106692475,3.825168605418753,0.06404686362164304,1
2020-07-29 00:00:00-04:00,297.40906485580297,300.7421440189425,297.37212550366144,300.1789245605469,48454200,298.41086730957034,287.5538580322266,65.6014635059803,0.012298542693393477,3.837198541474379,0.05866398420898631,0
2020-07-30 00:00:00-04:00,297.2060027179453,299.5234615044289,295.11939379817784,299.10797119140625,61861700,298.70354919433595,288.1681982421875,59.839622757108025,-0.003567716723312464,3.717462769148085,0.05348281002976244,1
2020-07-31 00:00:00-04:00,300.8990939222795,301.5731032762325,296.6796674453573,301.4715270996094,84986800,299.1467224121094,288.7386224365234,68.14802032521578,0.007902015779748695,3.7698342134881386,0.0508426936372485,1
2020-08-03 00:00:00-04:00,303.1334979689309,304.33375941571626,302.5887621937607,303.56744384765625,53077900,299.55943298339844,289.38865173339843,66.24978776942399,0.006952287561652115,3.935100536237144,0.053984791162588815,1
2020-08-04 00:00:00-04:00,302.7087180143602,304.7399597167969,302.7087180143602,304.7399597167969,41917900,300.0256866455078,290.0518371582031,64.29830449153742,0.003862455915164098,4.1132722768268195,0.05401971350380983,1
2020-08-05 00:00:00-04:00,306.0418321331255,306.8912682630136,305.7740711107244,306.6327209472656,42697700,300.5104156494141,290.6859576416016,69.0573517349754,0.006211070029108479,4.356980123003325,0.057330054187089446,1
2020-08-06 00:00:00-04:00,306.05108949352723,308.8024658628492,305.72793350897297,308.68243408203125,43679400,301.56018981933596,291.2792608642578,70.34542413809285,0.006684587112665508,4.661777003288137,0.05935825811047303,1
2020-08-07 00:00:00-04:00,307.7128833454353,309.1901471875092,306.8080525502548,308.9039306640625,57308300,302.82416381835935,291.8872863769531,67.90083690365276,0.0007175548640787621,4.865121557026157,0.06276684747138378,1
2020-08-10 00:00:00-04:00,309.3564462990686,310.0119719811735,307.4175385508336,309.82733154296875,44282100,303.9644256591797,292.4889611816406,68.24479670516052,0.0029892817385690496,5.0426557184484295,0.0620047669894906,0
2020-08-11 00:00:00-04:00,311.00910310173,311.64617312266336,306.5403992490115,307.269775390625,69601100,305.0382019042969,293.0168707275391,59.94649038232699,-0.008254779007413227,4.9202616992225785,0.06111853421671356,1
2020-08-12 00:00:00-04:00,309.7073204785493,312.3294515588477,309.6796230021421,311.55389404296875,53774400,306.1756988525391,293.5839514160156,73.66010572683419,0.013942531922957357,5.110050645608908,0.06603499774790532,0
2020-08-13 00:00:00-04:00,310.78750691268493,312.3017105491452,310.0673444500074,310.9906311035156,41816100,307.36396484375,294.06438903808595,77.37726197878608,-0.0018079149393505078,5.155578837543771,0.06774855345887011,1
2020-08-14 00:00:00-04:00,310.6028714247222,311.5353999760587,309.8734670674449,310.9998779296875,47260400,308.3167999267578,294.5600872802734,75.41042037949471,2.973345576062769e-05,5.133233676759517,0.06878343716551649,1
2020-08-17 00:00:00-04:00,312.01555148156046,312.384860575776,311.0091722248201,311.98785400390625,35481000,309.1588409423828,294.9288317871094,82.41660895401635,0.003176773189737858,5.136041301133957,0.07136066309766825,1
2020-08-18 00:00:00-04:00,312.384862279844,313.08656928621576,310.7875659224632,312.661865234375,38733900,309.95103149414064,295.24009216308593,79.91145925502337,0.0021603765076709802,5.133477899286504,0.07387676870730886,0
2020-08-19 00:00:00-04:00,313.04031505654325,313.5573533060185,310.7967353479484,311.3599548339844,68054200,310.4237548828125,295.56962158203123,79.03665590948344,-0.004163956481916031,4.96911226305815,0.07532009320547879,1
2020-08-20 00:00:00-04:00,309.6334275776199,312.80953621709097,309.5041820857971,312.3294372558594,42207800,310.7884552001953,295.9514489746094,77.55343535096958,0.003113702988529532,4.861045336555264,0.07418693219990566,1
2020-08-21 00:00:00-04:00,311.99699218231325,313.6588966421129,311.6553525028336,313.43731689453125,55106600,311.2417938232422,296.6935321044922,76.36841556001983,0.003547150881472394,4.809358851507682,0.07025059737217637,1
2020-08-24 00:00:00-04:00,315.87475725095965,316.68725383901455,313.40959819669,316.6134033203125,48588700,311.92040100097654,297.4329516601563,78.65364985705175,0.010133083250103203,4.967419253581056,0.07011541346078042,1
2020-08-25 00:00:00-04:00,317.176669274047,317.804497448592,316.01331905096947,317.7214050292969,38463400,312.96556396484374,298.1423193359375,77.81329512157035,0.003499541388219285,5.123034585226151,0.06617889318862182,1
2020-08-26 00:00:00-04:00,318.3123656667442,321.1745322009073,317.76762983680743,320.90679931640625,50790200,313.9008544921875,298.8067401123047,79.00917707584992,0.010025746571326044,5.440678795768974,0.06871584361440554,1
2020-08-27 00:00:00-04:00,321.7746114341692,323.05796511433385,319.94649388256835,321.6083984375,58034100,314.96263122558594,299.509091796875,79.47682355540198,0.002186301825291004,5.683511325987922,0.06777043892360715,1
2020-08-28 00:00:00-04:00,322.6332589850596,323.8150646592131,321.4422114288014,323.685791015625,48588900,316.23122253417966,300.2507849121094,80.51997279430938,0.006459385352552305,5.974713299474388,0.06992978903366621,0
2020-08-31 00:00:00-04:00,323.47343998768525,324.350545281418,322.2823924798507,322.5132141113281,66099200,317.28375854492185,301.00178588867186,85.7509315338709,-0.003622577625720602,6.04123619460421,0.0703976603472437,1
2020-09-01 00:00:00-04:00,323.3442042226388,325.6524208077737,322.4486150605475,325.5508728027344,54908700,318.5726593017578,301.77697814941405,84.86609348749877,0.009418710795389806,6.26682962691666,0.07362940096623224,1
2020-09-02 00:00:00-04:00,327.46208615275333,331.22908325949226,326.31719155514446,330.2596435546875,69540000,320.46262817382814,302.6199395751953,89.7824402230413,0.014464008993170019,6.747788192252699,0.08257056078564823,0
2020-09-03 00:00:00-04:00,328.57007064811114,329.04095593493463,316.3088230099574,318.89404296875,148011100,321.1190887451172,303.38257690429685,61.09530754053358,-0.0344141369003067,6.141052113312924,0.08041627128196405,0
2020-09-04 00:00:00-04:00,319.5772119329768,321.14678232846006,309.1809952615708,316.2903137207031,139156300,321.4043884277344,304.0329412841797,55.784416298429804,-0.008164872644867871,5.388000691355614,0.07753324287680778,0
2020-09-08 00:00:00-04:00,310.8798493187982,316.3549607309717,307.3436737413122,307.6483459472656,114465300,320.5078826904297,304.6452655029297,44.44891970813772,-0.027322897346355957,4.047213678649314,0.07932175262692162,1
2020-09-09 00:00:00-04:00,311.65545119972245,316.18879281443327,310.7875593448871,313.7236328125,91462300,320.10810546875,305.2976611328125,52.36692412017702,0.019747503749868223,3.435255698642777,0.0751090012964138,0
2020-09-10 00:00:00-04:00,315.5978402401596,316.25336585308577,307.3159581046872,308.27618408203125,90569500,318.8450439453125,305.76909301757814,46.275226640835896,-0.017363845629457142,2.4820989130317344,0.07751064398365083,1
2020-09-11 00:00:00-04:00,310.05812950649084,311.1199035184948,305.6078810919823,308.4331359863281,84680200,317.5275177001953,306.20377746582034,45.31956178103095,0.0005091275693718256,1.7195580059809004,0.07935294900779043,1
2020-09-14 00:00:00-04:00,311.6000466817608,314.26835900337574,308.58090905163016,312.4956359863281,65605700,316.40850219726565,306.6881329345703,46.211448623715654,0.01317141229657004,1.4266036428387565,0.07861133924728293,1
2020-09-15 00:00:00-04:00,314.9515989909545,315.7825515027897,312.5048945263648,314.0744934082031,52920900,315.56463012695315,307.1150616455078,46.67348104500496,0.005052414306176312,1.3067721424884553,0.07783575572276132,0
2020-09-16 00:00:00-04:00,315.3116771386732,316.74276037655795,312.55103050748136,312.8280334472656,82096000,314.29234619140624,307.5774444580078,42.360765224939364,-0.003968676180645669,1.0985623702020462,0.0777675486253825,0
2020-09-17 00:00:00-04:00,307.97150659133644,311.79392701921023,307.4452264147787,310.0765991210937,91523300,312.2740417480469,307.94048095703124,39.50254356508034,-0.008795357295354855,0.703428187887539,0.07856813736805979,0
2020-09-18 00:00:00-04:00,310.8821955820908,310.993428984105,304.02252899495534,306.5068359375,105877900,311.0353210449219,308.26535888671873,34.775560409317066,-0.011512520434344697,0.10106641572605213,0.08277838026817289,0
2020-09-21 00:00:00-04:00,301.9182014330189,303.2437795741085,298.2380798999571,303.095458984375,99450800,309.71583557128906,308.4627368164063,33.44827711787998,-0.011129856019983286,-0.6441538341167075,0.09053039365225274,1
2020-09-22 00:00:00-04:00,304.57862001536944,306.73847660305466,302.0664772931383,306.1822814941406,63612100,309.56922912597656,308.7726300048828,33.504010479750065,0.010184324503274,-0.9744328172986343,0.0944114281277059,0
2020-09-23 00:00:00-04:00,306.7384591067574,307.0165707899801,298.58102560551066,299.08160400390625,93112200,308.1050262451172,308.86517028808595,24.485587047122806,-0.02319101371765775,-1.7885295661089344,0.10454686206556732,1
2020-09-24 00:00:00-04:00,297.7653262008505,302.93787621508653,296.4489985751981,299.8788452148437,76681300,307.2652923583984,308.91955139160154,31.184441932039363,0.0026656310527444216,-2.342374961414066,0.11025266179778447,1
2020-09-25 00:00:00-04:00,299.0259943751535,305.5148717009548,298.1546568746652,304.7269592285156,71069400,306.89467468261716,309.09046752929686,39.04464624409019,0.01616690904021123,-2.3628615468284693,0.10984328436595857,1
2020-09-28 00:00:00-04:00,308.8891253586317,310.5020659374077,307.8972472441894,309.7882995605469,64584600,306.6239410400391,309.34543762207034,52.17500269851451,0.01660942748500216,-1.9482314485514962,0.10461352444508268,0
2020-09-29 00:00:00-04:00,309.58428208482565,310.3258566144469,307.4058680063376,308.1011047363281,51304000,306.02660217285154,309.5186529541016,43.72572297268305,-0.005446283241207439,-1.7357677797701285,0.09975788044639931,1
2020-09-30 00:00:00-04:00,308.76851822648564,313.588837304144,308.57385987247454,310.4371032714844,104081100,305.7875091552734,309.72584655761716,52.591357530413475,0.007581921970566841,-1.3631793495184752,0.08940889341984996,1
2020-10-01 00:00:00-04:00,313.0327087215145,314.0060289873834,310.5484025217798,312.43017578125,88698700,306.0228668212891,309.9387414550781,54.59104232346877,0.006420213591616486,-0.8967389905706113,0.06594006158645027,0
2020-10-02 00:00:00-04:00,307.48016945972887,312.4024452784228,307.0073992354619,309.4638977050781,89431100,306.3185729980469,310.1643255615234,46.42775466056046,-0.00949421120656646,-0.7577011884619651,0.05902166814220235,1
2020-10-05 00:00:00-04:00,311.52187312353743,315.13710079904007,311.4755352939473,314.95172119140625,45713100,307.50419921875,310.538076171875,50.94643902522542,0.017733323748019503,-0.20235857321716821,0.05761857455889783,0
2020-10-06 00:00:00-04:00,315.0905952451243,317.1855845500535,309.96438363528426,310.4742126464844,90128900,307.9333923339844,310.77906616210936,47.625983248607845,-0.014216491746685045,-0.12213517085996273,0.057756947852173064,1
2020-10-07 00:00:00-04:00,313.43135342172144,316.6850714131168,313.4035450751824,315.87860107421875,56999600,309.61309204101565,311.1659979248047,55.554536243553564,0.017406883430566733,0.37322908073042527,0.05967967105333954,1
2020-10-08 00:00:00-04:00,317.81598305879504,318.7429656383515,316.89825106833507,318.6780700683594,45242500,311.4930145263672,311.5359808349609,61.82653650054296,0.008862483829611634,0.9804011169138107,0.06593446981383752,1
2020-10-09 00:00:00-04:00,320.32811028649445,321.9874170889095,319.7070477762188,321.52392578125,59528600,313.17271118164064,311.9842999267578,68.10554190338098,0.008930189994812432,1.6719528703147262,0.0744197732533581,1
2020-10-12 00:00:00-04:00,324.06375415372054,328.1702791470719,323.572454643108,326.6963806152344,80388500,314.8635192871094,312.4887969970703,69.36117338838824,0.016087309276957118,2.607330807794881,0.08828106940191083,0
2020-10-13 00:00:00-04:00,326.55736813173,326.73349705593574,323.60029192754826,324.5643615722656,73255500,316.5098449707031,312.9087353515625,76.53969644363447,-0.006525995295551534,3.1403880054380124,0.09634952672467259,0
2020-10-14 00:00:00-04:00,325.1391526992879,326.2329853972063,321.7927590329618,322.5250549316406,57727900,317.71864013671876,313.2644372558594,72.9906912100312,-0.00628321184354963,3.359557781485364,0.10144208598271609,0
2020-10-15 00:00:00-04:00,318.6131625602973,322.6084550653457,318.07552513157503,322.1264343261719,60357700,318.6882659912109,313.5743115234375,69.41848029699261,-0.001235936865597087,3.46118763998669,0.10532181293093176,0
2020-10-16 00:00:00-04:00,323.4798383039487,325.1391450693449,321.7556642567683,321.9317932128906,89501900,319.9350555419922,313.8392987060547,65.20421403997317,-0.0006042382510097477,3.4858415127959574,0.10691001449663741,0
2020-10-19 00:00:00-04:00,323.19247265299344,323.8228140214689,316.1381487588856,317.0373229980469,68425600,320.14361572265625,314.00196655273436,60.356772494931654,-0.015203438486136367,3.0749904670857973,0.10279230911732794,1
2020-10-20 00:00:00-04:00,318.3814276529497,321.5517205103544,317.62132344041964,318.3072814941406,60051900,320.9269226074219,314.1715655517578,59.35236614246901,0.004005706596575065,2.8193632262082815,0.10068152597028689,0
2020-10-21 00:00:00-04:00,318.2609093352829,320.43007341653833,317.39882234537475,317.7047424316406,63575000,321.1095367431641,314.3802648925781,56.4821475317981,-0.0018929477820037732,2.5388901837690696,0.0895892125059988,1
2020-10-22 00:00:00-04:00,317.91796352473176,320.03148284713905,315.77663585423755,319.4474792480469,55399300,321.1864776611328,314.5381365966797,62.64968091786767,0.005485397552040805,2.4292348659728304,0.07706414993177536,1
2020-10-23 00:00:00-04:00,320.6710851896819,320.7267018827422,318.0755452159894,320.53204345703125,49143900,321.08728942871096,314.72896484375,57.95857931507541,0.0033951252692221434,2.4021569343309466,0.06944579619736649,0
2020-10-26 00:00:00-04:00,317.14850435705404,317.93644508302657,311.11383966511926,314.60858154296875,91473000,319.8785095214844,314.80113891601565,55.66282303902676,-0.018480092817480087,1.8810401464887718,0.06639428196229412,0
2020-10-27 00:00:00-04:00,314.9516089389828,315.285309087353,313.31083167503937,313.5240478515625,65994100,318.77447814941405,314.83186279296876,46.342115593584836,-0.0034472476436823163,1.3648058997596877,0.06160130900569004,0
2020-10-28 00:00:00-04:00,307.8508304573768,313.551765999517,302.3167449414249,302.8080444335937,127094300,316.8027770996094,314.6347863769531,30.212513365321286,-0.034179207277402424,0.08995764576349075,0.07201527829380402,1
2020-10-29 00:00:00-04:00,303.03995915634096,309.05606864677685,301.3528436229615,305.88580322265625,90597700,315.1787139892578,314.5253033447266,30.613770529511243,0.010164058867126569,-0.6643610275648371,0.07789787462566715,0
2020-10-30 00:00:00-04:00,304.3098093695453,305.61685806950385,299.0445556385391,302.6968688964844,120287300,313.2552215576172,314.33265197753906,18.70952493876527,-0.01042524462585348,-1.5021682987552936,0.0854159827183508,1
2020-11-02 00:00:00-05:00,306.08966064453125,308.0919181320214,303.34577182679664,306.08966064453125,86068300,312.16045532226565,314.1856988525391,26.679435510277415,0.011208545897470668,-1.870801225926357,0.09050056657689051,1
2020-11-03 00:00:00-05:00,309.3248822711989,313.5519214322437,306.1731465162822,311.4940185546875,93294200,311.4791290283203,314.08331115722655,37.16586293163628,0.017656126962199092,-1.7071796549405462,0.0899916488143476,1
2020-11-04 00:00:00-05:00,315.97132271954166,322.5343763512185,314.7940648255847,318.4556579589844,126959700,311.55422058105466,314.09799621582033,46.29501858589493,0.022349191283346226,-1.0041866237120871,0.09017163444310929,1
2020-11-05 00:00:00-05:00,323.7394296519222,326.4740399373296,323.387171699034,324.6664123535156,82039700,312.07611389160155,314.1731884765625,52.46120379474953,0.019502728996358965,0.053479909420502736,0.09293938762720631,0
2020-11-06 00:00:00-05:00,324.3789774456897,325.843625628691,322.2654584902254,324.5921936035156,74973000,312.48212890625,314.2328643798828,57.445532524090794,-0.00022860002505953325,0.8756059834199164,0.09463804147880188,1
2020-11-09 00:00:00-05:00,337.3938694274252,337.7739357009492,328.20746815703154,328.67095947265625,172304200,313.88836669921875,314.33256774902344,59.67789095348584,0.01256581627506037,1.8351150738817523,0.0964888704474263,0
2020-11-10 00:00:00-05:00,327.6791073823705,329.24571041717456,324.9167170262264,328.18896484375,85552000,315.3548583984375,314.4460827636719,59.81255023424078,-0.0014664959437840075,2.5275045040016835,0.09935002370546397,1
2020-11-11 00:00:00-05:00,330.3765886859697,331.4518918826983,329.13443541283425,330.6268920898437,58649000,318.1367431640625,314.54760314941404,60.328794036526716,0.007428425411117656,3.235649911858104,0.10538279594213976,0
2020-11-12 00:00:00-05:00,329.6164079973696,330.67318157201504,325.6118653025927,327.4194641113281,67546200,320.2901092529297,314.49079956054686,56.12317820207489,-0.009701049900211922,3.4977279862588375,0.10826008064972237,1
2020-11-13 00:00:00-05:00,329.3291377328836,332.69408950193605,328.8100296775812,331.9525146484375,62892200,323.215673828125,314.7519689941406,65.81028525646376,0.013844780271120571,4.024810531997332,0.1147870468219268,1
2020-11-16 00:00:00-05:00,334.6222008625587,336.29075828534565,333.3336814245421,336.0960998535156,74541100,326.21631774902346,315.14808471679686,69.48917272573487,0.012482463672451649,4.722442565308654,0.12478887464419938,0
2020-11-17 00:00:00-05:00,333.685888669106,335.4935158436268,332.174902681352,334.2884216308594,66111000,328.4957580566406,315.68088623046873,82.12225370112381,-0.005378456410068733,5.071001108513826,0.1313712965187884,0
2020-11-18 00:00:00-05:00,334.55725327164475,335.1041695450707,330.2282326036911,330.26531982421875,70591300,329.6767242431641,316.0117199707031,74.40576352253834,-0.012034822465622708,4.96536790156631,0.13397363994483436,1
2020-11-19 00:00:00-05:00,329.63497720915376,332.02657957234703,328.29084129066734,331.6557922363281,59940900,330.3756622314453,316.47931213378905,80.07296669975275,0.00421016779130623,4.936942328980024,0.1371261193140341,0
2020-11-20 00:00:00-05:00,331.3962999206507,331.6002372367879,329.3105889421292,329.3847351074219,70417300,330.85491638183595,316.8983441162109,74.76827591308998,-0.006847632943759896,4.6772431797307945,0.1387725089671423,1
2020-11-23 00:00:00-05:00,331.1923723183577,332.61993357318823,328.958340654461,331.3592224121094,63230600,331.1237426757813,317.2756158447266,72.78320321386802,0.005994471188968564,4.577982227505061,0.13928787617755312,1
2020-11-24 00:00:00-05:00,333.9083212958037,337.2454635827896,333.05551333256483,336.69854736328125,62415900,331.9747009277344,317.7280969238281,71.731257620516,0.016113403792731518,4.873971993489988,0.14148231218585755,0
2020-11-25 00:00:00-05:00,336.6152178939342,336.643026242167,335.0857021625972,336.1795349121094,45330900,332.52996520996095,318.195126953125,65.86611735969294,-0.00154147517188985,5.008926264256672,0.130975247287344,1
2020-11-27 00:00:00-05:00,337.2732938319882,337.5884644727242,336.1052868833564,337.11572265625,28514100,333.4995910644531,318.7359094238281,66.85804473941722,0.002784785053573824,5.132259529896942,0.12132718553171942,0
2020-11-30 00:00:00-05:00,336.33708795881,336.6059208367198,332.9443565005629,335.6233215332031,83872700,333.8666717529297,319.3182391357422,60.059061080708304,-0.004426969799236069,5.051348927293418,0.10087813993042186,1
2020-12-01 00:00:00-05:00,338.8770642217867,340.8329840925718,338.2837817293062,339.294189453125,74231400,334.1864807128906,320.0422137451172,64.71023866502819,0.010937463770850364,5.2232249681272265,0.08153805728566174,1
2020-12-02 00:00:00-05:00,338.18177783063066,340.1655057604977,337.6070531807557,340.0079345703125,45927000,334.75843200683596,320.71872680664063,63.02112367013401,0.0021036172718957857,5.355298685044772,0.06585414417079666,0
2020-12-03 00:00:00-05:00,339.9059738069598,341.3057265889356,338.81214112571735,339.9152526855469,62882000,335.7234252929687,321.53539978027345,68.98614323418509,-0.00027258741735758374,5.390352772334495,0.057761722999528815,1
2020-12-04 00:00:00-05:00,340.49915721669635,342.84442138671875,340.4064533255807,342.84442138671875,50749900,336.8422882080078,322.39471130371095,67.39711551022558,0.008617349995416745,5.590054158511521,0.059021674714763044,0
2020-12-07 00:00:00-05:00,342.07508856328803,342.6312837481267,340.8700225705228,342.1399841308594,48944300,338.11781311035156,323.1429718017578,60.84508492248113,-0.0020546849005449452,5.626616612644284,0.0573172075677269,1
2020-12-08 00:00:00-05:00,340.8700252302088,343.7065895768302,340.8236874183033,343.1411437988281,42458900,339.29600524902344,323.8100286865234,66.35872507443833,0.002926169738716844,5.671006011900772,0.05916544117703149,0
2020-12-09 00:00:00-05:00,343.79918340254324,343.9567545439764,339.22916767292827,340.0634460449219,74098300,339.6324951171875,324.4492755126953,68.76122670076117,-0.008969188946081563,5.3956428313838956,0.05695032659612975,0
2020-12-10 00:00:00-05:00,338.6915597157027,340.9997368715385,337.8201939843313,339.9522705078125,57735400,340.0097686767578,325.0395788574219,66.70427076920052,-0.0003269258675179243,5.109544936777752,0.05595154975093373,0
2020-12-11 00:00:00-05:00,338.25581936736404,339.9614633227397,336.7355831787861,339.5535888671875,57698600,340.25355529785156,325.5820471191406,72.143723908042,-0.0011727576933946438,4.795362068682891,0.05063063325161686,0
2020-12-14 00:00:00-05:00,341.7227861576118,342.7980607861549,337.8572573213051,338.03338623046875,69216200,340.49456176757815,326.15343688964845,64.82703074300916,-0.004477062491933692,4.373289673158865,0.04873874782939688,1
2020-12-15 00:00:00-05:00,340.57342135002625,342.603515625,339.20150512752514,342.603515625,63865300,340.82549438476565,326.7064727783203,63.58241517571347,0.013519757457967074,4.357336840068001,0.050635394846725926,1
2020-12-16 00:00:00-05:00,342.8166942477022,344.058847472952,341.93604950739774,343.1411437988281,58420500,341.13881530761716,327.3598114013672,65.99916398515373,0.001569243015055788,4.338069638948127,0.05182803184593359,1
2020-12-17 00:00:00-05:00,344.78191409140845,345.2639348642844,343.956885989985,345.0599975585937,64119500,341.6532897949219,327.94343933105466,67.46852125737806,0.005592024723477973,4.4266085176082015,0.05031862174294262,0
2020-12-18 00:00:00-05:00,345.3485390064458,345.5161002847388,341.67133885477017,343.6821594238281,136542300,341.7370635986328,328.4435211181641,67.81016305344838,-0.003993039310595803,4.335617890222579,0.04786162947848204,0
2020-12-21 00:00:00-05:00,339.7629846416698,352.3212752668946,337.0260363965949,342.453369140625,96386700,341.7684020996094,328.86210998535154,57.82665235207843,-0.0035753682567146727,4.116897029762185,0.03972059416550516,0
2020-12-22 00:00:00-05:00,342.7791666961401,342.8908742196503,340.7497375927771,341.87615966796875,47949000,341.64190368652345,329.16570556640625,54.65992546311523,-0.0016855126118476838,3.8525731266851153,0.032008566144455255,1
2020-12-23 00:00:00-05:00,342.844396393639,344.091844631818,341.8576085573205,342.1834411621094,46201400,341.85390319824216,329.5180871582031,55.59763092569834,0.0008988093654704876,3.6260902662378953,0.030499221434773027,1
2020-12-24 00:00:00-05:00,342.6581766510882,343.5425753213041,342.0717120912017,343.5146484375,26457900,342.21014099121095,329.9378790283203,51.795671811174024,0.0038903322465564383,3.513516636673728,0.028523517007421437,1
2020-12-28 00:00:00-05:00,346.06540553732583,346.8567051409463,345.4416956497775,346.4657287597656,39000400,342.90135498046874,330.4246649169922,60.34424880025227,0.008590842736077908,3.620691663302239,0.02952454681625311,0
2020-12-29 00:00:00-05:00,347.9924184877755,348.1692982115266,345.2182250819667,345.8047180175781,53680500,343.67848815917966,330.9021234130859,56.47479666111772,-0.0019078676108996717,3.610669056146662,0.02655726317442703,1
2020-12-30 00:00:00-05:00,346.6238366143544,347.3313552892653,345.9070279215068,346.2980041503906,49455300,344.0479370117188,331.4873370361328,67.33326319504789,0.0014264875726404114,3.6010198211790225,0.027524740936072132,1
2020-12-31 00:00:00-05:00,346.1026197103733,348.78371400805713,345.59061740637577,348.0575866699219,78520700,344.5395812988281,332.08234313964846,70.64230165996464,0.005081122323670861,3.6927881734470134,0.03027730007648623,0
2021-01-04 00:00:00-05:00,349.38886325350404,349.51920765992713,339.6233739583343,343.3191833496094,110210800,344.36549987792966,332.5946319580078,57.853986666344206,-0.013613848689947194,3.3446111113705115,0.029191027117934542,1
2021-01-05 00:00:00-05:00,342.6767263731801,346.77282927866395,342.6301626387799,345.6836242675781,66426200,344.5656463623047,333.1193548583984,65.4134617158247,0.006887004958184839,3.2223239580560517,0.029991295949817812,1
2021-01-06 00:00:00-05:00,344.17558324644114,350.9434912559952,343.62633562425066,347.7503662109375,107997700,345.09534606933596,333.6637213134766,61.53311705718559,0.005978709427553408,3.2546615974302995,0.032101123629578454,1
2021-01-07 00:00:00-05:00,350.12425147477427,353.66178899148537,349.9473717579539,352.91705322265625,68766800,346.1994354248047,334.4298907470703,68.14223043804782,0.01485745958520357,3.6550645625765696,0.04041615307653568,1
2021-01-08 00:00:00-05:00,354.3041182519428,355.1419530531573,351.05516813608017,354.9278564453125,71677200,347.473876953125,335.2579669189453,68.25058530561208,0.005697665228400428,4.087523387075976,0.04797411185770202,0
2021-01-11 00:00:00-05:00,351.7533583363595,354.294789546003,351.6323323911676,352.53533935546875,51034700,348.3759460449219,336.2525128173828,65.78160853259291,-0.0067408546452379925,4.188906876173974,0.05018016129371663,1
2021-01-12 00:00:00-05:00,352.7216602807601,353.6246391495682,350.36636956405766,352.60992431640625,52547700,348.99036560058596,337.18699523925784,68.88197982502922,0.0002115673313032307,4.226551351682531,0.050926393976782364,1
2021-01-13 00:00:00-05:00,352.53532382507234,354.5554342663169,351.7533428404121,353.5593566894531,45303600,349.7658294677734,338.20424499511716,71.42364690252909,0.002692585510426282,4.283617254256399,0.049648283195582926,0
2021-01-14 00:00:00-05:00,354.3041831146207,354.80689545132014,351.9861664446019,352.3212890625,49989100,350.3681579589844,339.1288775634766,67.97628105157324,-0.003501724967897135,4.180747626439029,0.050255079624838286,0
2021-01-15 00:00:00-05:00,350.7014344796534,351.5020240301078,347.8900242126763,349.7518920898437,107160000,350.53758850097654,339.8940350341797,60.594571618147015,-0.007292766722934219,3.847541776325329,0.04934914554814957,1
2021-01-19 00:00:00-05:00,352.2095511727949,353.0380960342888,350.72936958492306,352.4981384277344,51233300,351.4554840087891,340.5748846435547,60.31844300974681,0.007851984220818009,3.761710213859203,0.05039121412718387,1
2021-01-20 00:00:00-05:00,354.7882275407677,358.21408610198193,354.39725118743416,357.3762512207031,61836100,352.62474670410154,341.2290814208984,67.2976385769054,0.013838690935296327,4.040731973601339,0.05441831539321785,1
2021-01-21 00:00:00-05:00,357.93482091297085,358.36307102761856,356.780471791413,357.7020874023437,47840100,353.6199188232422,341.891279296875,67.13309926119632,0.0009117454798062141,4.239283167677115,0.05639309455761854,0
2021-01-22 00:00:00-05:00,355.8494812219019,357.5996414893799,355.4677949159223,356.4359741210937,52860500,353.97181091308596,342.44657958984374,62.776846488709154,-0.0035395747630230234,4.245531811053581,0.05526130013081279,1
2021-01-25 00:00:00-05:00,357.17146221981005,358.1954668974896,352.3212755983803,357.8417358398437,70402000,354.26319885253906,343.0396350097656,74.65231621688532,0.003943938942235992,4.314185878886406,0.054228189495012395,0
2021-01-26 00:00:00-05:00,358.79125051568155,359.2008637189769,357.0504086066009,357.2831420898437,42665300,354.73797912597655,343.5727600097656,70.97645803141049,-0.001561007825677474,4.27424998184506,0.05269241867797516,0
2021-01-27 00:00:00-05:00,353.95968803310404,354.05278710492604,346.31672868098127,348.55096435546875,123351100,354.3320831298828,343.9953900146484,51.16656528034209,-0.024440497481348022,3.497667793308665,0.05155955669657607,1
2021-01-28 00:00:00-05:00,350.3662492978682,355.5515576481308,349.928737662884,351.5485534667969,94198100,354.13100280761716,344.38731079101564,47.87137995034818,0.008600145797533987,3.088498910392559,0.04908916323418794,0
2021-01-29 00:00:00-05:00,349.6867328043069,350.65491209093165,342.83504399028214,344.5107421875,126765100,353.3499481201172,344.5556036376953,35.988046565850624,-0.020019457369098714,2.171307587703666,0.050685226892448504,1
2021-02-01 00:00:00-05:00,347.9086469202224,351.27862337041176,344.7993308471236,350.24530029296875,75817600,353.3992889404297,344.8747412109375,47.17378793767871,0.0166455131966472,1.8854237781961842,0.04985215674130677,1
2021-02-02 00:00:00-05:00,353.42907659511883,356.75251769171075,350.32907897038325,355.1978454589844,64450700,353.6692596435547,345.37339172363284,52.85062050688006,0.014140218760602785,2.0350292537548285,0.04464203201987403,1
2021-02-03 00:00:00-05:00,356.0263594026921,357.19934519602856,354.20173693182824,355.47711181640625,52427100,353.479345703125,345.84981811523437,52.14408104524676,0.0007862276221326514,2.151327962505377,0.04114255861349066,1
2021-02-04 00:00:00-05:00,356.5104377825251,359.56389983293474,355.5888223142449,359.5173645019531,47142600,353.66087341308594,346.452470703125,57.5709492543064,0.011365718217136722,2.540227986014372,0.041625287578047995,1
2021-02-05 00:00:00-05:00,361.3885805309923,361.6399224767463,359.47085881489795,360.9324035644531,48669800,354.1105163574219,347.0439343261719,62.05578469563645,0.003935940797909154,2.928853878524137,0.045396938692030375,1
2021-02-08 00:00:00-05:00,362.38465454642807,363.5855673167599,361.5282112076279,363.5390319824219,38365200,354.6802459716797,347.5807440185547,61.9411911485708,0.007221929625122359,3.407891772054711,0.05128687278900693,0
2021-02-09 00:00:00-05:00,362.7011247326708,363.89274733764177,362.2915399745202,363.29693603515625,35551100,355.28162536621096,348.12309204101564,57.11718823942873,-0.0006659421024076684,3.7250574903146116,0.05548900866075876,0
2021-02-10 00:00:00-05:00,365.0378462808228,365.18679913439,360.7369356197839,363.13873291015625,59154400,356.7404022216797,348.64355224609375,56.56177530520064,-0.0004354650681245298,3.9184781600018823,0.0586075082059975,1
2021-02-11 00:00:00-05:00,364.2185830573535,364.637514691375,361.29546527923713,363.7251892089844,42913300,357.95806579589845,349.20558959960937,58.94448534560826,0.0016149648761736302,4.072146387612065,0.061726969973875535,1
2021-02-12 00:00:00-05:00,362.9245980037026,365.7639351240039,362.8501073798465,365.52191162109375,50593300,360.05918273925784,349.73014404296873,59.33466270229859,0.0049397799916381935,4.289463779581922,0.06512437014158375,0
2021-02-16 00:00:00-05:00,366.7506451525528,366.9461616913856,364.48848300185534,365.2052917480469,50972400,361.5551818847656,350.2340911865234,59.68573494547718,-0.0008662131133060358,4.385586489633454,0.06558833488070358,1
2021-02-17 00:00:00-05:00,363.4552435609881,365.54052650809217,362.44050055956217,365.2891845703125,52290600,362.56431579589844,350.74156982421874,75.95259545827923,0.00022971414752537278,4.417610416496871,0.06686323107602037,0
2021-02-18 00:00:00-05:00,362.6825676397496,364.479263411607,360.9603340863235,363.7345275878906,59712800,363.3900573730469,351.1593719482422,69.77937607117029,-0.004255962257000867,4.268339028216587,0.06821127050278934,0
2021-02-19 00:00:00-05:00,364.9912762762247,365.27986352452217,362.645304567679,363.0921630859375,83241000,363.74753723144534,351.57841552734374,88.0621721235641,-0.0017660256402188823,4.051503717833043,0.06909947258512245,0
2021-02-22 00:00:00-05:00,360.3273043244353,362.7104930424211,360.0293986322245,360.2993774414063,67414200,363.6842346191406,351.9215802001953,73.41694055566316,-0.007691671505094422,3.612661201383787,0.0689036979893872,1
2021-02-23 00:00:00-05:00,358.0930892269746,362.0868041909318,353.9411313866223,360.7369384765625,107284100,363.4040252685547,352.3350500488281,66.33705429873226,0.0012144373888831606,3.2625739425670304,0.06896361566878678,1
2021-02-24 00:00:00-05:00,359.64763206401153,365.1401640532169,358.6608445373059,364.7119140625,72433900,363.54552307128904,352.8302429199219,72.36218633701952,0.011019042304689641,3.268200792884329,0.07012530074420927,0
2021-02-25 00:00:00-05:00,363.4459121163381,364.81438610383606,354.4810139951626,355.9239501953125,146670500,362.8240447998047,353.1576501464844,42.92522606422925,-0.024095631451407806,2.5343306857175776,0.0648181198155126,0
2021-02-26 00:00:00-05:00,357.8044418312601,358.9494723193458,352.1071310412466,354.0899963378906,152701600,361.8605255126953,353.4787823486328,36.747164565162336,-0.005152656505457154,1.7841816537473392,0.06297809421854009,1
2021-03-01 00:00:00-05:00,358.9587703830817,363.92066358275525,354.2854928063855,362.6731872558594,105348800,361.5756530761719,353.88017578125,48.638242482303674,0.024240139531584548,1.8608244893493406,0.048531308201356906,0
2021-03-02 00:00:00-05:00,362.8966319883141,363.1293654455315,359.3404579436692,359.8431701660156,79595300,361.03944091796876,354.21421630859373,44.976978242286336,-0.007803215647831263,1.6739099688865053,0.04005498873047066,0
2021-03-03 00:00:00-05:00,359.1449892511198,360.1131400305049,354.9743952442966,355.0768127441406,119940200,360.01820373535156,354.4145526123047,39.66089595418703,-0.013245652042460643,1.1281688269625079,0.040175501156035826,0
2021-03-04 00:00:00-05:00,354.89061115902405,357.4786061819684,346.19569221992555,350.68280029296875,183433000,358.71303100585936,354.5545654296875,34.761810699353674,-0.012374822273562791,0.33721772163556807,0.04601536771634131,1
2021-03-05 00:00:00-05:00,354.1830824863514,358.18611506318695,346.90320141461257,357.1341552734375,152039600,358.1172302246094,354.8481811523437,41.161424514031076,0.018396553737677346,0.22832175183975778,0.04691440101603292,0
2021-03-08 00:00:00-05:00,358.09305771331407,360.9044680233819,355.0768407972248,355.3561096191406,123149200,357.62290344238284,355.1177801513672,39.93155385844062,-0.004978649137984403,-0.00143596047223582,0.04894500673023246,1
2021-03-09 00:00:00-05:00,359.2008783576128,362.9804680067196,358.69816605856334,360.4297180175781,113633600,357.59218139648436,355.4827056884766,45.492217007705136,0.014277532483893962,0.22330309397881365,0.04838308367859845,1
2021-03-10 00:00:00-05:00,362.7756047497893,364.367493636716,361.3605955625039,362.6731872558594,109899400,357.3883087158203,355.8658764648437,49.02789253541772,0.006224429135923248,0.5758021431810789,0.048177743446106876,1
2021-03-11 00:00:00-05:00,365.14010892092347,368.3238860347193,364.683932122285,366.3503112792969,86245000,358.4309448242187,356.26356811523436,52.827055078361454,0.010138946447241448,1.1387465950732576,0.049935940064717715,1
2021-03-12 00:00:00-05:00,364.9912312984389,366.98341490924895,364.18132341690256,366.8437805175781,64653600,359.7063232421875,356.68434936523437,55.91449688426174,0.0013469873590610248,1.606187838839503,0.05173214199375922,1
2021-03-15 00:00:00-04:00,367.0951358060423,369.2921544845288,364.9539992961072,369.031494140625,73427200,360.34215393066404,357.1390191650391,57.2663323783767,0.005963611049804918,2.1286310642687454,0.0544445650206881,0
2021-03-16 00:00:00-04:00,369.645957368341,370.353447865086,367.7933794539433,368.5660705566406,73722500,361.2144439697266,357.54918884277345,53.597597139082325,-0.0012612028820689902,2.4765669684978207,0.056701358457743045,1
2021-03-17 00:00:00-04:00,367.2813248264547,370.6233738852898,366.1362659817345,369.8227844238281,97959300,362.6890411376953,358.07926086425783,65.0961214008752,0.003409738355159675,2.8211940171309493,0.05983582690432016,0
2021-03-18 00:00:00-04:00,367.23478757465904,369.3200702632121,363.76239416037566,364.4419860839844,115349100,364.06495971679686,358.4544281005859,60.43940960681489,-0.014549666939063455,2.629813130492721,0.060036760440506445,0
2021-03-19 00:00:00-04:00,364.1412265877475,365.7196598344972,361.5914432269456,363.76763916015625,113624500,364.7283081054687,358.7747735595703,51.313159866219756,-0.0018503546506102309,2.396107403385429,0.0601777904208335,1
2021-03-22 00:00:00-04:00,364.28139952570655,368.0546989422797,364.2253628242193,366.6723937988281,73778600,365.8599365234375,359.04988037109376,58.179260979025884,0.007985192540431063,2.417416877216681,0.0614096676541426,0
2021-03-23 00:00:00-04:00,366.0372793939017,367.4849416365864,363.0018346568089,363.786376953125,90686600,366.1956024169922,359.22705078125,60.9233157551879,-0.007870832095656755,2.176339857601363,0.06152545690315661,0
2021-03-24 00:00:00-04:00,365.1873437728255,366.8218139815274,361.8903850062456,361.9370727539063,97588600,366.1219909667969,359.41508544921874,65.07720536529055,-0.005083489422301746,1.8151374148584978,0.06111235620854272,1
2021-03-25 00:00:00-04:00,360.4987572580339,364.76703777153006,358.556056717537,363.9731750488281,116128600,365.88427734375,359.64235046386716,60.39147059287229,0.005625569879950554,1.6738828360667526,0.059320271866026855,1
2021-03-26 00:00:00-04:00,365.1219010982299,370.24013727057377,364.5241669081959,369.8385314941406,114409100,366.1837524414062,359.96793395996093,69.57390783566767,0.016114804187219667,2.012029388650035,0.05818450727856925,0
2021-03-29 00:00:00-04:00,368.362923730932,370.557789685478,366.87789404327793,369.6518249511719,108107600,366.24578552246095,360.3145446777344,64.3613866467952,-0.0005048325879254412,2.2391359447830723,0.060414622426862324,0
2021-03-30 00:00:00-04:00,368.3815186296741,369.3435197999662,367.0739198714649,368.6710510253906,76262200,366.25628356933595,360.6929278564453,59.72271142437641,-0.0026532370722389675,2.313312837192086,0.061028747576876805,1
2021-03-31 00:00:00-04:00,369.2409235924097,371.725322383462,369.2129052358639,370.1655578613281,112734200,366.2905609130859,361.0462762451172,56.655586267403216,0.004053767801352359,2.4642860151691934,0.05851346185529382,1
2021-04-01 00:00:00-04:00,372.0988995028792,374.2190595991858,371.8934220596888,374.1629943847656,99682900,367.2626617431641,361.38201110839844,61.37726823362882,0.010799050420933654,2.8733706377881845,0.05115627946135668,1
2021-04-05 00:00:00-04:00,376.8247498461712,380.0750207457854,376.7500437520767,379.5332946777344,91684800,368.8392272949219,361.8186352539062,64.85464486346818,0.014352836527297796,3.589533591840052,0.056503751430887525,0
2021-04-06 00:00:00-04:00,378.972892402385,380.3551687860661,378.6366437530473,379.3091125488281,62021000,370.1028991699219,362.2760980224609,65.3002965935209,-0.0005906784254504638,4.091840082972624,0.056187498336208445,1
2021-04-07 00:00:00-04:00,379.141055188101,380.0937075716996,378.6834126464064,379.7481384277344,55836300,371.69907531738284,362.71422607421874,64.47282934704643,0.0011574356227725957,4.473776405875583,0.05940395987628646,1
2021-04-08 00:00:00-04:00,380.9996736719565,381.6067569139239,380.0656906834226,381.55072021484375,57863100,373.6604400634766,363.19957763671874,77.85404893521257,0.004746782418928008,4.86582675691227,0.0643160994004856,1
2021-04-09 00:00:00-04:00,381.4293215703808,384.4927845941178,381.3078992229351,384.32464599609375,61104600,375.6955871582031,363.91505126953126,81.32641956936253,0.007270136404638583,5.338819524383609,0.07222735156071551,1
2021-04-12 00:00:00-04:00,383.7268672327447,384.7355561894743,383.11978406878455,384.4647216796875,56704900,377.1582061767578,364.57337463378906,79.60818926684804,0.0003644722893862973,5.659730783921248,0.07837397356258728,1
2021-04-13 00:00:00-04:00,384.362032648904,386.2299986965263,383.9790961887934,385.6042175292969,56551000,378.7534454345703,365.395244140625,88.54772911820766,0.0029638502191593474,5.9375585817167575,0.08466260097601934,0
2021-04-14 00:00:00-04:00,385.5761956165632,386.6316009841835,383.7455968876172,384.2873229980469,61659900,380.31507263183596,366.0760845947266,90.24553760326899,-0.0034151455595786695,5.982514032405902,0.08836935403701994,1
2021-04-15 00:00:00-04:00,386.4261388821726,388.6863904096903,386.3794511307246,388.41552734375,60229800,382.14006958007815,366.74043823242187,90.92898352982058,0.010742494218900056,6.27887418764692,0.09471479613160595,1
2021-04-16 00:00:00-04:00,389.7043961665137,390.3208283501207,388.28475230611167,389.7137451171875,82037300,383.6951446533203,367.4251708984375,89.29099313568514,0.003342342625475281,6.543072602453037,0.09789829907480606,0
2021-04-19 00:00:00-04:00,388.7797715143714,389.2280651111477,386.4728323712962,387.799072265625,78498500,384.5217224121094,367.9908050537109,83.58077300567766,-0.004913023663013827,6.522763297091558,0.09715194372799406,0
2021-04-20 00:00:00-04:00,386.5849297445035,387.6870229087903,383.4840991609738,384.9598083496094,81851800,385.0867919921875,368.4713531494141,78.20194441509035,-0.007321481971134913,6.206023975692062,0.09543248240669634,1
2021-04-21 00:00:00-04:00,384.343304744254,388.80774177837327,384.20318450969165,388.6022644042969,66793000,385.9722045898437,368.97261779785157,79.71100164849648,0.00946191258329887,6.177708762710893,0.09197423865839663,0
2021-04-22 00:00:00-04:00,388.4341116710418,389.2653415229148,383.9883445217175,385.0530700683594,97582800,386.3224395751953,369.4077404785156,67.80675771160763,-0.009133231226478244,5.801996625882111,0.08253548989623044,1
2021-04-23 00:00:00-04:00,385.6135180559668,390.6383506535276,385.5388119647193,389.22802734375,73209200,386.8127777099609,369.9295263671875,66.49709657082737,0.010842550287027741,5.7745606702681584,0.0747666819048091,1
2021-04-26 00:00:00-04:00,389.88182724622914,390.61033277407387,389.29341345395136,390.0405883789063,52182400,387.3703643798828,370.4558343505859,67.90278452347866,0.002087622108565945,5.752077987958955,0.07167184637911152,0
2021-04-27 00:00:00-04:00,390.33954048578113,390.5356974540181,388.817143509979,389.9566040039063,51303100,387.80560302734375,370.9445281982422,67.23443104547994,-0.00021532214211106293,5.662212996258461,0.06647427489472747,0
2021-04-28 00:00:00-04:00,390.2275104990951,391.34830171724354,389.3775823841983,389.8445739746094,51238900,388.361328125,371.43731384277345,64.8497339568145,-0.0002872884524756092,5.5183424392129155,0.057409337580035705,1
2021-04-29 00:00:00-04:00,392.5717326349584,392.94532012603673,388.9478741154117,392.3288879394531,78544300,388.75266418457034,371.97810791015627,64.48138058518944,0.006372575458766239,5.540915140270613,0.04859106981756503,0
2021-04-30 00:00:00-04:00,390.05926790428015,390.909195730544,388.8544220293682,389.75103759765625,85527000,388.7563934326172,372.4984381103516,58.78881911944372,-0.006570636068467861,5.2898154897278005,0.040851811161314186,1
2021-05-03 00:00:00-04:00,391.740486180178,392.1234226337819,390.09669546817264,390.5917053222656,68128300,389.03565673828126,373.0484289550781,58.37521882264191,0.0021569351804451298,5.09986400947389,0.038533859298972004,0
2021-05-04 00:00:00-04:00,388.6022800331591,389.0972898402204,384.49276088924864,388.1819763183594,101591200,389.3578735351563,373.6060809326172,56.30854010831586,-0.006169432097688943,4.7006944219608044,0.034015496813955014,1
2021-05-05 00:00:00-04:00,389.8257718711052,390.0592675868263,387.7429798258311,388.3033752441406,60162200,389.32798461914064,374.15740966796875,49.791238492554456,0.0003127371521280953,4.344069794234144,0.0287661565276346,1
2021-05-06 00:00:00-04:00,388.3781117451592,391.5349786293804,386.3700541332892,391.40423583984375,74321400,389.9631011962891,374.6912561035156,52.9488107659221,0.00798566480075924,4.262520064541491,0.025866722547618716,1
2021-05-07 00:00:00-04:00,392.17019603570935,394.9067598070732,391.488378079509,394.2529602050781,67733800,390.46559448242186,375.45783630371096,60.902577363700345,0.007278215472353855,4.377300766259282,0.027690711094079556,0
2021-05-10 00:00:00-04:00,394.60777566622943,394.8319224415391,390.2273935803773,390.3488159179688,81852400,390.4964172363281,376.1830126953125,58.787512652262656,-0.009902637852303053,4.105903187536455,0.025985376952452847,0
2021-05-11 00:00:00-04:00,385.8283743617133,387.85510146471046,382.9890581244751,386.8650817871094,116888000,390.18726501464846,376.6668505859375,47.15254712073313,-0.008924669395158458,3.568574120405458,0.025233017343496207,0
2021-05-12 00:00:00-04:00,384.0818451111226,385.35204832878026,377.3291376588085,378.6460571289063,134811000,389.0674133300782,377.0429083251953,40.8923971503956,-0.021245196439636183,2.4512736065241825,0.03319986326024027,1
2021-05-13 00:00:00-04:00,380.1964720686349,385.1279012387936,380.14975581622974,383.1945495605469,106394000,388.15397949218755,377.60526306152343,41.51350293306869,0.012012517616397878,1.910803670177927,0.035575883865335264,1
2021-05-14 00:00:00-04:00,385.9310952313581,389.9285412046908,385.9030768823611,389.07861328125,82201600,388.0867370605469,378.37317932128906,48.815856300957705,0.01535529074578701,1.934967023465049,0.03548313576076995,0
2021-05-17 00:00:00-04:00,387.96716817788194,388.9011510722619,386.0711555395105,388.0885620117188,65129200,387.83642272949226,378.99226745605466,47.75070662470768,-0.0025446047038713004,1.8528690705112467,0.03545972237277801,0
2021-05-18 00:00:00-04:00,388.3500329372669,388.59287758375297,384.5860834311973,384.744873046875,59810200,387.4927124023438,379.58004272460937,44.30286876555052,-0.008615788487842169,1.5006989726195457,0.035581555006657245,0
2021-05-19 00:00:00-04:00,380.0563698240923,383.9136956201269,378.57131179138,383.7362365722656,106467100,387.0359985351563,380.0461730957031,40.07342934945853,-0.0026215722294666843,1.1272192173496478,0.03719837531529652,1
2021-05-20 00:00:00-04:00,384.6142002311314,389.1253542262279,384.4928063797059,387.8644714355469,78022200,386.6820220947266,380.54999877929686,47.89593454759818,0.010758001121178529,1.1510789512620931,0.03641978676659888,0
2021-05-21 00:00:00-04:00,389.3495165134627,390.5917299539856,387.08929345333263,387.54693603515625,76578700,386.0114196777344,380.97393127441404,46.56411104108768,-0.0008186761711258539,1.1313243068458974,0.036400087343395136,1
2021-05-24 00:00:00-04:00,389.7883542138852,392.5716330467141,389.5455095799852,391.49755859375,51376700,386.1262939453125,381.4670068359375,53.61574614263835,0.010193920248760202,1.4181038145347316,0.0369466946117901,0
2021-05-25 00:00:00-04:00,392.5810493076067,392.9359673967326,390.0499634392748,390.6290283203125,57451400,386.5026885986328,381.8989575195312,52.49553170573245,-0.0022184819659086807,1.5573434205177819,0.03714263325959462,1
2021-05-26 00:00:00-04:00,391.2174278514802,391.90856610321015,390.1807204738854,391.40423583984375,43088600,387.77850646972655,382.3557208251953,50.0,0.001984510784732496,1.7105266926264449,0.03765672519228362,1
2021-05-27 00:00:00-04:00,392.4316813954646,392.94536068585694,391.3295597041095,391.6097717285156,56707700,388.6200286865234,382.79146057128906,46.825189692459944,0.0005251243340043121,1.8274449203820495,0.03727831897569608,1
2021-05-28 00:00:00-04:00,393.1788696655476,393.4403837953727,392.0767764400637,392.3102722167969,58520200,388.9431945800781,383.3488262939453,52.55239370552772,0.0017887717285227644,1.9541023181687365,0.03824162362512237,0
2021-06-01 00:00:00-04:00,394.67320566118025,394.81329741149153,391.525687491623,391.9646606445313,54216600,389.3308044433594,383.9127667236328,57.22611942299338,-0.0008809648809668946,2.0034961959328825,0.038777505376185406,1
2021-06-02 00:00:00-04:00,392.6183914671472,393.4216315915621,391.609702465234,392.5810241699219,49097100,390.1144195556641,384.4309393310547,75.16874853244177,0.0015724976950142189,2.0685318378483544,0.039808547448874985,0
2021-06-03 00:00:00-04:00,390.2647141978336,392.2634225453712,388.7983543779824,391.12396240234375,58138800,390.8531921386719,384.9776910400391,66.12216887415171,-0.0037114931131960738,1.97967982839873,0.040124012403611756,1
2021-06-04 00:00:00-04:00,392.9732370737008,394.9999921567434,391.18932662350056,394.70111083984375,55938800,391.53685607910154,385.63297180175783,62.61513558816044,0.009145817646990073,2.1728625473097622,0.04190714127890418,0
2021-06-07 00:00:00-04:00,394.69176366588977,394.869222667166,393.38419352718944,394.3181762695313,51555000,392.21398010253904,386.23987182617185,64.36877403805552,-0.0009701887321715841,2.2689070759209926,0.04195155339955408,1
2021-06-08 00:00:00-04:00,395.1775371058986,395.2709411073429,392.57174503387,394.40234375,47134300,392.50445861816405,386.73114807128906,76.21735009709671,0.00021345067393285788,2.3250133622956923,0.043594792269997865,0
2021-06-09 00:00:00-04:00,395.2429272053632,395.31766180851946,393.58978752250255,393.8139343261719,48436300,392.82294921875,387.2143902587891,77.99692753249695,-0.0014919014380936346,2.2955367567021767,0.04430199044733636,1
2021-06-10 00:00:00-04:00,395.0374175201594,396.59718157596666,393.72049815041606,395.6445007324219,51020100,393.2469757080078,387.7538592529297,74.77685513466479,0.004648302781317781,2.392310676388661,0.03743975026883785,1
2021-06-11 00:00:00-04:00,396.1955848814836,396.410382721431,394.90668383020704,396.2983093261719,45570800,393.71582946777346,388.2765142822266,77.28584939950522,0.0016525153074027354,2.4930235705004975,0.035203201993221196,1
2021-06-14 00:00:00-04:00,396.4103860815458,397.2883323557152,395.1682012696967,397.18560791015625,42358500,394.2033630371094,388.7369665527344,71.92240016560692,0.0022389663622159883,2.6143008125241636,0.03733044116992861,0
2021-06-15 00:00:00-04:00,397.33497736676,397.3723161568696,395.57908513324,396.45703125,51508500,394.65260009765626,389.0754412841797,72.70675690457999,-0.0018343480872575757,2.621405917430252,0.037888808254125154,0
2021-06-16 00:00:00-04:00,396.5972776541553,396.8214244938092,392.1982249085213,394.2436218261719,80386100,394.81885986328126,389.37413146972654,59.94782366966412,-0.005582974318425915,2.420530750228693,0.033882656658195016,0
2021-06-17 00:00:00-04:00,393.832609480347,395.0934636810587,391.6377438115296,394.11279296875,90949700,395.11774291992185,389.6614245605469,58.815512567794,-0.0003318477463651881,2.2251290351599096,0.02673610470533421,0
2021-06-18 00:00:00-04:00,390.8294393593685,391.5228387958726,388.5899319002041,388.7960815429688,118676300,394.52723999023436,389.8063317871094,40.66015530585066,-0.013490329470738027,1.6225537995291006,0.0258288507350793,1
2021-06-21 00:00:00-04:00,390.5576860310017,394.54947970964827,389.7424670056216,394.362060546875,72822000,394.53162841796876,390.007080078125,54.98767018572173,0.014315933899892164,1.5759697742093977,0.022343515219515865,1
2021-06-22 00:00:00-04:00,394.35264939802,397.30431488608144,393.6311114680384,396.4703369140625,57700300,394.738427734375,390.2471923828125,57.61858133999043,0.005346042578902921,1.689694139512767,0.022911079671042115,0
2021-06-23 00:00:00-04:00,396.5453419827774,397.35118140093033,395.908162638729,395.9924926757813,49445400,394.95628356933594,390.4549578857422,59.91717247570027,-0.0012052458753926132,1.7214200233546535,0.022322799136745317,1
2021-06-24 00:00:00-04:00,398.13837392933584,398.7567942864678,397.8853551870856,398.3351440429688,45110300,395.2253479003906,390.7359143066406,57.79452000994956,0.005915898433724864,1.9135373345922062,0.023622597935061565,1
2021-06-25 00:00:00-04:00,399.0847106398985,400.1997887962621,398.7567414298832,399.75,58129500,395.5705169677734,390.9626037597656,61.156673569985124,0.0035519234950520673,2.15511590453184,0.025807971144272253,1
2021-06-28 00:00:00-04:00,400.2747165613677,400.7244767038043,399.0753085212979,400.5558166503906,53159600,395.90753784179685,391.1794451904297,62.27501457999283,0.00201580150191516,2.3841088085951014,0.028382825595041055,1
2021-06-29 00:00:00-04:00,400.9400834258965,401.5772628150839,400.2373044711945,400.77142333984375,35970500,396.33897705078124,391.43889221191404,64.0884175920606,0.0005382687767614414,2.553549266394782,0.030122787965458007,1
2021-06-30 00:00:00-04:00,400.3122760719077,401.78343362434913,400.2841660560844,401.1087646484375,64827900,397.02549133300784,391.7618713378906,61.776935877450995,0.0008417299461684902,2.684111903061364,0.0317727269972203,1
2021-07-01 00:00:00-04:00,401.8676292122557,403.4887158387447,401.80202966523314,403.3294067382813,53441000,397.94715270996096,392.0564141845703,64.1951530879443,0.005536259203386296,2.9329616352171684,0.03372023829539307,1
2021-07-02 00:00:00-04:00,404.4914967088667,406.7684938220398,403.4138793575893,406.4124145507813,57697700,399.70878601074224,392.48360107421877,67.11104772512235,0.007643895438798287,3.340443255023388,0.040005204912037885,0
2021-07-06 00:00:00-04:00,406.4686076794865,406.6841368547064,402.9359824093808,405.672119140625,68710400,400.8397918701172,392.81248291015623,67.08189079718514,-0.001821537393178696,3.5625726024371716,0.04369674306164414,1
2021-07-07 00:00:00-04:00,406.3561849607676,407.386933196444,404.3415575796705,407.1058044433594,63549500,401.9033386230469,393.15378723144534,74.55220141906781,0.003534098684847997,3.8103745072964443,0.0476892451116441,0
2021-07-08 00:00:00-04:00,401.7833591762361,404.54763413665,400.60268153812575,403.7886352539063,97595200,402.68295288085943,393.4304278564453,66.46678161874708,-0.008148174634819205,3.6964807423461252,0.04788508379838224,1
2021-07-09 00:00:00-04:00,405.2972933549247,408.3988887478352,403.59187628680496,408.0990295410156,76238600,403.6593414306641,393.79551696777344,84.01572474173037,0.010674877673064964,3.908971715874145,0.05144082915997673,1
2021-07-12 00:00:00-04:00,408.0146223446396,409.8137486491912,407.5835926889374,409.5607299804688,52889600,404.640414428711,394.14015380859377,81.31255847173759,0.003581729760781638,4.147509445678679,0.05547702591764874,0
2021-07-13 00:00:00-04:00,408.7736811446095,410.2729485190576,407.9022421705888,408.1646118164063,52911300,405.40129394531255,394.50842529296875,74.8210954503059,-0.0034088184287811574,4.175761665962966,0.05773781973317506,1
2021-07-14 00:00:00-04:00,409.8606191747878,410.3478974784806,407.5274025459791,408.7736511230469,64130400,406.20151672363284,394.8720642089844,76.97776014243397,0.0014921413787694071,4.1988939010065,0.059467529852002515,0
2021-07-15 00:00:00-04:00,407.43375298751454,408.10842192602513,405.4753457373174,407.3775329589844,55126400,406.8283935546875,395.2559753417969,69.88055603640879,-0.0034153819851814315,4.057795554679387,0.058454580300032,0
2021-07-16 00:00:00-04:00,408.5582649361013,408.6051054340391,403.7887412422356,404.1822814941406,75874700,406.91368103027344,395.57355346679685,59.03728860807698,-0.007843465106273873,3.64611387811442,0.05559656243811097,0
2021-07-19 00:00:00-04:00,399.35644496226297,404.247787129505,395.40214130525,398.2132568359375,147987000,406.09376525878906,395.70973388671877,46.05435624031721,-0.014768150241859734,2.8058585875232325,0.04678309958904836,1
2021-07-20 00:00:00-04:00,398.87858854389634,405.1942482191287,398.0821000063619,403.91986083984375,99608200,405.9185394287109,395.90307189941404,54.47521385317439,0.014330522417181468,2.5707909887958635,0.04228273128342567,1
2021-07-21 00:00:00-04:00,405.1192467876088,407.33067265477706,403.8729980876093,407.1900939941406,64724400,405.9269683837891,396.2398974609375,57.97880305742073,0.008096242525676534,2.618197754366008,0.03977461309429738,1
2021-07-22 00:00:00-04:00,407.3681472338477,408.28645534613815,406.3842681533673,408.0428161621094,47878500,406.3523864746094,396.6634521484375,56.41430933907885,0.0020941623594139536,2.693526216523992,0.03611928773819178,1
2021-07-23 00:00:00-04:00,409.9731072389194,412.5780733348413,409.2890873803712,412.2407531738281,63766600,406.7665588378906,397.3353460693359,57.69797859690838,0.010287981666244894,3.05672695314928,0.03688376335609907,1
2021-07-26 00:00:00-04:00,411.6503882088871,413.26209560038063,411.6035477215418,413.2527160644531,43719200,407.13575744628906,397.93650939941404,59.94099459170454,0.002454786148225141,3.3871778240804815,0.03856350616387894,0
2021-07-27 00:00:00-04:00,412.2127444891884,412.24085450951605,408.5395397881605,411.3694152832031,67397100,407.45623779296875,398.3823254394531,55.526022260721,-0.004557261714297489,3.457242941843333,0.03823088921484828,0
2021-07-28 00:00:00-04:00,411.99717221467273,412.57813163816985,409.7763950523972,411.20068359375,52472400,407.6989410400391,398.8445678710938,60.46038475651663,-0.0004101707204872129,3.459278407121758,0.03719203636196808,1
2021-07-29 00:00:00-04:00,412.12830695326727,413.9836250033735,412.11892741688575,412.9060363769531,47435300,408.2517913818359,399.4077911376953,57.322374904702585,0.004147251819474063,3.5574907069872097,0.03675327530361014,0
2021-07-30 00:00:00-04:00,410.338588975124,412.35321630587856,410.20738984106623,410.90081787109375,68951200,408.92364501953125,399.9510827636719,52.00806665508182,-0.004856355512392496,3.4339360103232934,0.0360724695571357,0
2021-08-02 00:00:00-04:00,412.6155523054972,413.16840161930367,409.6826170641352,410.0386962890625,58783300,410.10618896484374,400.3945672607422,52.853910987348094,-0.0020981257387073793,3.2292274920305886,0.036166236792721004,1
2021-08-03 00:00:00-04:00,410.8352061543172,413.49639234731455,408.642539261414,413.3745727539063,58053900,411.05166015625,400.9111199951172,56.46915455547982,0.008135516220869388,3.298152815440858,0.03743288289240749,0
2021-08-04 00:00:00-04:00,412.0908364864167,413.34646478534535,411.1069573898092,411.3412170410156,46732200,411.4667724609375,401.3079931640625,55.47505071130722,-0.004918918208598133,3.1523633359967675,0.03777276345377106,1
2021-08-05 00:00:00-04:00,412.5030891792091,414.0304665079831,412.1844995210822,413.9461364746094,38969700,412.0571044921875,401.77433532714844,63.71044462461707,0.006332745967769116,3.2100162817218347,0.03761275592827191,1
2021-08-06 00:00:00-04:00,414.26472732503214,415.0518362349307,413.9835986168319,414.6301574707031,46930000,412.296044921875,402.2388537597656,77.07062076100807,0.0016524396191235358,3.2731703638818317,0.03928626901792454,0
2021-08-09 00:00:00-04:00,414.60205680992107,414.92064647615,413.5244682278816,414.2928466796875,41222600,412.4000579833984,402.69251525878906,70.78499428859348,-0.0008135220869442961,3.258440987785036,0.04061669853736238,1
2021-08-10 00:00:00-04:00,414.74262797605,415.52038600343246,414.0586081210977,414.8082275390625,43339300,412.7439392089844,403.14247436523436,67.15934071221659,0.0012440013471279876,3.2508806507045165,0.04183692406629938,1
2021-08-11 00:00:00-04:00,415.87641776811984,415.9326377882429,414.7519601733688,415.83892822265625,44034300,413.207763671875,403.61995971679687,67.42055281953776,0.0024847643203911307,3.2901313738973386,0.04348181202214558,1
2021-08-12 00:00:00-04:00,415.6890572389117,417.2258142619736,414.7895081939832,417.0852355957031,38909400,413.62568359375,404.1100439453125,62.46999233311959,0.0029970916344310705,3.382809521554634,0.04510935169627948,1
2021-08-13 00:00:00-04:00,417.5349995492506,417.86296875743454,417.0477498031309,417.84423828125,39470300,414.3200256347656,404.64444946289063,61.97480162046426,0.0018197783588833616,3.4774172928221105,0.04463005893320097,1
2021-08-16 00:00:00-04:00,416.5418093350096,418.9593565822655,414.9863216720474,418.82818603515625,73740000,415.198974609375,405.1269909667969,70.41010780883335,0.002354819484776449,3.590403062157179,0.03527769844805151,0
2021-08-17 00:00:00-04:00,416.2700016386988,416.9446705471954,413.0934557834653,416.0826110839844,92673900,415.4697784423828,405.5622796630859,61.70777083153409,-0.00655537292550179,3.418988178070947,0.0297719762443614,0
2021-08-18 00:00:00-04:00,415.0705996443618,416.6354666486862,411.2849843863083,411.5285949707031,89351900,415.48851623535154,405.9048046875,47.093730039354675,-0.010944980616750755,2.8824426025499292,0.026721925681429805,1
2021-08-19 00:00:00-04:00,408.80177618265736,413.36517769933806,408.6612261268582,412.1657409667969,92812200,415.3104766845703,406.2718408203125,52.83238052805865,0.0015482423430117631,2.4800502498779338,0.02392261042856913,1
2021-08-20 00:00:00-04:00,412.5124973678688,415.7733732693985,412.0252190130029,415.4454040527344,72008700,415.3920013427734,406.66785888671876,60.923867670797335,0.007957146264132797,2.3981484505102912,0.02396545919907655,1
2021-08-23 00:00:00-04:00,417.132066923601,420.00878201499984,415.5203595410852,419.099853515625,54973000,415.87270202636716,407.1238897705078,61.42050462893056,0.008796461405616407,2.5981740810880183,0.026439639603031806,1
2021-08-24 00:00:00-04:00,419.76513671875,420.2992555252089,419.2497769837676,419.76513671875,38744700,416.36839294433594,407.5754803466797,67.77368977511406,0.0015874097725023795,2.7783515220339723,0.028250700853699413,1
2021-08-25 00:00:00-04:00,419.9525357546496,421.1612947689073,419.5776974968097,420.64593505859375,40529700,416.8490936279297,408.05925842285154,65.24510750231588,0.0020983122770243945,2.958117173565711,0.0300123295124014,0
2021-08-26 00:00:00-04:00,420.3648902398338,420.599149899653,418.0691627312955,418.1628723144531,57829600,416.9568572998047,408.5376434326172,57.43021019741148,-0.005902975726592374,2.86716939191615,0.03031221732695571,1
2021-08-27 00:00:00-04:00,418.9687063675384,422.2764515773078,418.9124863376052,421.9016418457031,77235100,417.36259765625,409.0934204101562,64.00008535096654,0.008940940907920858,3.0614891336646224,0.03171529264051757,1
2021-08-30 00:00:00-04:00,422.5762802722132,424.5440669661629,422.33264109600447,423.7569580078125,48357400,417.8554748535156,409.79263793945313,65.69179791683612,0.00439750875107503,3.326847609406059,0.03312966760419536,0
2021-08-31 00:00:00-04:00,423.6632387027082,424.0005588501911,422.5294300788062,423.1291198730469,59300200,418.56012573242185,410.36797912597655,62.966714324640904,-0.0014815995888710631,3.4467528020493887,0.035141118857727256,1
2021-09-01 00:00:00-04:00,424.0661623524176,424.5815221145776,423.11974426960506,423.35400390625,48721400,419.74266662597654,410.9056524658203,61.57036850115526,0.0005314785077203954,3.5193558496232527,0.0351439912580758,1
2021-09-02 00:00:00-04:00,424.7783747777005,425.462394702092,423.4571468275892,424.6565551757813,42501000,420.991748046875,411.4789337158203,62.32628151891585,0.003076742531103571,3.6400391836152153,0.0371244832979114,0
2021-09-03 00:00:00-04:00,423.5226862527916,425.068794112329,423.1197379507082,424.5534057617188,47170500,421.9025482177734,412.0032989501953,60.70034427452537,-0.0002429007931357141,3.684881281961623,0.03858347156336973,0
2021-09-07 00:00:00-04:00,424.20675973967593,424.3004693240175,422.3607924531319,423.0354614257813,51671500,422.2961090087891,412.46900817871096,63.61975564294084,-0.003575390787912913,3.556931454358107,0.03832325144987032,0
2021-09-08 00:00:00-04:00,422.5013195727054,423.2322084875442,420.599103890751,422.5200500488281,56181900,422.57160034179685,412.9082928466797,75.57786104064685,-0.0012183644728412935,3.3750355940644,0.03769242387182911,0
2021-09-09 00:00:00-04:00,422.3232858185863,424.0755433312676,420.4679391954341,420.7115783691406,57970400,422.5781646728516,413.3070959472656,68.85866139399056,-0.00428020322225775,3.0497971012202925,0.0368474784251717,0
2021-09-10 00:00:00-04:00,422.6418302154465,423.0634803599812,417.272589605885,417.3944091796875,89948200,422.501318359375,413.63280883789065,54.29388992204905,-0.007884663413143755,2.495607610503214,0.036746455285463435,1
2021-09-13 00:00:00-04:00,420.3929721292917,420.65534176904265,416.1481602138,418.462646484375,83738600,422.1574188232422,413.9354736328125,48.415608382099414,0.0025592995047225564,2.1181891037854257,0.036615540972564774,0
2021-09-14 00:00:00-04:00,419.9057840546144,420.1119337155956,415.3143000740167,416.2044982910156,78197100,421.4021728515625,414.1313153076172,41.79642621599925,-0.0053962957323210325,1.618214758552881,0.037365677078182,1
2021-09-15 00:00:00-04:00,416.62612251723135,420.17750702921626,415.520423766594,419.6808776855469,78792200,421.0573486328125,414.41149047851565,48.014067259082495,0.00835257525760924,1.4853737872529678,0.0364942229109789,0
2021-09-16 00:00:00-04:00,419.15605298019295,420.1305523944603,416.0638088883506,419.0155029296875,77786700,420.6234985351563,414.64968444824217,51.89645037489155,-0.001585430242923569,1.3112904384764192,0.031497248458186355,0
2021-09-17 00:00:00-04:00,418.2428908298914,418.6658919018536,414.5767094129711,414.9339294433594,118425000,419.65123596191404,414.8725903320312,34.7349588016785,-0.009740865093989193,0.8343612638763602,0.028540322075851395,0
2021-09-20 00:00:00-04:00,408.8048283528595,410.384089550766,403.1457660287209,408.0151977539063,166445500,417.99741516113284,414.87091369628905,21.77465954010023,-0.016674297276037753,-0.10073120158006077,0.037582253321457704,0
2021-09-21 00:00:00-04:00,410.3559338587685,411.65319451439296,407.103401321114,407.62982177734375,92526100,416.45685119628905,414.83229553222657,21.965646558528917,-0.0009445137795945913,-0.8629478127992911,0.04591399263091745,1
2021-09-22 00:00:00-04:00,409.9046386502538,413.64601007748894,407.74255702757415,411.6061096191406,102350100,415.36545715332034,414.90112548828125,31.290067023412092,0.009754653927083856,-1.1330951554311923,0.04883818573167221,1
2021-09-23 00:00:00-04:00,413.4768249344985,418.2146371474796,413.2418148065021,416.6071472167969,76396000,414.95501403808595,415.05779541015625,38.53141519926738,0.012150056767339379,-0.9328931208660833,0.04895730837909448,1
2021-09-24 00:00:00-04:00,414.9714643868074,418.0078054106592,414.7552447526697,417.2933654785156,62094800,414.9449096679688,415.25611206054685,39.82513902397082,0.0016471591193361057,-0.7106673564302355,0.04904903695836103,0
2021-09-27 00:00:00-04:00,416.2594002212312,417.4250414535586,415.4039597824938,416.099609375,61371100,414.70860595703124,415.49445861816406,40.190345470554654,-0.0028607119170148687,-0.6236884853557854,0.04884220721662995,0
2021-09-28 00:00:00-04:00,413.3264910581115,413.65551103539497,406.98121643473854,407.7144470214844,130436300,413.85960083007814,415.684482421875,32.872577483802814,-0.02015181500917651,-1.217336925274651,0.05244471992447561,1
2021-09-29 00:00:00-04:00,409.0962250337873,410.8353056858977,407.8365742138815,408.4006042480469,82329200,412.7315734863281,415.77409729003904,35.378754929250746,0.0016829357693237679,-1.613837127362558,0.05453394383426704,0
2021-09-30 00:00:00-04:00,409.8764201598323,410.5814504861145,403.0705365902038,403.4089660644531,140506000,411.17091979980466,415.6984747314453,34.02542824854346,-0.012222406459913127,-2.3042874869219645,0.05977985013782896,1
2021-10-01 00:00:00-04:00,405.1386734490561,409.8858665977476,401.61352150069314,408.20318603515625,129240100,410.4978454589844,415.70168212890627,39.20058182491028,0.011884267267220805,-2.4365340389203993,0.058617200837912,0
2021-10-04 00:00:00-04:00,407.0375892196289,407.9400201839394,400.79570572105376,402.9390258789063,128570000,409.9902282714844,415.5156475830078,36.86744818526841,-0.012895931086134516,-2.932312244102377,0.06017724942261726,1
2021-10-05 00:00:00-04:00,404.4430304326626,409.3782432393912,403.64401892844825,407.1315612792969,90682500,409.9404022216797,415.3932244873047,37.75012660490331,0.010404887913861627,-2.9528785296799356,0.05832597658809129,1
2021-10-06 00:00:00-04:00,403.5312059070278,409.0304489893108,401.90495407806975,408.8236389160156,113032200,409.6621551513672,415.3423089599609,40.24682070424911,0.004156095468014875,-2.800360126793805,0.05505944301069154,1
2021-10-07 00:00:00-04:00,412.1043841974191,415.1970969045478,411.9257742006232,412.3581848144531,72437500,409.2372589111328,415.365458984375,47.50904278678384,0.00864564952214919,-2.3669946383120077,0.05183885445204233,0
2021-10-08 00:00:00-04:00,413.1289992900791,413.5144193283019,410.9762985644965,411.6061096191406,74557400,408.6685333251953,415.33946044921873,53.94300244152695,-0.001823839620525347,-2.060483577294974,0.05044327319495349,0
2021-10-11 00:00:00-04:00,410.9480912711501,413.86222243707743,408.5603804682312,408.6261901855469,65233300,407.92119140625,415.2939678955078,51.03508490492462,-0.007239735669499869,-2.034572660063475,0.048542466679201715,0
2021-10-12 00:00:00-04:00,409.5474922480039,409.951702812476,406.8307612007708,407.6203918457031,71181200,407.9117858886719,415.24560180664065,45.58704672316154,-0.0024614142803403016,-2.071320696065527,0.04787220927951375,1
2021-10-13 00:00:00-04:00,408.6449718376633,409.9046225853422,405.6650597065649,409.0867919921875,72974000,407.98040466308595,415.15984619140625,40.966467417961105,0.003597465131330857,-1.9595293086431411,0.043576890042125754,1
2021-10-14 00:00:00-04:00,412.7529748558683,416.1183359496485,412.2829546004724,415.9679260253906,70236800,409.2363006591797,415.25238037109375,48.614124746641885,0.016820719142979668,-1.3006902724453653,0.04099227420877205,1
2021-10-15 00:00:00-04:00,418.0830234599393,419.50249383265776,417.4625932709582,419.1358642578125,66260200,410.32956848144534,415.35617492675783,53.04883056454786,0.007615823322465687,-0.516970139818568,0.04428597881599323,1
2021-10-18 00:00:00-04:00,417.349747161472,420.7150792484789,416.6917073911921,420.3766784667969,62213200,412.0733337402344,415.4711053466797,64.84455498820786,0.0029604104892850813,0.2019293327830951,0.04881962085504141,1
2021-10-19 00:00:00-04:00,422.0030022074686,423.6856540804756,421.39195292020696,423.619873046875,46996800,413.7221649169922,415.65764587402344,66.83307174320292,0.007714972657157704,1.0215848481007583,0.05513567990220005,1
2021-10-20 00:00:00-04:00,424.0805016742407,425.5845723051379,423.9677013972816,425.2837524414063,49571600,415.36817626953126,415.8671563720703,76.11684487360834,0.003927765197992095,1.7848542223653112,0.06228068313140773,1
2021-10-21 00:00:00-04:00,424.6821246218787,426.6186059313377,424.2497139854905,426.39300537109375,41305400,416.7716583251953,416.07823791503904,73.81257530770296,0.002608265477624272,2.4510044875064523,0.06866017059177029,0
2021-10-22 00:00:00-04:00,425.9606119788899,427.4082825705058,424.0053114184127,425.9512023925781,58845100,418.20616760253904,416.25555725097655,84.47892251852514,-0.0010361403047198792,2.9097418708834653,0.07362778931413744,1
2021-10-25 00:00:00-04:00,427.0416324269042,428.5644935725112,425.26497065295007,428.2354736328125,45214500,420.16709594726564,416.4633819580078,83.5375559053835,0.005362753356261463,3.4182131178113764,0.08006168321361326,1
2021-10-26 00:00:00-04:00,429.7864887127144,430.9991201914676,428.2448086637861,428.6208190917969,56075100,422.267138671875,416.65923461914065,82.82420731781365,0.0008998447879979832,3.8083738394225293,0.08434149784845085,0
2021-10-27 00:00:00-04:00,429.0814956872959,429.7489164065924,426.6467655584889,426.7219848632813,72438000,424.03065795898436,416.87202209472656,75.18139455254598,-0.0044301026546936795,3.9191810892428407,0.0862627288733529,1
2021-10-28 00:00:00-04:00,428.1508248045862,430.91454608380144,428.1414439075538,430.83935546875,51437900,425.51780090332034,417.2582373046875,80.1594312616586,0.009648836365409919,4.289784070145231,0.08664427607422476,1
2021-10-29 00:00:00-04:00,428.53625110147857,432.00500278448646,428.244840846289,431.7135925292969,70162400,426.77557373046875,417.6491943359375,88.76291195277929,0.0020291485665131503,4.600995811350003,0.08897033032816558,1
2021-11-01 00:00:00-04:00,432.70065934906575,433.07669852419264,430.7265971184563,432.4562683105469,48433600,427.98353271484376,417.9894116210937,92.0702468316348,0.001720297424268935,4.851634465084828,0.08608920198822932,1
2021-11-02 00:00:00-04:00,432.62542031362,434.5149108124716,432.4938008795022,434.2046813964844,48908400,429.04201354980466,418.29150817871096,92.14529232666212,0.004042982410147333,5.132189047201621,0.08575705916832346,1
2021-11-03 00:00:00-04:00,433.6406702124122,437.2598318669312,433.19885003088245,436.8556213378906,52509800,430.19920043945314,418.63331787109377,90.84578990838408,0.006105277199868864,5.504981275841715,0.08663410972474418,1
2021-11-04 00:00:00-04:00,437.4572570913363,438.9989373652711,437.10944667746986,438.9143371582031,52847100,431.4513336181641,418.9986859130859,90.43065663377423,0.004712577153082265,5.898548172540927,0.08945823091019546,1
2021-11-05 00:00:00-04:00,441.14228636490327,442.4301374982926,438.92380414430136,440.437255859375,66390600,432.8999389648437,419.44417358398437,90.53976547380748,0.003469740157116208,6.261164775204577,0.09092616922744157,1
2021-11-08 00:00:00-05:00,441.5370209098921,442.0352412122443,440.1269602027339,440.8131713867188,50405200,434.1577087402344,419.82240417480466,89.29973520688206,0.0008535052889890871,6.503901360382088,0.08785635240887335,0
2021-11-09 00:00:00-05:00,441.1798210293701,441.41483115793073,437.946079365355,439.3561401367188,51149100,435.2312408447266,420.1343878173828,82.4731552320539,-0.003305326030563993,6.503730649505371,0.07976666125677599,0
2021-11-10 00:00:00-05:00,437.6640656796384,439.3561558785573,434.3363427951768,435.8215942382813,69429700,436.1412017822266,420.3882373046875,69.56705679687911,-0.008044831005064812,6.147522235700876,0.06803073927030334,1
2021-11-11 00:00:00-05:00,437.31627671722447,437.3914960298939,435.94382548251065,435.9626159667969,34848500,436.6535278320313,420.6404095458984,71.03924455891568,0.00032357673502159123,5.809633932736233,0.06139585485061336,1
2021-11-12 00:00:00-05:00,437.2316347180003,439.80733651939306,436.2821846286871,439.2527160644531,53466700,437.4074401855469,420.93233276367187,72.21391537849067,0.007546748223721256,5.741158102787949,0.05759712766213244,1
2021-11-15 00:00:00-05:00,440.5406069013292,440.7003977259758,438.2751057858588,439.4031372070313,46980500,438.1021270751953,421.2293273925781,71.9481665082591,0.0003424478371492068,5.634082052489532,0.05334208171251445,1
2021-11-16 00:00:00-05:00,439.1399817843683,442.27971409763927,439.0647911553484,441.1422729492188,48857500,438.79588623046874,421.5914636230469,79.5456023370166,0.003957950216837203,5.6247189719745165,0.05158988927165417,0
2021-11-17 00:00:00-05:00,440.8790082432791,441.0576182388675,439.4501569663317,440.0705871582031,47858300,439.1173828125,421.9424743652344,71.61095718945879,-0.0024293427692861913,5.467793259216819,0.04939687581974776,1
2021-11-18 00:00:00-05:00,441.1046072166389,441.8284567817868,438.3784954289363,441.5652465820313,50625600,439.3824737548828,422.3595477294922,72.41235189487082,0.003396408365939907,5.401766819963086,0.047842368063613784,0
2021-11-19 00:00:00-05:00,441.4524364328998,442.7027064508368,440.4090051747564,440.775634765625,57315600,439.4163116455078,422.8271722412109,68.88609001564302,-0.0017882109665974255,5.225489130692381,0.04430537144506263,0
2021-11-22 00:00:00-05:00,442.65567024625074,445.1467717517106,439.32791895320247,439.5347290039063,72762000,439.28846740722656,423.24861389160156,62.38531589629114,-0.0028152775785316164,4.928840462885205,0.04126630333052012,1
2021-11-23 00:00:00-05:00,439.2057132997234,440.9729939884895,436.6018115031317,440.1175537109375,73206500,439.36460876464844,423.726875,58.38564867625571,0.0013260037684668102,4.686747432396203,0.03782839044857936,1
2021-11-24 00:00:00-05:00,438.1152611459688,441.4148123907597,437.29743052339023,441.2926025390625,61858800,439.9117095947266,424.1591094970703,56.404954262654776,0.002669852220656299,4.5373992673632415,0.030963953139800465,0
2021-11-26 00:00:00-05:00,434.6183102320528,436.0847710795946,430.32231837166336,431.4503784179688,112669600,439.4604858398437,424.4078070068359,33.28652897027388,-0.022303170423579655,3.583545655271678,0.0303586243622543,1
2021-11-29 00:00:00-05:00,436.2446690099577,438.5853610359219,434.0449773431906,436.7428894042969,86268800,439.2095031738281,424.8439862060547,43.600533164951884,0.012266789533791789,3.2175809306874044,0.02731727448832669,0
2021-11-30 00:00:00-05:00,434.29870556860726,436.2069866122317,428.0004228222706,428.2448425292969,148559600,438.0936737060547,425.2485791015625,35.69707392919061,-0.019457779579631018,2.2162819691961886,0.03220483880796606,0
2021-12-01 00:00:00-05:00,433.9603158081163,436.8086374124799,423.290850257439,423.4882507324219,131939200,436.328271484375,425.56574768066406,34.60825094851393,-0.01110717824126417,1.0270884860070737,0.04343452245417315,1
2021-12-02 00:00:00-05:00,423.7044637690375,431.54439807571686,423.3096341374703,429.9745178222656,127637800,435.31866455078125,425.93311584472656,43.54870315183684,0.015316285820505593,0.6011024936840386,0.04615750182151125,0
2021-12-03 00:00:00-05:00,431.638417799551,432.7006394884692,422.0030024782896,426.2331848144531,137331600,433.78545837402345,426.12563659667967,36.10843020416137,-0.008701290082867241,-0.03795130142236758,0.051201395985812255,1
2021-12-06 00:00:00-05:00,428.7806474520351,433.1612393139571,426.3647366532748,431.2811584472656,98977500,432.8360107421875,426.4053924560547,42.15401469193105,0.011843220595341375,-0.13551462543887283,0.05164582056027972,1
2021-12-07 00:00:00-05:00,436.5641964227451,440.766178454865,431.149554156454,440.2021484375,95484700,432.9027526855469,426.8874432373047,49.202482385542226,0.02068485908902784,0.5012371242015092,0.05141860422021629,1
2021-12-08 00:00:00-05:00,440.5970169214314,441.8190581603877,438.83911699656346,441.3678283691406,72238800,433.0277801513672,427.5605108642578,51.09871136365516,0.002648055980140507,1.0873933086465968,0.0521318510007533,0
2021-12-09 00:00:00-05:00,440.0799091515518,441.4711792762943,438.1904474482316,438.3878479003906,61272600,432.7373046875,428.1602557373047,47.37491799533961,-0.006751693887071641,1.2965212982842331,0.05230010645543031,1
2021-12-10 00:00:00-05:00,441.0952068137605,442.665058357532,438.5382955487335,442.5146484375,77159800,433.84373168945314,428.94236938476564,51.36164307097061,0.00941358333009057,1.774796303971641,0.053762227454393394,0
2021-12-13 00:00:00-05:00,441.997668765506,442.3454791791736,438.3126971846737,438.5947265625,87724700,434.02891540527344,429.5502001953125,49.29361570970037,-0.008858287265384512,1.8165872693509755,0.053642445020897156,0
2021-12-14 00:00:00-05:00,435.3233478323497,437.8144493976514,432.6536362786152,435.5771484375,97264100,434.76214599609375,430.20296264648437,46.708465336896694,-0.0068801058066757514,1.5879091465644137,0.053360421353960415,1
2021-12-15 00:00:00-05:00,435.6335728638,442.6274476583098,433.1142425689226,442.383056640625,116899300,436.65162658691406,430.9079925537109,50.73084966079675,0.015625035031197276,1.9335709965215528,0.053895257784309834,0
2021-12-16 00:00:00-05:00,444.23497726904446,444.5169779638093,436.930843709259,438.48193359375,116568600,437.5023681640625,431.50115844726565,55.12050897072455,-0.008818427804399676,1.871152989226971,0.05353554306863171,0
2021-12-17 00:00:00-05:00,435.400025670144,438.40929266529145,432.1077672413191,433.8152160644531,135511600,438.2605712890625,431.9302990722656,47.848403673148624,-0.010642895799717333,1.428652548249147,0.0526306757166269,0
2021-12-20 00:00:00-05:00,428.7305989396733,429.59845850346267,425.5798363191293,429.2022705078125,107134800,438.0526824951172,432.28222229003904,50.74624380548425,-0.010633434203827674,0.6976989669162776,0.05342202440023577,1
2021-12-21 00:00:00-05:00,432.6265744907592,436.9659586009306,430.4568968299471,436.824462890625,69806300,437.7149139404297,432.84618774414065,59.95010840356454,0.01775897497884693,0.7251016905189545,0.05280311607203119,1
2021-12-22 00:00:00-05:00,436.569793417211,441.30536576361067,436.3716706238864,441.1921691894531,58890200,437.6973480224609,433.51762329101564,58.64267777704628,0.009998767628363714,1.086728809025601,0.05327543848615167,1
2021-12-23 00:00:00-05:00,442.19203501921226,445.4371372699568,442.0882811068288,443.9372253417969,56439700,438.2522857666016,434.2146319580078,63.85280248188304,0.006221905881482304,1.576649363495278,0.054820791041041,1
2021-12-27 00:00:00-05:00,445.3145747017814,450.267126346224,445.2674190586824,450.219970703125,56808600,439.02281799316404,434.8996728515625,64.53804545167041,0.014152328308334461,2.4437104037869517,0.061650992839323,0
2021-12-28 00:00:00-05:00,450.6538982297336,451.6821388256294,449.0879451201847,449.85205078125,47274600,440.14855041503904,435.51399658203127,58.52731909165045,-0.0008172003594163479,3.065833442683072,0.06741550769375333,1
2021-12-29 00:00:00-05:00,449.9558186671151,451.4462881526953,448.955877247608,450.427490234375,54503000,441.6335845947266,436.1150128173828,58.090134498107915,0.0012791749023388643,3.5642175071081397,0.06965090669520131,0
2021-12-30 00:00:00-05:00,450.85201915066745,451.8614033073912,448.7200830453062,449.1823120117188,55329000,442.3135101318359,436.6262615966797,59.947488639693724,-0.002764436562271766,3.8147410326184286,0.06528166532153565,0
2021-12-31 00:00:00-05:00,448.6917576839053,449.8426087104167,447.7767136605498,448.0502624511719,65237400,443.2703430175781,437.081591796875,55.39928406822605,-0.0025202451883665766,3.8772413679162696,0.06402719118137522,1
2022-01-03 00:00:00-05:00,449.3142615710116,450.7764605012531,447.0030884828913,450.6443786621094,72668200,444.95325927734376,437.5666192626953,62.06493208867432,0.005789788397278839,4.088961825584306,0.059477746673731756,0
2022-01-04 00:00:00-05:00,452.06889544831097,452.78584543871375,448.635112640116,450.4934997558594,71178700,447.08238220214844,438.0574652099609,65.84486792890769,-0.00033480703054133976,4.196205897326138,0.05765445216311307,0
2022-01-05 00:00:00-05:00,450.1255683158479,450.8991165177179,441.7486775164381,441.843017578125,104538900,447.58423767089846,438.32961608886717,49.44797708056739,-0.01920223528735132,3.5423420658820532,0.05744941104187988,0
2022-01-06 00:00:00-05:00,441.3807618467668,444.14474987590535,439.06011738234776,441.4279174804688,86858900,447.6078125,438.5857580566406,53.24243820712326,-0.0009394741596947531,2.956573619599965,0.05744338736798925,0
2022-01-07 00:00:00-05:00,441.4373722231892,442.61655098349416,438.3243230228576,439.6827392578125,85111600,447.18236389160154,438.84497314453125,56.90183355362206,-0.003953484031135268,2.3247285841573557,0.05708036498947597,0
2022-01-10 00:00:00-05:00,436.4847981906603,439.3525400552865,430.73040038903787,439.1355895996094,119362000,446.07392578125,439.0108978271484,62.920149471158844,-0.0012444192353939787,1.7595534003595503,0.05756028054283742,1
2022-01-11 00:00:00-05:00,438.8715061877595,443.2297465587139,435.8716533501861,443.1354064941406,74303100,445.4022613525391,439.2393341064453,59.062547384049864,0.009108386997688234,1.6157741522143283,0.056918355415053946,1
2022-01-12 00:00:00-05:00,444.8711475087788,446.38994479619777,442.3712941726711,444.33343505859375,67605400,444.79285583496096,439.47687744140626,54.962640261735125,0.0027035270639539366,1.5802824426870075,0.054819245380043284,0
2022-01-13 00:00:00-05:00,445.4371934481838,446.0881025089078,437.1829410868047,438.211181640625,91173100,443.69574279785155,439.55700744628905,41.826088244493754,-0.013778511664694792,1.0460817429893154,0.05575526392137474,1
2022-01-14 00:00:00-05:00,435.0604113490844,438.739443721602,433.8434906759854,438.3904113769531,95890900,442.72975769042966,439.5877032470703,29.549783010795124,0.0004090031104571068,0.6299248006199605,0.05578799286189842,0
2022-01-18 00:00:00-05:00,433.6925435130348,433.9000801446297,429.51354052849086,430.6266784667969,109709100,440.7279876708984,439.4219500732422,23.53235766400664,-0.017709632119395358,-0.3226318370963668,0.05837406050452234,0
2022-01-19 00:00:00-05:00,432.1738074172843,433.5699368723863,425.88169585972383,426.1552734375,109357600,438.2941650390625,439.13631042480466,19.821635634019145,-0.010383483543604077,-1.4219534577343325,0.06168397828574245,0
2022-01-20 00:00:00-05:00,428.0419704136264,432.7492436968586,419.31604594789405,421.4385681152344,122379700,436.25372009277345,438.748818359375,18.246505256348698,-0.011068044011796951,-2.6433021211756795,0.07460537337898956,0
2022-01-21 00:00:00-05:00,420.3159951185508,422.6743531254501,413.137167164053,413.16546630859375,202271200,433.42747497558594,438.2250048828125,15.68293100290903,-0.019630623375643474,-4.230038658348349,0.09495498743637858,1
2022-01-24 00:00:00-05:00,407.5525662882195,415.42948785761394,396.9210986643511,414.9200744628906,251783900,430.9512084960937,437.8069744873047,14.266884656616995,0.0042467444580336355,-5.285033999570032,0.10818212707532754,0
2022-01-25 00:00:00-05:00,408.52419175491247,414.8068607349304,402.9490301538802,409.8543090820313,167997300,428.02308044433596,437.28480834960936,12.989710663479073,-0.012209014922733963,-6.455475633478102,0.12110471133695591,0
2022-01-26 00:00:00-05:00,415.7501538816743,418.8820597450549,404.5620902381432,408.8260192871094,186391100,424.59214172363284,436.6762744140625,15.083816191102585,-0.0025089154173467687,-7.380950451280455,0.13132273933443492,0
2022-01-27 00:00:00-05:00,413.42953766606337,416.570857381139,405.1186876310889,406.8072509765625,149878300,420.8395233154297,436.0243566894531,14.588983114334084,-0.004937964354781332,-8.182965510499344,0.13962175622583253,1
2022-01-28 00:00:00-05:00,408.1656531591192,416.9576170616148,403.5810198759928,416.9104614257813,164457400,418.70945129394534,435.5397204589844,30.108790920548472,0.024835374553834777,-7.912117609260235,0.13905852139768413,1
2022-01-31 00:00:00-05:00,416.2406674122429,424.7684964246404,414.891693794857,424.4194641113281,152251400,417.31235656738284,435.22669799804686,38.539542568472605,0.018011068035728828,-7.010739493952258,0.13503131698131635,1
2022-02-01 00:00:00-05:00,425.1458243701511,427.928697788192,421.6177306957696,427.2872314453125,123155400,416.97841186523436,434.9411376953125,37.436415531908,0.0067569175697186346,-5.9958693371514755,0.12765097280339258,1
2022-02-02 00:00:00-05:00,429.69282811901024,432.1643826998276,427.3816257607986,431.4380187988281,117361000,417.5066864013672,434.75438537597654,40.23438926366828,0.009714278939427778,-4.801297210748999,0.11899930031164294,0
2022-02-03 00:00:00-05:00,425.40063739567904,427.3061803398797,420.4574993371218,421.2970886230469,118024400,417.49253845214844,434.3896325683594,37.92597440112514,-0.023504952586271277,-4.619626331313725,0.11590802427265542,1
2022-02-04 00:00:00-05:00,421.0612140470099,427.12690349554987,418.68397092224063,423.278076171875,118454400,418.50379943847656,434.05284301757814,39.48269043789045,0.0047021154485134,-4.266618785623791,0.11176915637450052,0
2022-02-07 00:00:00-05:00,424.04216920738406,425.4382985809669,420.5895299814033,421.9196472167969,84472900,419.20375671386716,433.66538391113284,43.34729262753401,-0.0032093062021160135,-4.049788188857349,0.10802989717431341,1
2022-02-08 00:00:00-05:00,421.4196773714475,426.31563040935833,419.99522006477935,425.3911437988281,81012000,420.7574401855469,433.54419921875,49.407098526448394,0.00822786188064728,-3.556826732552281,0.10363660407951371,1
2022-02-09 00:00:00-05:00,429.4286854386847,431.9379817631401,429.2305914308077,431.61724853515625,92589900,423.03656311035155,433.4416864013672,57.71705556391064,0.014636187958046776,-2.6334004076767883,0.09662373894749152,0
2022-02-10 00:00:00-05:00,425.7685496405388,431.7776416870408,421.863123457987,423.8630065917969,140103700,424.742138671875,433.3540496826172,58.17474905819573,-0.01796555158459512,-2.4984799901342853,0.08543544837568925,0
2022-02-11 00:00:00-05:00,423.9478148503631,426.0231523425291,414.0710117021737,415.5048828125,153214600,424.60158081054686,433.19438232421874,50.405925757718904,-0.019718927222507565,-3.031045320720068,0.07963446247984667,0
2022-02-14 00:00:00-05:00,414.9954550498575,416.5802643417421,410.6749280942271,414.14642333984375,123006300,423.57427673339845,432.8778204345703,53.14088094023647,-0.0032694187934952934,-3.522122670755948,0.07192184858615008,1
2022-02-15 00:00:00-05:00,418.58969014890727,420.99520380296383,418.0708341137334,420.8254089355469,88482700,422.9280944824219,432.7696649169922,58.110184118728355,0.01612711161873892,-3.3339351604914214,0.06831861124930592,1
2022-02-16 00:00:00-05:00,418.7783495538221,422.6743616661116,416.90110575473415,421.2970886230469,84863600,421.91400146484375,432.56998352050783,60.00262072063076,0.0011208441255794455,-3.1108743707059148,0.06702200264976232,0
2022-02-17 00:00:00-05:00,418.10857447395847,421.2687799533193,411.6938522260274,412.2975769042969,102259100,421.01405029296876,432.01189208984374,46.7663603064657,-0.021361438191191184,-3.6185698506237713,0.06877991464174778,0
2022-02-18 00:00:00-05:00,412.55223985255054,413.806902341528,407.3544387638589,409.6278991699219,132642900,419.64903259277344,431.37709350585936,38.87637860475193,-0.006475123512536873,-4.18806544645679,0.07069796958435705,0
2022-02-22 00:00:00-05:00,407.4204966635997,410.8259516984403,401.7321096953835,405.23193359375,124391800,417.9802612304687,430.71397521972654,33.78653653563826,-0.010731606868282006,-4.937199529650741,0.0763240762728781,0
2022-02-23 00:00:00-05:00,408.146899453587,408.7129111688608,397.4776894566013,398.043701171875,132578000,415.2455169677734,429.8245562744141,26.50035928133424,-0.01773856358783732,-6.041283810483321,0.08645953067985576,1
2022-02-24 00:00:00-05:00,387.7328175718437,404.4677414533899,387.374371425244,404.0337829589844,213942900,412.48717041015624,429.1333374023437,37.09806025241716,0.015048804363626545,-6.359619286118573,0.08951776368178364,1
2022-02-25 00:00:00-05:00,405.26965885180056,413.0333837616076,403.61880824968927,412.948486328125,121804500,411.3957183837891,428.68076416015623,43.00501602018311,0.02206425240942189,-5.8254087001336075,0.08675265079298738,0
2022-02-28 00:00:00-05:00,407.552492478369,413.37293170296726,406.297858901948,411.8918762207031,145615000,411.0344177246094,428.0709405517578,43.18152955853314,-0.002558697131492371,-5.424769204582049,0.08778709716903411,0
2022-03-01 00:00:00-05:00,410.3919658423738,412.4012911318685,402.9112336256211,405.61865234375,137785900,410.181640625,427.41367492675784,37.04897126169112,-0.015230268522197665,-5.54948524577776,0.09036429328344274,1
2022-03-02 00:00:00-05:00,407.8732634005898,414.8068411449072,407.1186004140651,413.0805358886719,117726500,409.4071533203125,426.99898132324216,38.05183529062784,0.018396302787866192,-4.98870527736716,0.08768022755683923,0
2022-03-03 00:00:00-05:00,415.5143397383029,416.1180643570966,409.22222854392,411.0240173339844,105501700,408.3798461914063,426.63541625976563,41.06836235051946,-0.004978492995955985,-4.656549172264249,0.08132506689921366,0
2022-03-04 00:00:00-05:00,407.2884145484183,408.81662588103086,403.63768107861074,407.68463134765625,113978200,407.9185516357422,426.05261962890626,44.151326834959754,-0.008124551961679272,-4.6096365854403984,0.08171686973748006,0
2022-03-07 00:00:00-05:00,407.09966398019566,407.807171236879,395.600310398485,395.6663513183594,137896600,406.52239685058595,425.14210327148436,38.079640063417244,-0.029479355131854845,-5.479073431884842,0.08885525691841355,0
2022-03-08 00:00:00-05:00,395.8457188726814,403.0056912085427,391.6006739376096,392.6666564941406,164772700,405.265869140625,424.11669189453124,30.931413880898063,-0.007581374595600043,-6.337108457875786,0.09707307524231734,1
2022-03-09 00:00:00-05:00,401.05295715574266,405.1753624907321,398.8643939390567,403.1943359375,116990800,405.7809326171875,423.1761791992187,39.21060912237559,0.026810729327908955,-6.097325477539357,0.09358883807021717,0
2022-03-10 00:00:00-05:00,398.5813104458791,402.2697853678107,396.61916949340304,401.3736267089844,93972700,405.5149169921875,422.20661071777346,42.87995480801362,-0.004515711323875959,-5.985217890347883,0.08229199623237672,0
2022-03-11 00:00:00-05:00,403.86407311815816,404.4772404206204,395.7607587468195,396.2701721191406,95636300,403.8470855712891,421.12346435546874,41.56138301194924,-0.012714972410342251,-6.236289886007626,0.0795420063598946,0
2022-03-14 00:00:00-04:00,397.0437338622443,400.4963446455009,392.2326777773157,393.3741149902344,95729200,401.9953094482422,420.0073004150391,42.364229985131594,-0.007308289476896435,-6.592954384217819,0.0833924824286598,1
2022-03-15 00:00:00-04:00,395.9870872847089,402.656529314086,394.7135972445158,402.0245056152344,106219100,401.6358947753906,419.0867852783203,52.51603540268177,0.021990238542296536,-6.10719934709789,0.08211530613559609,1
2022-03-16 00:00:00-04:00,405.5338099987412,410.99574623645054,400.7321679197033,410.9391479492188,144954800,401.42175598144536,418.2926806640625,54.20888259770507,0.022174375465848772,-4.945884766049687,0.07565694913102548,1
2022-03-17 00:00:00-04:00,409.02407595058,416.0802917480469,408.6467445193264,416.0802917480469,102676900,401.92738342285156,417.60441650390624,52.000906250280266,0.012510718008943211,-3.5695398224039536,0.07080858322855249,1
2022-03-18 00:00:00-04:00,414.467909206015,420.9593333746132,413.72981682419214,420.6376037597656,106345500,403.2226806640625,417.18030822753906,55.348389996133065,0.010952962930718124,-2.0869821155085333,0.07714855148314337,0
2022-03-21 00:00:00-04:00,420.46728690424806,422.47338269242965,417.00392141262006,420.5146179199219,88349800,405.70750732421874,416.7620422363281,59.85050813430616,-0.00029237956555583366,-0.9114616188058449,0.08343801535735691,1
2022-03-22 00:00:00-04:00,421.90556943878335,426.37198236705336,421.90556943878335,425.4351806640625,74650400,408.98435974121094,416.47709106445313,58.45411576318778,0.01170128821794636,0.4124407740843026,0.09336044066430355,0
2022-03-23 00:00:00-04:00,422.8992253482364,424.3943252385868,419.871137651901,419.956298828125,79426100,410.6605560302734,416.09350524902345,55.83876562311113,-0.012878299879632626,1.0079242599594522,0.09467493884341203,1
2022-03-24 00:00:00-04:00,421.9813008840571,426.2963066948586,420.8647048360825,426.2868347167969,64736900,413.15187683105466,415.75653381347655,61.702099884161,0.015074272981110193,1.9679848481607678,0.10169807848000942,1
2022-03-25 00:00:00-04:00,426.92085470819296,428.64307980821,424.33751705816746,428.36865234375,77101300,416.3617248535156,415.4372381591797,73.51131850352739,0.004883607602698348,2.863812813737411,0.10951220801560174,1
2022-03-28 00:00:00-04:00,427.7724596050413,431.4156188964844,425.8799123240818,431.4156188964844,68529800,420.16587524414064,415.3013269042969,77.8396423829211,0.007112954078370093,3.7760991463732125,0.11869442482521966,1
2022-03-29 00:00:00-04:00,435.3048572896743,437.2447358806616,432.61744319877937,436.7526550292969,86581500,423.63869018554686,415.26857177734377,76.05358565274523,0.01237098495984923,4.873567398817954,0.12982497060840742,0
2022-03-30 00:00:00-04:00,435.6076907124575,436.4215012214567,431.94561561692495,434.0558166503906,79666900,425.9503570556641,415.33715454101565,75.03284168205512,-0.006174749822013936,5.462735561831266,0.1375403061612079,0
2022-03-31 00:00:00-04:00,433.2892715675178,434.1125250531456,426.9208392701977,427.37506103515625,121699900,427.079833984375,415.36155029296873,73.26262647011163,-0.015391466624706918,5.32914338335479,0.14021761343718606,1
2022-04-01 00:00:00-04:00,428.9553659870978,429.0973012788602,425.0094204861831,428.5863342285156,89048800,427.87470703125,415.5045056152344,77.01519249572003,0.002834215900257453,5.260371949735543,0.14211292036333428,1
2022-04-04 00:00:00-04:00,428.78500420961205,432.3619176230425,427.96175071510544,432.2578125,59601000,429.0490264892578,415.8863525390625,75.11396136340936,0.008566484692269283,5.439425395767728,0.1383275138792712,0
2022-04-05 00:00:00-04:00,430.7626485122324,433.23240862734673,425.6527770949795,426.7977600097656,74214500,429.18528442382814,416.12390625,63.97538913681788,-0.012631472080644857,5.08216193807317,0.12726810558059404,0
2022-04-06 00:00:00-04:00,422.8802663750546,424.8106439250677,419.64399762453365,422.5301208496094,106898000,429.4426666259766,416.3774224853516,55.77278160296653,-0.009999207025028878,4.403899843763611,0.12200408607642192,1
2022-04-07 00:00:00-04:00,421.6501275690754,426.4761295929624,419.7008059045146,424.6592712402344,78097200,429.2799102783203,416.69408752441404,53.76307117687708,0.0050390499648729214,3.992157780023831,0.11453854477153838,0
2022-04-08 00:00:00-04:00,423.9021853046342,426.4192765433642,421.9812510537585,423.523681640625,79272700,428.7954132080078,417.02841613769533,52.763216081866595,-0.0026741194094098697,3.5334848243610963,0.09974981002482713,0
2022-04-11 00:00:00-04:00,420.2496199540028,421.0918174503352,415.7832355906516,416.2847595214844,89770500,427.28232727050784,417.0159020996094,41.94036037091852,-0.017092130695263275,2.5563941649860453,0.07719223725745256,0
2022-04-12 00:00:00-04:00,419.2749398176844,421.801503312204,413.1904068352256,414.7423095703125,84363600,425.0812927246094,416.8223590087891,45.06536117609682,-0.0037052760541723684,1.638690157519079,0.0638616356162783,1
2022-04-13 00:00:00-04:00,414.49626033587,420.2495916239543,414.3164660258067,419.4925842285156,74070400,423.6249694824219,416.6664660644531,43.371494514603114,0.01145355694027117,1.2799560485339612,0.05764553760785894,0
2022-04-14 00:00:00-04:00,419.7196509137634,420.836275728142,414.16502940715344,414.2691345214844,97869500,422.3143768310547,416.3230883789063,37.03894882660902,-0.012451828479012716,0.567624721007121,0.059044333765320534,1
2022-04-18 00:00:00-04:00,413.3417722746959,416.12381899160926,412.20623239424935,414.439453125,66002500,420.8996887207031,416.1859356689453,33.52315777189196,0.00041113032404016536,0.016648387515772356,0.06242805497073586,1
2022-04-19 00:00:00-04:00,414.3354018558752,421.8488175877449,414.1650795150678,421.1296691894531,77821000,419.78687438964846,416.14296752929687,35.22464892472374,0.01614280690220693,0.11847449732914583,0.062258391661158985,0
2022-04-20 00:00:00-04:00,422.9086378808468,423.523709985774,419.6534541721469,420.8173522949219,65224400,419.18883361816404,416.12092163085936,36.88842597518159,-0.0007416169350697999,0.17198848354701113,0.06269903661418151,0
2022-04-21 00:00:00-04:00,424.4416483063958,425.8326719146392,413.6162739800087,414.5246887207031,85417300,418.38829040527344,415.9035925292969,37.174200552042926,-0.014953431791492888,-0.29002344751387454,0.06544398418594424,0
2022-04-22 00:00:00-04:00,413.4364107712959,414.5435347350055,402.5826511949937,403.1504211425781,132471800,416.23740539550784,415.3342559814453,28.894437241714613,-0.02743930069214462,-1.5560424772551755,0.07864748273992085,1
2022-04-25 00:00:00-04:00,400.907801095318,405.65808479066646,396.33728283967,405.4877624511719,119647700,414.4338134765625,414.9667510986328,27.284507336950753,0.005797690355796803,-2.3437504733498145,0.08578468113319448,0
2022-04-26 00:00:00-04:00,402.9517317938679,403.1504700703284,393.7161197790121,393.7445068359375,103996300,412.17978820800784,414.53154357910154,24.655466691876526,-0.028960813870797075,-3.8709751293588965,0.1016842155186436,1
2022-04-27 00:00:00-04:00,394.8232059633786,400.1980622083152,392.7130342192632,394.8515930175781,122030000,410.1907165527344,414.14564697265627,27.69562347589917,0.002811686670975977,-4.935090419384892,0.10774735932012611,1
2022-04-28 00:00:00-04:00,399.6019576141651,406.55707558525125,395.1639313315665,404.8253784179688,105449100,408.7239959716797,413.82564636230467,35.81102942557027,0.02525957999603823,-4.916929028697325,0.10474032355006224,0
2022-04-29 00:00:00-04:00,400.8320229203481,402.9895255310389,389.1171513609566,389.8647155761719,145491100,406.28355407714844,413.1969989013672,29.89717629415449,-0.03695584229492288,-6.040109829314019,0.11621310403433936,1
2022-05-02 00:00:00-04:00,389.93102468617633,393.5741843394114,383.2597775315031,392.2115478515625,158312500,404.0607635498047,412.7952783203125,34.72994868240977,0.006019606754928519,-6.664049935129924,0.12125057111569694,1
2022-05-03 00:00:00-04:00,392.71303964199615,396.4224162058567,391.1516650055243,394.0094299316406,100028200,401.34873962402344,412.4829089355469,36.891257493811054,0.004583960084618921,-6.9335275166588985,0.11926383349702116,1
2022-05-04 00:00:00-04:00,394.67186907445193,406.57600980928174,391.4829309462933,406.00823974609375,144247900,399.8678283691406,412.49843505859377,42.19013194524229,0.03045310315678207,-6.108472103693487,0.11388339067483731,0
2022-05-05 00:00:00-04:00,401.7405161814466,402.16635092774,387.44233342518896,391.5775451660156,172929100,397.5731140136719,412.3691119384766,38.124080027394754,-0.035542861369273426,-6.543615469112069,0.11662184151935095,0
2022-05-06 00:00:00-04:00,389.013137919738,392.5143334096191,383.9316525873715,389.240234375,151770800,396.1820953369141,412.0732409667969,37.10418998880538,-0.005968960222233033,-6.996420784673603,0.11735456318429185,0
2022-05-09 00:00:00-04:00,383.3354090468631,384.5750250488574,375.19745099249,376.7777404785156,155586100,393.31109313964845,411.3498260498047,28.568854289491043,-0.03201748636416091,-8.265610550321242,0.12764173319951405,1
2022-05-10 00:00:00-04:00,382.75818692997774,384.2627584402979,373.6077376835312,377.6483154296875,132497200,391.70147399902345,410.6649548339844,29.252370580599774,0.002310579574223759,-9.096347429862533,0.13726588755878086,0
2022-05-11 00:00:00-04:00,376.68316971112745,382.3324247205916,370.9014225253903,371.6489868164063,142361000,389.38121337890624,409.9855615234375,29.335084249607974,-0.01588601979186688,-10.122126499168132,0.15009146577486693,0
2022-05-12 00:00:00-04:00,368.4505828254061,374.5351157341159,364.4573066901353,371.2610168457031,125090800,386.0247772216797,409.1491711425781,32.809693080526074,-0.0010439150501299066,-10.841396861681119,0.15636375853148188,1
2022-05-13 00:00:00-04:00,375.396274457315,381.5186671529909,374.35536749244255,380.1371154785156,104174400,385.05201721191406,408.53143310546875,37.234396331969336,0.023907973716781106,-10.573314242095933,0.1562387644531939,0
2022-05-16 00:00:00-04:00,378.4905587658896,382.26618152652463,376.2384227760437,378.5946350097656,78622400,383.69032592773436,407.94963317871094,41.49762602646397,-0.0040576949893680325,-10.36583126708365,0.15477083479695627,1
2022-05-17 00:00:00-04:00,384.6886692136373,386.6190757634291,380.9508763229202,386.3825073242188,83029700,382.92763366699216,407.76395629882813,45.57855362311179,0.02057047721833749,-9.463889477905923,0.14168937109435695,0
2022-05-18 00:00:00-04:00,381.821527065836,382.10539769089775,369.5672682395413,370.806884765625,117674500,379.4074981689453,407.32676086425784,33.22139751294763,-0.04031140712466075,-9.891889140883393,0.13267420573045124,0
2022-05-19 00:00:00-04:00,367.7408696651366,372.96431881468,366.3119871799564,368.5357360839844,98510700,377.1033172607422,406.6335888671875,37.97488260632878,-0.006124882721840863,-10.295662684590582,0.12744196285806203,1
2022-05-20 00:00:00-04:00,372.12213091455766,375.6990443299585,360.09500032544264,368.6966247558594,131432200,375.0489562988281,405.980048828125,36.4074294252233,0.0004365619290671585,-10.48184556484307,0.12885195460579435,1
2022-05-23 00:00:00-04:00,371.72471605038334,376.3614806717681,369.406362617675,375.5950012207031,76414900,374.93068237304686,405.56654541015627,39.94841977679444,0.018710169829766254,-9.957966273659167,0.12164093600868818,0
2022-05-24 00:00:00-04:00,371.469222937356,373.9200684973476,366.17008413397616,372.727783203125,91448800,374.4386291503906,405.15361877441404,29.822219031541138,-0.007633802388901656,-9.662762382838537,0.12232940275747259,1
2022-05-25 00:00:00-04:00,371.2327000287483,377.98910932924895,370.83528117459343,376.0208435058594,91472900,374.8758148193359,404.63354553222655,39.09532822556772,0.008835027736421086,-9.058666063797034,0.12009227698631113,1
2022-05-26 00:00:00-04:00,377.2509375219795,385.1712435361306,377.0427561590206,383.5341796875,82168300,376.10313110351564,404.0854461669922,46.27086787046005,0.01998116942558137,-7.8827841120090625,0.10674924506184795,1
2022-05-27 00:00:00-04:00,385.9945281698536,393.0631942254229,385.7958187685275,392.94964599609375,84768700,377.38438415527344,403.6228332519531,61.00737022141404,0.02454922353013078,-6.120585451523766,0.10841222476397623,0
2022-05-31 00:00:00-04:00,391.33149711527295,394.08515718858496,388.00062391684565,390.7448120117188,95937000,378.5994018554687,403.0249774169922,58.755079890976184,-0.005610983511095569,-4.846079406290016,0.10762268701649598,0
2022-06-01 00:00:00-04:00,392.8644826922193,393.876973650232,385.06716741079504,387.5842590332031,86585800,378.7195770263672,402.36637023925783,61.073093396906145,-0.00808853471974158,-4.044432692141868,0.10425935431060776,1
2022-06-02 00:00:00-04:00,387.4233771677342,395.0124815754828,385.17124122143497,394.9651794433594,79609600,381.1354064941406,401.75697021484376,65.01253979568325,0.01904339569560265,-2.781480131903436,0.09130763783082524,0
2022-06-03 00:00:00-04:00,390.2432705636919,391.795173302903,387.5085545700082,388.4832153320313,71874300,383.1301544189453,401.12750854492185,55.45113778561247,-0.016411482451347603,-2.2773693641655655,0.08938172101079532,1
2022-06-06 00:00:00-04:00,392.4954566785765,394.22712507510215,388.492707995611,389.6661071777344,57508900,385.2271026611328,400.3950939941406,57.26530301634538,0.003044898206714164,-1.7620961155493546,0.08963529548878184,1
2022-06-07 00:00:00-04:00,386.1742627730429,393.85799980122914,385.710569071012,393.4037780761719,59272400,387.0079803466797,399.69579650878904,54.8661534433186,0.009591983571547003,-1.0401493549001088,0.09420621111078316,0
2022-06-08 00:00:00-04:00,391.6910721501235,393.4795433339592,388.3318120110861,389.1266784667969,64350000,388.6478698730469,398.85001770019534,65.05437151385084,-0.010872034911029393,-0.8038611283028558,0.09555704812934318,0
2022-06-09 00:00:00-04:00,387.3476880954644,389.61873928900354,379.87213134765625,379.87213134765625,86289800,389.0329986572266,397.7124072265625,58.35662046733241,-0.02378286463319501,-1.347828685306979,0.09242848538432773,0
2022-06-10 00:00:00-04:00,373.6645386433497,374.5161791416106,368.8101502618891,368.8574523925781,132893900,387.56532592773436,396.40843994140624,50.10220023333458,-0.028995754218667735,-2.637318070426943,0.09421787562490824,0
2022-06-13 00:00:00-04:00,359.4420946590602,361.2967831487457,353.2439841844837,354.8526611328125,170004900,383.75562744140626,394.9579919433594,37.9108438406551,-0.03796803119721226,-4.734738195497414,0.11386974916173274,0
2022-06-14 00:00:00-04:00,356.6032618315241,357.6346967344851,350.6795790257293,353.7833557128906,104011800,380.0594818115234,393.46193237304686,38.722362775373036,-0.0030133786132765517,-6.40935965809058,0.13056619011889825,1
2022-06-15 00:00:00-04:00,357.085796472794,363.2744339830128,352.1273319853411,358.82696533203125,125666800,377.1837524414062,391.9933154296875,39.97344089852478,0.01425620945049122,-7.246004655939146,0.13832211166198016,0
2022-06-16 00:00:00-04:00,350.6038334285706,351.0107241373277,344.51927236083463,346.9512023925781,134473300,372.3823547363281,390.39638427734377,29.699603492732138,-0.03309607160784078,-8.766274508045342,0.1564736987345803,1
2022-06-17 00:00:00-04:00,347.36661545178714,351.04450954430285,344.1924117569051,347.69921875,111113900,368.303955078125,388.89976623535154,22.217404729819833,0.0021559699239073193,-9.797797736789448,0.17065968808133278,1
2022-06-21 00:00:00-04:00,353.42985407891445,357.8395151338056,353.3538089384876,356.4519958496094,76811900,364.9825439453125,387.5356207275391,30.512032448642543,0.025173416066553544,-9.796088158921634,0.17635562815583458,0
2022-06-22 00:00:00-04:00,352.222875208394,359.9208069891218,351.8047139460426,355.8057556152344,90059400,361.2227416992188,386.18126220703124,31.40961691583142,-0.00181297970526062,-9.734664341295343,0.1827230449090433,1
2022-06-23 00:00:00-04:00,357.94408234086904,360.02534683784137,354.3802275814878,359.2935791015625,79292100,358.2394317626953,385.0414385986328,28.136287134027953,0.00980260558263657,-9.297372988504492,0.18646271039780243,1
2022-06-24 00:00:00-04:00,362.4677899153683,370.7264318390768,362.4392802368001,370.7169189453125,98050300,357.32391052246095,384.16093078613284,39.732666911225195,0.031793888085378086,-7.937549257460319,0.1865852786640585,0
2022-06-27 00:00:00-04:00,371.6387840560035,371.9333937461517,368.20799359853146,369.3009033203125,66009600,357.3682556152344,383.15709716796874,38.26235744521277,-0.0038196681959608014,-6.894662403993152,0.18527291595892306,0
2022-06-28 00:00:00-04:00,370.859544492515,373.64409647087297,361.64102718888944,361.7550659179688,86548900,358.05849609375,382.10681579589846,32.52607865636159,-0.020432761833238278,-6.600961301275731,0.18014368855777,0
2022-06-29 00:00:00-04:00,362.3062847809654,363.2946397490487,359.63577158326706,361.46044921875,65676000,358.8262054443359,381.04723571777345,34.02224981820373,-0.0008144093254678353,-6.319131156334777,0.1748355729629781,0
2022-06-30 00:00:00-04:00,357.56399038001507,361.7646008408261,354.0666671292307,358.5238647460937,112508300,358.7958953857422,379.79511962890626,36.700457044647386,-0.00812422072457264,-6.260568622859751,0.17100162271397143,1
2022-07-01 00:00:00-04:00,357.86805091376164,362.7529219458162,355.2450444294537,362.3157348632813,74839700,360.3323486328125,378.6250872802734,45.52161630376608,0.010576339513334698,-5.840855419217803,0.1574953854131698,1
2022-07-05 00:00:00-04:00,357.22181596212545,363.0190257880572,354.3897288005455,363.0,81438000,361.8624267578125,377.5945935058594,56.821731255902556,0.001888587965899191,-5.3908725801679225,0.14748317317960177,1
2022-07-06 00:00:00-04:00,363.1424959661501,366.7158632778939,360.7571091301574,364.2259216308594,70426200,362.6398193359375,376.816103515625,58.72064337369539,0.0033771945753702237,-4.879093159303295,0.13363224863975254,1
2022-07-07 00:00:00-04:00,366.00319713599873,370.4793914465986,364.2450226522205,369.68109130859375,64525900,364.02735290527346,376.09997009277345,59.002457231316875,0.014977433932511719,-3.987353944626591,0.11138641885656694,0
2022-07-08 00:00:00-04:00,368.0464848680788,371.2492274610429,366.5164167860133,369.37701416015625,72397800,365.0356964111328,375.6126202392578,73.0185131934146,-0.0008225390900062912,-3.2675148003007735,0.09011327057823255,0
2022-07-11 00:00:00-04:00,366.6969906578774,367.66634894711177,364.4636353318297,365.1574096679688,58366900,364.47974548339846,375.01873657226565,66.72748644713069,-0.011423570851536224,-3.0029082529800917,0.07754962150572828,0
2022-07-12 00:00:00-04:00,364.6061122917404,366.99152847059673,360.17742508846254,361.9260864257813,62219200,363.74226379394537,374.16075073242195,55.86559697797909,-0.008849124121911411,-3.0191436297782275,0.07487828535376052,0
2022-07-13 00:00:00-04:00,356.4804705703137,362.9619405267806,356.06230934714034,360.0252990722656,84224600,363.56928710937507,373.5639624023438,54.402949523358245,-0.005251866126277371,-3.149087219518435,0.07335894198468622,0
2022-07-14 00:00:00-04:00,355.064490796516,360.234458871572,352.6220841639683,359.15106201171875,89704800,363.33834838867193,372.90275268554694,49.84270904204081,-0.0024282656324421392,-3.2847475499908114,0.07115364627680851,1
2022-07-15 00:00:00-04:00,363.56071631441466,366.1267035144383,361.6505097570627,366.0126647949219,79060400,364.0872283935547,372.3428173828126,44.226763273661824,0.019105060541291685,-2.80623678859547,0.07183346205930373,0
2022-07-18 00:00:00-04:00,369.1013562443131,369.7761047012278,361.7645652536722,362.9905395507813,63203600,364.15470886230474,371.48246337890635,42.549399708862474,-0.008256887082948028,-2.640436504543686,0.06101303160031367,1
2022-07-19 00:00:00-04:00,366.9155090254509,373.3684709198661,366.2597863554096,372.7982482910156,78506000,365.1345336914063,371.1068774414063,62.377503545342336,0.027019185547843216,-1.6980642285922727,0.05346027087698958,1
2022-07-20 00:00:00-04:00,372.9883441739244,376.5902220427515,371.6198214217243,375.1741638183594,71843800,366.2293579101563,370.8255560302735,64.68554756051888,0.0063731939144977545,-0.7508554890861774,0.05728647106793717,1
2022-07-21 00:00:00-04:00,374.5944510061109,379.042135374918,372.1900378364041,378.99462890625,64903900,367.1607116699219,370.8698937988282,71.51416988466531,0.01018317745819064,0.3045828236815282,0.06291349788788632,0
2022-07-22 00:00:00-04:00,379.1181101586879,380.3155455725048,373.25436867758987,375.4782104492188,72197300,367.77083129882817,370.8264916992188,63.91393328920192,-0.009278280452626242,0.8475101396915647,0.06497930270899015,1
2022-07-25 00:00:00-04:00,376.10550632547137,376.78976766133366,373.6915803624673,375.9344482421875,53631500,368.84853515625,370.91220092773443,63.73912276766329,0.0012150846048373243,1.299617346378568,0.0682659521811533,0
2022-07-26 00:00:00-04:00,374.2902731538691,374.49935379005854,370.59338295368127,371.4867248535156,52946400,369.8045989990234,370.9167150878907,57.21844595980378,-0.01183111419948013,1.284217795297593,0.06897851171908975,1
2022-07-27 00:00:00-04:00,374.78449853292,382.8815960228277,374.4898888264092,381.1329345703125,82342100,371.9153625488281,370.93663146972665,60.50927943379047,0.025966499127527465,2.027015870345565,0.07578417927335526,1
2022-07-28 00:00:00-04:00,381.9407350618802,386.60698374585616,378.38636390787866,385.9132385253906,73966600,374.5915802001953,371.08300354003916,64.02309910389272,0.012542353392963612,2.967215066639028,0.0855490688997913,1
2022-07-29 00:00:00-04:00,387.3482705951752,392.52775161157655,386.5784802133014,391.5393676757813,87003700,377.1442504882813,371.1861407470704,71.85123997023427,0.014578740993412387,4.118831975257535,0.09682656152587539,0
2022-08-01 00:00:00-04:00,388.8403022177175,392.88885045045953,388.1275312754867,390.3798828125,69997500,379.8831848144531,371.5776007080079,74.40485974928566,-0.0029613493788993583,4.881663159864843,0.10498953951386723,0
2022-08-02 00:00:00-04:00,388.8118240524892,392.4992306662549,386.6260045869153,387.804443359375,63435400,381.38380432128906,371.9629748535157,73.55362363241461,-0.006597264783651746,5.218243269380707,0.10852746554434374,1
2022-08-03 00:00:00-04:00,389.9332658563709,395.0462147637368,389.6481690410905,393.8772888183594,67820600,383.2541168212891,372.4665881347657,77.05857818390561,0.01565955615768111,5.906921987018563,0.1161096587814414,0
2022-08-04 00:00:00-04:00,393.8012609389681,394.4855223283824,391.9670703405135,393.6112060546875,45656600,384.7157745361328,372.82691223144536,73.96826490613849,-0.0006755473626574027,6.357943759154011,0.12326442763151643,0
2022-08-05 00:00:00-04:00,389.3250180600784,393.59213106467,389.2679987016488,392.9458923339844,56814900,386.46254272460936,373.23127441406257,77.12547262048263,-0.0016902814515160625,6.58577973670657,0.12803407892675991,0
2022-08-08 00:00:00-04:00,394.6374800891992,396.8898314459014,391.3872320916259,392.4896545410156,53886100,388.11806335449216,373.5606506347657,71.46679282293276,-0.0011610702691375874,6.6528370491766395,0.12885446403843942,0
2022-08-09 00:00:00-04:00,391.75799267097744,392.2616830724149,389.8572697972165,390.9311828613281,44931800,390.06250915527346,373.70859069824223,67.4893910489177,-0.003970733143297767,6.505236495619101,0.1246443894684539,1
2022-08-10 00:00:00-04:00,397.9923133525369,399.284819832152,396.0345713490144,399.1422424316406,68665700,391.8634399414062,373.8324426269532,70.37666444647876,0.021003849092348092,6.970474586097623,0.12156364110957951,0
2022-08-11 00:00:00-04:00,401.993326398253,403.8560554717358,398.4009617604305,399.1422424316406,59489700,393.18634033203125,374.00039123535163,75.76572164143437,0.0,7.255541755719264,0.11363849922350408,1
2022-08-12 00:00:00-04:00,401.08095353775815,406.0038178074316,400.1305922963823,405.8992919921875,61694500,394.62233276367186,374.3666918945313,78.68967322767,0.016928926187771642,7.935224639817193,0.11516607678711033,1
2022-08-15 00:00:00-04:00,403.68498595264106,408.0946766008056,403.6279665910464,407.5719604492188,54048300,396.34154052734374,374.6188275146485,86.48858320953848,0.004120895231971788,8.510742051112175,0.1107052696279296,1
2022-08-16 00:00:00-04:00,406.4980568196023,410.299502090017,405.69024389909407,408.3702697753906,59289000,398.3981231689453,375.0165686035157,83.54401549654558,0.001958695405081201,8.928340287677713,0.1129947553496317,0
2022-08-17 00:00:00-04:00,404.7684215424708,408.1802154391552,403.4664310836019,405.4716796875,63563400,399.55756225585935,375.332680053711,75.25776364959111,-0.007097945914341097,8.922544365865349,0.11207481155469529,1
2022-08-18 00:00:00-04:00,405.671185528094,407.3343177003201,404.3787081612712,406.6500854492188,49023200,400.8614501953125,375.59760620117197,72.04659479695582,0.0029062591069912713,8.910325862635375,0.11265609839431194,0
2022-08-19 00:00:00-04:00,403.88460030221233,404.1507003354797,400.3112321388549,401.1855773925781,68016900,401.6854187011719,375.8387841796876,64.00609165166824,-0.013437862801883194,8.363295613562002,0.1057686499337166,0
2022-08-22 00:00:00-04:00,396.3481059623517,396.5191930114004,391.9289324158871,392.831787109375,77695600,401.7196319580078,376.097977294922,55.66737995142322,-0.02082275822948776,7.173003223593071,0.09640429318566639,0
2022-08-23 00:00:00-04:00,392.40421793285645,394.7991472328157,391.33030490584025,391.8815307617188,49105200,401.8146667480469,376.55845886230475,47.45638511629216,-0.0024189904657374584,6.082890409148035,0.0789583001571654,1
2022-08-24 00:00:00-04:00,391.6534263650644,394.50451059223457,390.9691939931629,393.1360168457031,49177800,401.21404418945315,377.3241259765626,49.409250011950824,0.003201187056572685,5.259565693314926,0.07102879035432634,1
2022-08-25 00:00:00-04:00,394.6280346959815,398.7336026574548,393.5351249523274,398.6860961914063,50942300,401.1684295654297,378.22218078613287,56.36331036255938,0.014117453267787017,4.997314018250336,0.06638715212909016,0
2022-08-26 00:00:00-04:00,398.5720522592657,399.1137361754967,385.13392912672487,385.1909484863281,103087000,399.09759521484375,378.7494604492188,43.72346768673921,-0.0338490552692845,3.6583607348943588,0.07072318732594901,0
2022-08-29 00:00:00-04:00,382.2353944976661,385.6946951639925,381.285033028505,382.64404296875,65370800,396.60480346679685,379.46331726074226,42.99258933543491,-0.006612059622861377,2.36446059143384,0.076506197595799,0
2022-08-30 00:00:00-04:00,383.803441896294,384.0410322368263,376.3430994030369,378.4433898925781,85652400,393.61211547851565,380.0782006835938,31.224116930572507,-0.010977965431216541,0.9886809106640726,0.08476785328126113,0
2022-08-31 00:00:00-04:00,380.0779671510677,381.3229380663818,375.4307157273297,375.5637512207031,76029700,390.62132263183594,380.4604357910157,29.673885591615132,-0.00760916625520236,-0.3301909373896592,0.09673808771555331,1
2022-09-01 00:00:00-04:00,373.3875044699216,377.0843952355188,370.6789686786316,376.7422790527344,78740100,387.6305419921875,380.8791662597657,22.190080936660124,0.003138023380053756,-1.2657186159319167,0.10551391057938637,0
2022-09-02 00:00:00-04:00,380.4105963352462,381.6270575634506,370.9544903875025,372.7696838378906,99632100,384.78895263671876,381.14868835449226,18.200774401366985,-0.010544596228573733,-2.301159935450528,0.11654220173776038,0
2022-09-06 00:00:00-04:00,373.61560273606375,374.556451293856,369.1394084122668,371.3632507324219,76637400,382.64209899902346,381.16161499023445,16.557918296973014,-0.0037729278062225147,-3.1983731835386493,0.1270817848999876,1
2022-09-07 00:00:00-04:00,371.04956742201074,378.80451936163286,370.8310028776724,378.0347290039063,70964200,381.25741882324223,381.3362915039063,26.788830805645233,0.017964831625979727,-3.3326716419105082,0.1313316945179544,1
2022-09-08 00:00:00-04:00,375.7634126219765,380.9618617031352,374.5564350669581,380.5057067871094,80821700,379.99438781738286,381.71130432128916,28.35568172229044,0.006536377728347587,-3.202797030955935,0.1326151256816434,1
2022-09-09 00:00:00-04:00,382.7484910278691,387.2817328762808,382.48239103068937,386.4169006347656,76706900,378.76746826171876,382.21043334960945,37.863123195544304,0.015535099059535318,-2.592996079757256,0.13150207608321393,1
2022-09-12 00:00:00-04:00,388.4887439909732,391.2923218090903,388.1846213728781,390.5700378417969,69256300,379.3053771972656,382.8513568115235,48.00345253226108,0.010747814601817174,-1.7543775962942618,0.1260424005022577,0
2022-09-13 00:00:00-04:00,381.8837653793464,383.0907430985461,372.4657080274688,373.5871276855469,122947100,378.3996856689453,383.0767846679688,37.4134065567671,-0.043482368105074776,-2.4321094795919294,0.12319565630824364,1
2022-09-14 00:00:00-04:00,374.8890216332583,376.53315711649486,371.7053054907733,375.0125732421875,85023700,378.0566040039063,383.3170361328126,37.560290390948616,0.0038155638966244076,-2.821668893844219,0.1158144767129038,0
2022-09-15 00:00:00-04:00,373.45402792521134,376.305112280204,369.48152401791,370.7550048828125,87633800,377.5757293701172,383.44761779785165,30.482130275232464,-0.011353134969758538,-3.434358573065083,0.11084814658522994,0
2022-09-16 00:00:00-04:00,366.57147330224217,368.58495903524056,364.6342868550473,367.926513671875,103084800,376.69415283203125,383.41252624511725,35.8223176555089,-0.007629003448871963,-4.100882736597043,0.10273953678983995,1
2022-09-19 00:00:00-04:00,364.77741710532587,370.77972412109375,364.7010595826664,370.77972412109375,73278500,376.4951568603516,383.44058044433604,40.30570312016869,0.0077548378363492265,-4.348748039864233,0.09497877446616569,0
2022-09-20 00:00:00-04:00,367.4494117437097,368.4609306805626,363.7659614872204,366.5237731933594,77274900,376.01120910644534,383.46790771484376,40.26931279148564,-0.011478380965471602,-4.832892177230519,0.095802114834784,0
2022-09-21 00:00:00-04:00,368.4513844953901,371.5050452988248,360.1206665332533,360.1302185058594,106746600,374.22075805664065,383.43199035644534,38.084325744638335,-0.017443765330133365,-5.667158844799758,0.10100701690175407,0
2022-09-22 00:00:00-04:00,359.35721571534805,360.9985532046951,356.36083780125125,357.10516357421875,89472600,371.8807037353516,383.3735876464844,35.25919185782533,-0.008399891972940332,-6.4975184923447955,0.10506182999414757,0
2022-09-23 00:00:00-04:00,353.63161092219536,353.66978968711527,346.67503807204696,351.1219177246094,122346900,368.35120544433596,383.2130047607422,34.22603375767625,-0.01675485671986332,-7.551335338198157,0.10530752518919051,0
2022-09-26 00:00:00-04:00,349.65227795932367,353.2784736820103,346.4268572694484,347.6483154296875,92581200,364.059033203125,382.8457177734375,33.225111636005536,-0.009892866607222994,-8.568016692940944,0.11849139661803124,0
2022-09-27 00:00:00-04:00,351.1886701822386,353.4598260291323,344.3656797923764,346.7608947753906,108294100,361.37640991210935,382.5211248779297,25.906791786903682,-0.002552639017393332,-9.337712089245258,0.12985982284903064,1
2022-09-28 00:00:00-04:00,347.71516751010176,355.27293178744674,346.01657657366974,353.5838928222656,110802200,359.23354187011716,382.1368377685547,30.56292931589718,0.01967637686277879,-9.290052375040716,0.13408826559807333,0
2022-09-29 00:00:00-04:00,350.034073262893,350.32034122123895,343.2492605532847,346.19793701171875,112952300,356.7778350830078,381.55731323242185,21.568082608419886,-0.020888835607281275,-9.736035656490571,0.14388443286849079,0
2022-09-30 00:00:00-04:00,345.2531526596824,349.17519794486384,340.7108699138818,340.8444519042969,153711200,354.06962890625,380.7943096923828,15.434206518040568,-0.015463653982550007,-10.401559425096195,0.15587423291781546,1
2022-10-03 00:00:00-04:00,344.5660544284427,351.69441640615145,342.7815832218094,349.8431396484375,89756500,351.97597045898436,380.2816082763672,31.433958896388603,0.02640115657997355,-10.086600854811877,0.15959106071534462,1
2022-10-04 00:00:00-04:00,355.3683299660365,360.71222053913664,349.804977050176,360.68359375,103602800,351.39195251464844,379.9765911865234,40.23375002599996,0.030986613350361125,-8.860125854552109,0.15894885386335383,0
2022-10-05 00:00:00-04:00,356.3131384107271,362.1055067151951,353.9847287224127,359.8439025878906,88065700,351.3633209228516,379.7437347412109,42.19987058506806,-0.0023280547733794954,-7.865226207969215,0.1551338570091762,0
2022-10-06 00:00:00-04:00,358.441111032702,361.3993391526018,355.6355688484854,356.1318054199219,82333500,351.2659851074219,379.24371215820315,41.673392057159425,-0.010315854016901382,-7.292235931789605,0.14933955076676786,0
2022-10-07 00:00:00-04:00,352.09528992858685,356.21772325997466,344.43254027693825,346.19793701171875,107789500,350.7735870361328,378.4494061279297,34.22344491947355,-0.027893797344188065,-7.552654865559191,0.13980451601278643,0
2022-10-10 00:00:00-04:00,347.3143419995389,347.5529082912699,341.31203506732743,343.5545349121094,76042800,350.364208984375,377.4897094726563,34.94679570205594,-0.007635522390533223,-7.881486335967963,0.12008263409468334,0
2022-10-11 00:00:00-04:00,341.8560389658956,346.42697853829924,339.44174858833856,341.37890625,92482800,349.8260101318359,376.50968994140624,36.99191243188909,-0.006332702499956655,-8.222854744963968,0.1186966761315762,0
2022-10-12 00:00:00-04:00,341.7891897787711,343.36372158176107,340.0046893387279,340.2528076171875,76991800,348.49290161132814,375.5586572265625,37.99290121362981,-0.003298676667467637,-8.48643211024256,0.11345306764140467,1
2022-10-13 00:00:00-04:00,333.2389867095814,350.7020596679561,332.1892890254387,349.23248291015625,147254500,348.7963562011719,374.66576110839844,48.70892738355156,0.02639118647059524,-7.879899742172881,0.10491914383499636,0
2022-10-14 00:00:00-04:00,351.6944557677686,353.32627035722425,340.6345247152281,341.2738952636719,123737000,348.83930053710935,373.61901489257815,45.895840726152684,-0.022788795532893813,-7.949769981243207,0.10094857310896801,1
2022-10-17 00:00:00-04:00,347.36209613161253,351.1505302643893,340.9398806417008,350.0435791015625,93168200,348.8593444824219,372.7609686279297,51.91879371455788,0.025696907849090067,-7.214340033546478,0.08692529793705352,1
2022-10-18 00:00:00-04:00,357.9735554343078,358.2789273270504,350.7115811797056,354.156494140625,97162900,348.2066345214844,371.9943054199219,50.34564754524477,0.011749722847706146,-6.227837991254319,0.07642659290888813,0
2022-10-19 00:00:00-04:00,352.114248031394,354.8434611910264,348.83157396180053,351.64666748046875,79746900,347.3869110107422,371.2086151123047,53.49483244597557,-0.007086772942697106,-5.58417911059621,0.07153757221561219,0
2022-10-20 00:00:00-04:00,351.19826004641624,355.62606505287266,347.9346598802896,348.6980895996094,88283100,346.64353942871094,370.1997320556641,55.197697847306266,-0.00838505850769411,-5.251464785925862,0.06852343500555308,1
2022-10-21 00:00:00-04:00,348.4213111862988,357.65859149270045,346.9135849578602,357.17193603515625,131038400,347.7409393310547,369.3603259277344,54.88427829830646,0.024301384745975874,-4.254969063352121,0.07147319493489634,1
2022-10-24 00:00:00-04:00,358.6987583066402,362.67802786353946,356.0458731062238,361.5424499511719,85436900,349.53973083496095,368.4731890869141,50.62640475322417,0.012236442662688418,-3.07710413568941,0.07772890112432179,1
2022-10-25 00:00:00-04:00,361.4661151762165,367.6306600761956,361.35160801427605,367.3157653808594,78846300,352.1334167480469,367.6680651855469,55.083727288734146,0.01596856864378493,-1.65865939585683,0.0886199371793922,0
2022-10-26 00:00:00-04:00,364.16670060269513,369.85411334727513,363.90905946867207,364.5484008789063,104087300,354.56297607421874,366.7916278076172,55.801083589703296,-0.007534020488022541,-0.7491986124302912,0.09484981278139532,0
2022-10-27 00:00:00-04:00,365.55045270586106,367.392177933265,361.9814803173528,362.6017761230469,81971800,355.8999053955078,365.9342297363281,62.7051115807945,-0.005339825249997654,-0.18340654198033235,0.09748073092918183,1
2022-10-28 00:00:00-04:00,362.4967201324537,371.7053735710983,362.31540741307015,371.2282409667969,100302000,358.8953399658203,365.22579284667967,69.61585618574854,0.023790464944724032,0.9501189884090877,0.10304307263632079,0
2022-10-31 00:00:00-04:00,368.7662138727281,370.6365653465552,367.6401880247405,368.5467224121094,96631300,360.745654296875,364.5730157470703,69.12014288641382,-0.007223368964882515,1.6134709125464042,0.10852706006196168,0
2022-11-01 00:00:00-04:00,372.2970465066368,372.5356128113788,365.7603239323339,366.9340515136719,85407600,362.0234100341797,364.05506103515626,68.64997374087383,-0.004375756994615787,1.9861578365672585,0.11178632807002761,0
2022-11-02 00:00:00-04:00,366.3423854587386,370.85607010454953,357.6204171263898,357.7253723144531,126990400,362.63128051757815,363.37193786621094,55.91751646111273,-0.02509627863980246,1.5209192473403164,0.11134743930405275,0
2022-11-03 00:00:00-04:00,354.48088497780066,357.08603938395083,351.9234613034175,354.0419311523437,87100100,363.16566467285156,362.5900561523438,59.459844448876055,-0.010296840669360097,0.8452479038479055,0.11136391151992615,1
2022-11-04 00:00:00-04:00,359.75799240640606,361.5424637304622,353.0781357834755,359.1377258300781,103505200,363.36224365234375,361.79908874511716,57.12578378432665,0.014393195351602994,0.7127454534227127,0.10915794226595933,1
2022-11-07 00:00:00-05:00,360.4354853214063,363.164698821556,358.3551942624768,362.5730590820313,68286900,363.4653045654297,361.34673095703124,56.66563868262075,0.009565503718700352,0.8748542151722063,0.1053809880130392,1
2022-11-08 00:00:00-05:00,363.6800477836496,367.5066610953688,360.44510344190144,364.52935791015625,84641100,363.18666381835936,360.98443725585935,60.29290425019359,0.0053955989810106075,1.1479506818614595,0.09887079215972921,0
2022-11-09 00:00:00-05:00,362.5539832992573,363.7086651999319,356.52302003221314,357.0192565917969,78495500,362.4337493896484,360.55595458984374,56.19669579856988,-0.0206021851337701,0.749736689548115,0.08749255089071395,1
2022-11-10 00:00:00-05:00,370.3026114178393,376.9729451885855,368.00285783726986,376.6389465332031,141455800,363.83746643066405,360.57745849609375,62.4329765898021,0.0549541504531188,1.99430513318066,0.09452043706982942,1
2022-11-11 00:00:00-05:00,377.49774318306464,381.0857894279382,375.6082877222695,380.2842102050781,93839900,364.74306335449216,360.64829711914064,62.081705402566115,0.009678403429671967,3.237457510043157,0.09383752248287201,0
2022-11-14 00:00:00-05:00,378.5188625471577,381.8778657875463,376.7725408084033,377.0492858886719,71903500,365.59331970214845,360.73388916015625,56.48692315952865,-0.008506596460215232,3.916486549181741,0.09540932277623562,1
2022-11-15 00:00:00-05:00,382.8035164099832,383.91046764433503,376.4481060648525,380.2651672363281,93194500,366.9264312744141,360.91192749023435,60.41222131512447,0.00852907422984961,4.660394575679618,0.10079449213785661,0
2022-11-16 00:00:00-05:00,378.6333873395873,379.5876526465697,376.7344086976896,377.3642272949219,68508500,368.89031677246095,360.89851745605466,59.657876663099536,-0.007628729085257913,4.958704577459741,0.09944818990855682,0
2022-11-17 00:00:00-05:00,372.6024121072464,376.88708300619,372.2970693510568,376.2095336914063,74496300,371.10707702636716,360.8125939941406,53.61197596840048,-0.0030598915318307274,5.0438014756969665,0.09188432329662767,1
2022-11-18 00:00:00-05:00,379.54944898801807,379.61625454437336,375.0644198124641,377.9176635742188,92922500,372.9850708007813,360.6426092529297,56.8922383395081,0.004540368411326989,5.189254688891253,0.09147029017383933,0
2022-11-21 00:00:00-05:00,376.5912182801427,377.71724418435815,374.7017627716494,376.5434875488281,51243200,374.3821136474609,360.3620782470703,57.09253117603546,-0.003636178347405594,5.134456073967954,0.09178551743361332,1
2022-11-22 00:00:00-05:00,378.4902804799536,381.772955700867,377.0779572405803,381.6107177734375,60429000,376.0902496337891,360.5225500488281,68.77722688902246,0.013457224443304883,5.437233859977312,0.0964633016844042,1
2022-11-23 00:00:00-05:00,381.27670641341655,384.5021279345099,381.047692049934,384.0154724121094,68261600,378.7898712158203,360.7026080322266,74.04685225346894,0.006301590931991452,5.804322422927385,0.10123536150102329,0
2022-11-25 00:00:00-05:00,383.45240227506304,384.4830250793276,383.175686313319,383.9295349121094,30545400,379.51893005371096,360.9660986328125,71.6283005084013,-0.00022378655594312846,6.0189258848064355,0.10364017816551836,0
2022-11-28 00:00:00-05:00,380.8376873882357,382.47902466355777,377.0397014860041,377.8031311035156,67881600,379.2708221435547,361.1636309814453,62.690790728426265,-0.01595710475881007,5.629754778928657,0.10457631470981492,0
2022-11-29 00:00:00-05:00,377.93677231301285,379.12960397556105,375.3125426554069,377.154296875,52310000,379.2813232421875,361.29112243652344,60.7543379318305,-0.0017173871127549312,5.2089330363915,0.1047693596086793,1
2022-11-30 00:00:00-05:00,377.4023553187591,389.0348510742188,375.48430196447526,389.0348510742188,144566700,380.1582916259766,361.7413439941406,75.38204184374962,0.03150051397440756,5.767604849026384,0.11065326615740914,0
2022-12-01 00:00:00-05:00,390.0750097932602,391.2487665768624,386.2388738341099,388.7485961914063,76398200,381.296728515625,362.31371154785154,63.84466967883751,-0.000735807812647371,6.116747847202305,0.10835890831304765,0
2022-12-02 00:00:00-05:00,383.8531695839399,389.2065832782016,383.7482143923798,388.300048828125,85342700,382.5057800292969,362.9376092529297,59.887000545800134,-0.0011538237505569482,6.284804847024816,0.0984535442796567,0
2022-12-05 00:00:00-05:00,385.4754923603679,386.41065374736974,379.9598399084257,381.31488037109375,77289800,382.8455017089844,363.54146850585937,54.81579892131616,-0.0179891001253083,5.787630313595173,0.08815008403767052,0
2022-12-06 00:00:00-05:00,381.1526980591558,381.69660720336174,373.72851442805074,375.8183288574219,77972200,382.7729858398437,364.10486877441406,45.225453587479514,-0.014414731227699984,4.8936788596626,0.07958979127210933,0
2022-12-07 00:00:00-05:00,374.9690155437612,377.5455435453296,374.0433770225024,375.178955078125,65927900,382.1298095703125,364.67322998046876,47.53392077220684,-0.001701284184943086,4.0865169477240215,0.07207556462258438,1
2022-12-08 00:00:00-05:00,377.068403979044,379.18684498444895,375.2839034087124,378.1180725097656,60737900,381.5400695800781,365.1639135742187,52.070401394149876,0.007833908037375492,3.642014652886246,0.04689028688258664,0
2022-12-09 00:00:00-05:00,376.8775715745364,379.4349958041466,375.16942838990695,375.2934875488281,81447700,380.67646484375,365.7458245849609,47.22059351151819,-0.007470113613425755,3.0269304118657487,0.0475899778610143,1
2022-12-12 00:00:00-05:00,376.0855229503339,380.7041931152344,375.4175546432157,380.7041931152344,75405800,380.96657104492186,366.5430194091797,54.05969875485657,0.014417264743242564,2.9421551068266467,0.047607199249583294,1
2022-12-13 00:00:00-05:00,391.4586867415021,391.7163278716569,380.8186351718438,383.58599853515625,123782500,381.6097412109375,367.2178765869141,52.01318526554662,0.007569670815392282,3.0720944870111566,0.047594698047878976,0
2022-12-14 00:00:00-05:00,383.2424323385713,386.9545379387217,378.1848384359595,381.1335144042969,108111300,380.8196075439453,367.626875,47.065593779441635,-0.006393570516715852,2.9432494611953075,0.047613895054039165,0
2022-12-15 00:00:00-05:00,376.2667969393166,377.1733606249857,370.1499819805847,371.8103942871094,117705900,379.12578735351565,367.8662048339844,39.613976357359576,-0.024461559440028036,2.0650365175332013,0.05141282447479217,0
2022-12-16 00:00:00-05:00,369.2516737227571,370.5937737780776,365.2828900409104,367.420654296875,119858000,377.0378479003906,368.09198181152345,40.82930929169501,-0.011806393951549032,1.0032660750723608,0.05906409246448212,0
2022-12-19 00:00:00-05:00,367.61249023125134,367.9480226455208,362.6371082829421,364.3051452636719,79878100,375.3368743896484,368.4541259765625,39.12443993736703,-0.00847940636098754,-0.08856922095816344,0.06948687459291916,1
2022-12-20 00:00:00-05:00,363.5477938735729,366.4237355185501,362.22485603598886,364.8036193847656,74427200,374.2354034423828,368.8791076660156,24.595825443944094,0.0013682873480498348,-0.9032220817386474,0.07723111707055437,1
2022-12-21 00:00:00-05:00,367.40155201274337,371.38952801231983,366.86471190276114,370.2583312988281,78167400,373.74334106445315,369.4566961669922,32.51011914349695,0.014952461061822131,-1.0960560270204383,0.07930042279769206,0
2022-12-22 00:00:00-05:00,367.209831595386,370.23916053307846,359.2722332289845,364.9761962890625,100120900,372.4291534423828,369.9511639404297,29.786405712774396,-0.014266080093961575,-1.6560129817721645,0.08360203190535562,1
2022-12-23 00:00:00-05:00,363.950423157118,367.21941379519086,362.39741929068407,367.07562255859375,59857300,371.60736694335935,370.30802673339844,36.517830518191126,0.005752227928498943,-1.908378152948103,0.08504972741520224,0
2022-12-27 00:00:00-05:00,366.96058546509136,367.3056844290648,363.9504190865602,365.6280517578125,51638200,370.09975280761716,370.79510986328125,39.5503111607928,-0.003943522020589008,-2.199827987373965,0.08863558906660768,0
2022-12-28 00:00:00-05:00,365.56100398447626,367.53584456423454,360.85407094628073,361.0841369628906,70911500,367.8495666503906,371.0159210205078,36.617988017414675,-0.012427697418390893,-2.765580143429304,0.09512522144041548,1
2022-12-29 00:00:00-05:00,363.93123576240765,368.4560516488148,363.4039622569558,367.5836791992188,66970900,366.4945831298828,371.2844647216797,40.6317187010643,0.01800007691004213,-2.6588346725583847,0.08964258600997986,0
2022-12-30 00:00:00-05:00,364.899460169736,366.7592086998613,362.78082893352615,366.6154174804688,84022200,365.97508544921874,371.5838397216797,42.019050120936726,-0.0026341259787685534,-2.6221423219750477,0.08278883424871733,0
2023-01-03 00:00:00-05:00,368.4751764259672,370.449987086223,362.2056162807152,365.0719909667969,74850700,365.74021911621094,371.91131774902345,34.522609542732994,-0.004209933461824855,-2.6866351330421026,0.07456037036230691,1
2023-01-04 00:00:00-05:00,367.3344711039099,369.9228305563908,364.28597966385496,367.8905029296875,85934100,366.0987548828125,372.12568908691406,34.44044160090617,0.007720427840619992,-2.481708202985999,0.07067880089970927,0
2023-01-05 00:00:00-05:00,365.93482035409846,366.0498533403474,363.0972327561213,363.6915893554688,76970500,365.98755187988286,372.168671875,33.287815193623715,-0.01141348727618885,-2.627827409540828,0.07148589299874175,1
2023-01-06 00:00:00-05:00,366.7880580410185,373.1534906525759,363.7204039949203,372.0318603515625,104189600,366.1649047851563,372.26299377441404,50.21627372618441,0.022932262499867573,-2.0470407550502614,0.07054236790698291,0
2023-01-09 00:00:00-05:00,374.2271061896771,377.4194177778674,371.6387762794701,371.8208923339844,73978100,366.84937438964846,372.40844360351565,54.678950288972324,-0.0005670697595059337,-1.5855097336458925,0.0676992111821259,1
2023-01-10 00:00:00-05:00,371.2361234986063,374.4955180862106,370.29663872249137,374.4284057617188,65358100,367.584652709961,372.64497619628906,60.8820339610238,0.007012821176794581,-0.9978360988956183,0.06729287625135262,1
2023-01-11 00:00:00-05:00,376.0102256287862,379.2408622167289,375.1953696060024,379.1641540527344,68881100,368.9382629394532,372.80369445800784,64.14805478753534,0.012647940749531017,-0.14825619547588076,0.06582633962973747,1
2023-01-12 00:00:00-05:00,380.2665690610213,382.0112845993889,376.192318767827,380.5445556640625,90157700,370.8843048095704,373.04365112304686,61.018608054009846,0.00364064375963169,0.6291761217307794,0.06215112726676522,1
2023-01-13 00:00:00-05:00,377.3427317250366,382.5961292686462,377.0743116610912,382.02093505859375,63903900,372.3280303955079,373.3453887939453,69.87917072420686,0.0038796492356982792,1.3488792721346385,0.06320856407321929,0
2023-01-17 00:00:00-05:00,382.00176656830166,383.6793992551705,380.6404746013532,381.3211059570313,62677300,373.79859924316406,373.8173034667969,67.17513043350291,-0.0018319129590504968,1.8415505952935973,0.06924478254896428,0
2023-01-18 00:00:00-05:00,382.5098579883935,383.57394241937,375.0995040316948,375.3008117675781,99632300,374.8214813232422,374.24248107910154,60.50382795510778,-0.015787991001294244,1.7263089262988274,0.07005884619304097,0
2023-01-19 00:00:00-05:00,373.2588624544161,374.9077368205896,371.2457267242991,372.5686645507813,86958900,375.28929748535154,374.51109985351565,62.98208708287087,-0.007279886243594991,1.3983977674695893,0.06848083978219192,1
2023-01-20 00:00:00-05:00,373.9682974187143,379.6626644141514,372.3194229813892,379.50927734375,91806400,376.8710662841797,374.84982421875,63.34757427994867,0.018629083584732475,1.6792182758890135,0.06976832172554208,1
2023-01-23 00:00:00-05:00,380.31449137897374,385.999261850418,379.3558442469694,384.0628051757813,84178800,378.07416076660155,375.2404931640625,68.07699312480085,0.011998462498472362,2.243342338591731,0.07585455498579544,0
2023-01-24 00:00:00-05:00,382.3852133953482,384.56133208460926,381.19650018692624,383.650634765625,59524900,379.25713500976565,375.77312072753904,69.71113155950368,-0.0010731849182001874,2.626875034900877,0.07820132848879256,1
2023-01-25 00:00:00-05:00,379.57636134944494,384.129935439164,377.2851805542504,383.7944030761719,84800300,380.19373474121096,375.9162298583984,67.8886271720647,0.0003747375802849451,2.908896413934258,0.08052136565486047,1
2023-01-26 00:00:00-05:00,386.4594474008895,388.175434067063,383.4876352529639,388.012451171875,72287400,381.078564453125,376.0707946777344,77.34421320187089,0.01099038459627022,3.4331859873192343,0.08414735668285296,1
2023-01-27 00:00:00-05:00,386.967565239786,391.2814780074148,386.7566616675893,388.9040222167969,68346200,381.9145111083984,376.3078894042969,72.78606690411641,0.002297789780274284,3.875952021477133,0.08242443880079707,0
2023-01-30 00:00:00-05:00,386.1431385720956,388.3768032673917,383.7273577965346,384.0245361328125,74202000,382.1148712158203,376.38307678222657,64.63565048270794,-0.012546761682151741,3.7894313404399327,0.08104558418490565,1
2023-01-31 00:00:00-05:00,384.5421906397612,389.7188801347345,384.1970624037799,389.67095947265625,86811800,382.9498565673828,376.62921142578125,67.03824589316145,0.01470328796358733,4.1288870124303685,0.08137623423783656,1
2023-02-01 00:00:00-05:00,388.4534215519607,396.5635978827124,385.7117046179495,393.812255859375,101459200,384.8010009765625,376.9812658691406,66.59429544192659,0.010627675186067664,4.678149293273009,0.08178821987883123,1
2023-02-02 00:00:00-05:00,397.70436739497256,401.01171197085296,395.80626464324223,399.54498291015625,101654500,387.4986328125,377.4138122558594,69.59280341174575,0.014557005185811933,5.512482306037953,0.08817955447787353,0
2023-02-03 00:00:00-05:00,394.569606006432,399.7271327340284,394.09028239614366,395.2981872558594,94736800,389.07752380371096,377.78890625,62.95121885874694,-0.010629080168557237,5.764565984003468,0.0820704633867294,0
2023-02-06 00:00:00-05:00,392.8441214575586,394.2820925400618,391.224005030824,392.8824462890625,60295300,389.95948791503906,378.0143408203125,60.912152508940686,-0.0061111865540462995,5.703665700340196,0.08032287010576873,1
2023-02-07 00:00:00-05:00,391.9621243970152,399.2670122823971,390.7158945853212,398.0207824707031,90990700,391.39650268554686,378.29444702148436,71.80727041802677,0.013078558816191244,6.000848527340793,0.0805107166588853,0
2023-02-08 00:00:00-05:00,396.0459432619734,397.388043561494,392.97826035827575,393.6684875488281,76227500,392.3839111328125,378.4892260742188,69.64133629459425,-0.010934843388976434,5.818106719657862,0.07789522202280724,0
2023-02-09 00:00:00-05:00,397.2730427680662,397.4264298512411,389.0286698948832,390.2557373046875,78694900,392.6082397460938,378.7382781982422,60.706858178368556,-0.0086690968469183,5.336387543511421,0.07627958607999417,1
2023-02-10 00:00:00-05:00,389.0765999287314,391.549926478046,388.26177308465975,391.1664733886719,70769700,392.83448486328126,379.0185217285156,57.631436246838646,0.002333690441745695,4.970810012848403,0.07518777155250712,1
2023-02-13 00:00:00-05:00,391.8183353582287,395.8925864844252,391.3581741107854,395.7583618164063,64913500,394.00786743164065,379.1529919433594,61.93541244748972,0.011738962155818156,4.994045952998931,0.07624452216459364,0
2023-02-14 00:00:00-05:00,394.2340120537651,397.8864550532492,391.6169242739255,395.5761413574219,88389300,394.5983856201172,379.2895428466797,61.60526515137849,-0.00046043362962211454,4.94080243983035,0.07613695819411459,1
2023-02-15 00:00:00-05:00,393.3809452879777,396.9375187591641,392.5373309404456,396.86083984375,61555700,394.9032440185547,379.4607586669922,59.2504182634696,0.0032476642345509177,4.945265065860212,0.07065814906040215,0
2023-02-16 00:00:00-05:00,391.8853732614953,395.8349948045501,391.2622584704852,391.3964538574219,76431500,394.08839111328126,379.6623901367187,52.37828443899836,-0.013769022885905091,4.456499693431681,0.05689304270852275,0
2023-02-17 00:00:00-05:00,389.2683127319957,390.6583629922171,387.34142233465536,390.418701171875,89257800,393.60044250488284,379.9543975830078,56.592188192179115,-0.0024981132964047026,3.9447801738110115,0.04995678919153857,0
2023-02-21 00:00:00-05:00,386.39237880681736,387.44689668905306,382.3277236123021,382.5865478515625,82655900,392.5708526611328,380.10254943847656,43.0111644587026,-0.020060907166597364,2.8741184029857436,0.051246311523582895,0
2023-02-22 00:00:00-05:00,382.9987512663258,384.54218860202,380.6021330632425,382.0592956542969,83742300,390.9747039794922,380.1813739013672,37.51537395753711,-0.001378125290150578,1.96046734283658,0.052667401315470576,1
2023-02-23 00:00:00-05:00,384.95439045031753,385.567938737912,379.86397585252666,384.0916137695313,96242400,390.0170166015625,380.3573364257812,32.183986500845236,0.005319378793686935,1.3844245972929912,0.05243978070083845,0
2023-02-24 00:00:00-05:00,379.06829329418446,380.82260481900255,377.3619024277112,379.9885864257813,108194400,388.99030151367185,380.3430242919922,32.29103052424621,-0.010682418456061327,0.590025112852345,0.05809407047561674,1
2023-02-27 00:00:00-05:00,383.3342350701894,384.69552690942936,380.34326061280535,381.2827453613281,80444700,388.0019287109375,380.2969592285156,36.224933190206634,0.00340578370450495,0.06414617132168132,0.062015810405285025,0
2023-02-28 00:00:00-05:00,380.80348526155615,382.7687005643169,379.7681297733509,379.8735961914063,96438600,386.41345214843756,380.2717608642578,26.355325993168904,-0.0036958115389837953,-0.46100901490058277,0.06507026979935554,0
2023-03-01 00:00:00-05:00,379.058688324708,380.2857555557943,377.1126357022291,378.4163818359375,99706800,384.69747619628913,380.40388061523436,28.505873478301694,-0.0038360506496865066,-0.983446741694479,0.07057751699534562,1
2023-03-02 00:00:00-05:00,376.4415712731506,382.20305024263513,376.1060389057773,381.35943603515625,85127800,383.14733581542976,380.68265625,37.294631836598114,0.007777290678960824,-1.1467831243822957,0.07238624816322005,1
2023-03-03 00:00:00-05:00,383.1808966203792,387.7249046275864,382.5290234904316,387.47564697265625,90120000,382.75525512695316,381.1460662841797,45.411187443133585,0.01603791688252909,-0.7737816044154329,0.06790530788641229,1
2023-03-06 00:00:00-05:00,388.3000515971973,390.6008283701899,387.3030795348652,387.7440490722656,72795900,382.48778991699226,381.60487487792966,38.83551609587201,0.0006926941130529496,-0.45131492863873746,0.06589603409427779,0
2023-03-07 00:00:00-05:00,387.6961807819027,387.93584262349646,381.1869569726485,381.8004760742188,108310600,382.40918273925786,381.8357177734375,33.463917057477644,-0.015328598884412736,-0.6676580864511834,0.06638991064435809,1
2023-03-08 00:00:00-05:00,381.91547162159134,383.1808636899206,380.1898891101756,382.4235534667969,74746600,382.44560852050785,382.1846649169922,32.39000101993939,0.0016319450383737166,-0.7798448928911625,0.06226548792651089,0
2023-03-09 00:00:00-05:00,383.2096475110798,384.8777136423342,374.3805144113086,375.367919921875,111945300,381.57323913574226,382.3505108642578,31.179646241576492,-0.018449788149710433,-1.421695979663923,0.06522713287862257,0
2023-03-10 00:00:00-05:00,374.8214529055364,376.9017301661393,368.4272925748813,369.9515380859375,189253000,380.5695343017578,382.4369805908203,28.236427215920983,-0.014429527800523867,-2.3404451430545805,0.07398909593711535,0
2023-03-13 00:00:00-04:00,366.02106965683873,374.2462786691214,364.9090354410611,369.42425537109375,157790000,379.38368530273436,382.60378295898437,33.42979073916693,-0.0014252750983867468,-3.0756535629287214,0.08053388354297407,1
2023-03-14 00:00:00-04:00,374.3517676052174,377.1797888194533,371.0444227448801,375.5309143066406,149752400,378.9494171142578,382.7627276611328,42.79366743382577,0.016530205709997636,-3.1294804889069496,0.07712551501177102,0
2023-03-15 00:00:00-04:00,369.9323910671056,373.38349766674736,367.8425178859198,373.1821899414063,172996900,378.4259979248047,382.89406311035157,38.04120345342526,-0.006254410158404333,-3.3233516140206802,0.07347423041385967,1
2023-03-16 00:00:00-04:00,370.8239247170232,380.074864540284,370.3158428605711,379.729736328125,143254200,378.2630279541016,383.1872180175781,49.73068467436399,0.017545173813752202,-2.9150606001235246,0.06322248279896808,0
2023-03-17 00:00:00-04:00,378.3979930571189,379.533507168689,373.9040108000652,375.2897338867188,140553400,377.0444366455078,383.33520263671875,44.14778250548185,-0.011692532916541376,-2.916142643249316,0.05867315966499844,1
2023-03-20 00:00:00-04:00,376.06913373609086,379.3121292855333,375.3666692245707,378.8983154296875,93055800,376.15986328125,383.63933715820315,49.08685584448828,0.00961545498619465,-2.595893948330456,0.05265426270566473,1
2023-03-21 00:00:00-04:00,382.2663798560957,384.3545965453815,380.6689485650316,383.8734436035156,91524200,376.3671600341797,383.8761688232422,54.79360248943393,0.013130510142770335,-1.9185276925948074,0.05319648793541327,0
2023-03-22 00:00:00-04:00,383.7002940562463,387.318544760657,377.29133237000224,377.3298034667969,111746600,375.8577850341797,383.9863470458984,46.67087210378251,-0.017046347554787733,-1.887963854220061,0.053008203173827755,1
2023-03-23 00:00:00-04:00,380.1974645439356,384.2391613901428,375.636143615093,378.349853515625,119351300,376.1559783935547,384.06477600097656,41.76739222842085,0.002703338139357747,-1.7611310555387263,0.05162427446509869,1
2023-03-24 00:00:00-04:00,377.069990985465,380.9192151025488,374.7219619246639,380.8326110839844,107682400,377.24408569335935,384.09814514160155,44.004551240101705,0.006562068269062582,-1.44363602484475,0.05176456598689665,1
2023-03-27 00:00:00-04:00,383.113241135813,383.88310351821207,380.6497402466303,381.544677734375,74010400,378.4561279296875,384.11814758300784,49.75595269290562,0.0018697628030430735,-1.121631626693386,0.05183693067070115,0
2023-03-28 00:00:00-04:00,380.8518690459743,381.54473060251513,378.8502853088847,380.6882934570313,62871700,378.97186584472655,384.09149475097655,48.351792966111816,-0.002244518996907363,-0.9248824066569341,0.051954779141727456,1
2023-03-29 00:00:00-04:00,384.8549788100607,386.4620425314962,383.6520964748452,386.2214660644531,77497900,380.2757934570312,384.189501953125,60.61609017538022,0.014534653947918974,-0.3188015002625093,0.05461402042854753,1
2023-03-30 00:00:00-04:00,388.85819419263817,389.10840312839423,386.6160343292529,388.48291015625,69840000,381.15111083984374,384.4531439208984,69.3182266461196,0.005855303991362026,0.34008137674561567,0.0585303187645955,1
2023-03-31 00:00:00-04:00,389.4067174804696,394.2567475446969,389.30084855820127,393.95843505859375,112062600,383.0179809570312,384.88093933105466,73.18408591483511,0.01409463520580978,1.289218593087071,0.06511569833277027,1
2023-04-03 00:00:00-04:00,393.4387769608017,395.86377728046097,393.04422801384897,395.4596252441406,67391100,384.6741119384766,385.1999462890625,70.6274819982085,0.003810529365423143,2.1379057307419203,0.0724783138979296,0
2023-04-04 00:00:00-04:00,396.10437947935486,396.3930888912914,391.8894746234111,393.2655944824219,66601500,385.6133270263672,385.3840020751953,70.8543828260224,-0.005548052498062894,2.603445555824578,0.07839529618905211,0
2023-04-05 00:00:00-04:00,392.534243907046,393.2944738697264,390.5807639021192,392.2359313964844,65200200,387.10393981933595,385.5557080078125,64.66705177238113,-0.0026182384128787817,2.856377473967541,0.08259588498755963,1
2023-04-06 00:00:00-04:00,391.437167451645,394.0450376322365,390.3882575257403,393.7659606933594,63743300,388.6455505371094,385.75513916015626,73.2559452700964,0.0039007882103703206,3.1440458155799433,0.08570748497685793,1
2023-04-10 00:00:00-04:00,391.2831872850261,394.2471058980047,390.6673267809661,394.1701049804688,63681000,389.9792999267578,385.87829223632815,70.90924588563865,0.001026356586023347,3.365836843272689,0.08388934734804525,1
2023-04-11 00:00:00-04:00,394.7956544202573,395.6809594619992,393.5061679518089,394.2760009765625,59297900,391.25243225097654,385.98573181152346,66.43374309497483,0.00026865557472688373,3.509695171287035,0.07949008946556169,0
2023-04-12 00:00:00-04:00,396.34496122221753,396.6336706379783,392.0819527581082,392.6689453125,86420400,392.45049743652345,386.1586199951172,78.71056554844102,-0.004075966226912309,3.4542099887373183,0.07785339008758357,1
2023-04-13 00:00:00-04:00,393.7563125926208,398.2406615136449,392.6111662470231,397.8846130371094,85814800,393.61681213378904,386.32289306640627,81.60041152141493,0.013282608127970441,3.7874391372641867,0.0761677121762477,0
2023-04-14 00:00:00-04:00,397.24947160898046,399.4435277503079,394.6031305479948,396.9126586914063,78161500,394.4597869873047,386.38490112304686,77.34867193801469,-0.002442804556537115,3.927819586313092,0.07718645381934172,1
2023-04-17 00:00:00-04:00,396.82611712486937,398.356180127704,395.59436663010166,398.3369445800781,66436400,394.89763793945315,386.3607403564453,77.8844565346287,0.003588411348147913,4.106661039378594,0.07429750533653112,1
2023-04-18 00:00:00-04:00,399.9151257985286,400.04986273859487,397.2206806696972,398.5967712402344,63560000,395.2113525390625,386.4267120361328,80.3390717301324,0.0006522785889975236,4.2207063439936405,0.07306807522265191,0
2023-04-19 00:00:00-04:00,396.68174813685937,399.4339289760812,396.62401213094887,398.5293884277344,55227300,395.73773193359375,386.53965087890623,75.59022243429013,-0.0001690500710538334,4.2565835936892995,0.07391372480970489,0
2023-04-20 00:00:00-04:00,395.7098562929952,398.10601828904817,394.8052862710272,396.3546142578125,75840400,396.14960021972655,386.50632751464843,66.42578403602803,-0.005456998236696431,4.062698216292517,0.06735372180697433,1
2023-04-21 00:00:00-04:00,396.6529041637765,397.1244246963598,394.7090566567866,396.66253662109375,73457400,396.4392578125,386.56620849609374,57.19412311069834,0.0007768860313581705,3.88905877048785,0.059991486342662416,1
2023-04-24 00:00:00-04:00,396.4604040641478,397.4997108968018,395.1228141148149,397.0762939453125,64332100,396.72987670898436,386.70261962890623,54.565212520445456,0.0010430965519034885,3.741702993849458,0.05364639501391574,0
2023-04-25 00:00:00-04:00,395.1035702020275,395.6617241074058,390.7154573508528,390.773193359375,97766700,396.3795959472656,386.6947540283203,44.287534850017245,-0.015873777110465337,3.0808013785867274,0.04611883976940044,0
2023-04-26 00:00:00-04:00,391.38909943441206,392.46687746099377,388.5599174310108,389.1180419921875,80447000,396.0245056152344,386.56194763183595,43.05312472376908,-0.004235580626599789,2.3958572532509947,0.03590247470563684,1
2023-04-27 00:00:00-04:00,391.6585449994972,397.1340685308111,391.40833604006144,396.8646240234375,92968400,395.92250671386716,386.58771728515626,55.40637389529196,0.019908051530043158,2.4498778612129968,0.030740679666706013,1
2023-04-28 00:00:00-04:00,395.97928167060974,400.26155506482286,395.9215456607,400.2519226074219,89433100,396.2564331054688,386.65553894042966,59.610764264309125,0.008535148710519413,2.7344947161881237,0.029220865172280293,0
2023-05-01 00:00:00-04:00,399.8092778572073,401.8782298985706,399.6168049089298,399.8477783203125,62122300,396.4075164794922,386.8245654296875,58.72255569123639,-0.001009724786520949,2.894083366371433,0.030678246620619572,0
2023-05-02 00:00:00-04:00,399.1355841651367,399.1837170776615,392.4475761726746,395.3537292480469,103998500,396.0832122802734,386.92326599121094,53.85457970950994,-0.011239399881485701,2.627636560990993,0.030683173849228976,0
2023-05-03 00:00:00-04:00,395.8541741351487,398.26957154429016,392.3994991884123,392.64007568359375,91531800,395.49428100585936,387.12433654785156,41.887519602261705,-0.006863862317966318,2.1724635765799576,0.03097801603494253,0
2023-05-04 00:00:00-04:00,391.5912090343588,391.9183895799519,388.521450266668,389.8590698242188,94901900,394.8447265625,387.28033203125,39.667473722985335,-0.007082837518643914,1.5692425250647375,0.03279654315716144,1
2023-05-05 00:00:00-04:00,393.4965147709688,398.12520386737816,393.23670274642825,397.0762939453125,87891800,394.8861022949219,387.54002563476564,48.42126101914634,0.018512392502110675,1.6544833117419557,0.03269645617979489,1
2023-05-08 00:00:00-04:00,397.4034698360924,397.6632818576283,395.77717051105407,397.18212890625,50046800,394.8966857910156,387.883896484375,48.221554657796496,0.0002665355815778536,1.7108555681393796,0.03265335733390216,0
2023-05-09 00:00:00-04:00,395.63290265005054,396.5567082623412,395.2094856262401,395.4404296875,49220100,395.3634094238281,388.16705017089845,46.27353180046667,-0.004385139944604877,1.5965859673181058,0.032459390355087235,1
2023-05-10 00:00:00-04:00,398.2791988750433,398.914324338217,393.4580365761441,397.28802490234375,96142900,396.18040771484374,388.51533874511716,51.13501085062359,0.004672246629672694,1.6362503032739824,0.03166037094066058,0
2023-05-11 00:00:00-04:00,396.4218847781344,396.8837727656093,394.5165087280734,396.5950927734375,70157100,396.15345458984376,388.8789129638672,49.918750238969885,-0.001744155588572216,1.5934029857964447,0.03140875274177763,0
2023-05-12 00:00:00-04:00,397.8365061605119,398.04821462684833,393.65046974768575,396.0754699707031,70481500,395.7358093261719,389.1732336425781,48.79737259190317,-0.0013102098644252047,1.5002233199102193,0.03134372662239382,1
2023-05-15 00:00:00-04:00,396.6817561677767,397.8461381335402,394.7667767427343,397.4419860839844,54289400,395.49523010253904,389.3725604248047,59.09216109364068,0.0034501407355076452,1.5191325785242498,0.031052102471947923,0
2023-05-16 00:00:00-04:00,396.3353398421656,397.2591747577228,394.77640880213,394.7860412597656,57705500,395.43846130371094,389.5134002685547,57.522407766675734,-0.0066825975040732954,1.3047652301670496,0.030511206119291548,1
2023-05-17 00:00:00-04:00,396.8068925910828,400.1845667461961,395.1613575223225,399.5783386230469,87287000,396.1322875976563,389.86895751953125,53.90801960799827,0.012138973677967346,1.504236012084391,0.031105060484631523,1
2023-05-18 00:00:00-04:00,399.2607196795313,403.8509377054382,399.0394081133319,403.4275207519531,97177200,397.4891326904297,390.2890368652344,54.51313892546544,0.009633110098436815,1.9504315123360243,0.03552292829642433,0
2023-05-19 00:00:00-04:00,404.3321376214222,404.8613941911202,401.6184275681808,402.8405456542969,103793300,398.0655578613281,390.8384893798828,54.23131188919813,-0.0014549703911180822,2.230963517422822,0.0385611885737305,1
2023-05-22 00:00:00-04:00,402.8598713729195,404.54390717989946,401.61848818380025,403.0042114257813,60745400,398.6477661132813,391.4995428466797,62.325909332725075,0.00040627929152114994,2.4383854232084445,0.04124798632770124,0
2023-05-23 00:00:00-04:00,401.35848608728674,402.9366816796178,398.0866522737922,398.481201171875,86383500,398.95184326171875,392.0806817626953,58.89235989801304,-0.011223233221073325,2.212297660498507,0.0388032876045354,0
2023-05-24 00:00:00-04:00,396.8742437459542,397.25916026310097,394.429978342838,395.5943603515625,89213700,398.7824768066406,392.48195068359377,58.70319463843114,-0.007244609813016778,1.779662707917396,0.034067318013856596,1
2023-05-25 00:00:00-04:00,399.106745609804,400.4732329300767,396.86458575045214,399.0201416015625,90961600,399.0249816894531,392.9987097167969,53.33331240070081,0.008659833388311,1.6937043381411172,0.034195047359381975,1
2023-05-26 00:00:00-04:00,399.6745267786192,404.9094736202561,399.5975552223808,404.187744140625,93830000,399.8362091064453,393.48786987304686,60.23624153891427,0.012950731054129472,2.019286965071899,0.03685117480388344,1
2023-05-30 00:00:00-04:00,406.1219771957275,406.6512337191027,402.955982410714,404.3417053222656,72216000,400.52618103027345,394.0689093017578,63.63890569662096,0.0003809150175198006,2.263643055190471,0.03945850122180822,0
2023-05-31 00:00:00-04:00,402.5133328515,403.41790279671176,400.5309849376734,402.09954833984375,110811800,401.2575317382813,394.5329339599609,57.28433985208072,-0.005545203358715778,2.2504321066264197,0.03991895453389588,1
2023-06-01 00:00:00-04:00,402.33050994129945,406.9784643429913,401.0795238946496,405.919921875,88865000,401.8916900634766,394.97386352539064,62.89601010220374,0.00950106398012518,2.5191948408223652,0.040896372154878825,1
2023-06-02 00:00:00-04:00,408.49884845924817,412.579016016894,407.9695919690377,411.7899475097656,91426200,402.7279327392578,395.66306640625,68.93112865014619,0.014461043468010137,3.1693193146514886,0.04421598575213536,0
2023-06-05 00:00:00-04:00,412.13636840253633,413.4258547804784,410.298360615152,411.0008544921875,65460200,403.54396362304686,396.31608642578124,66.56473488415787,-0.0019162512886728988,3.579610905968366,0.04971095979645457,1
2023-06-06 00:00:00-04:00,410.5870909976928,412.4250695118066,409.9327006351518,411.8958129882813,64022200,404.43312377929686,396.9373504638672,71.84267591509665,0.002177510061869725,3.931663845794276,0.054585034313903366,0
2023-06-07 00:00:00-04:00,412.2903604628489,413.4258744271593,410.0481711705742,410.4715881347656,85373300,405.6321624755859,397.515888671875,65.21494871375171,-0.0034577308353367364,4.049070134029364,0.05595580441808867,1
2023-06-08 00:00:00-04:00,410.5390091154699,413.4066917639222,409.76917600968767,412.9544067382813,61952800,407.3681671142578,398.1612109375,63.83455454504358,0.006048697827778726,4.29297147199793,0.05928540374893422,1
2023-06-09 00:00:00-04:00,413.7530485062901,415.7065283650919,412.70413856902655,413.6953125,85742800,408.83568420410154,398.71068786621095,65.6926925469537,0.0017941587488332633,4.494243105563385,0.06156136340547383,1
2023-06-12 00:00:00-04:00,414.6769171108834,417.5253346663892,413.9551876062376,417.4483337402344,76104300,410.1617431640625,399.2899963378906,68.91841226114391,0.009071945286386107,4.900104420477362,0.06537566190545571,1
2023-06-13 00:00:00-04:00,418.9110140981565,420.8452289997208,418.2470206735575,420.2005004882813,95899700,411.74762268066405,399.81483764648436,79.8309810509655,0.006592832035974938,5.381791351716004,0.07075350040638381,1
2023-06-14 00:00:00-04:00,420.5374131723522,422.51012900088057,417.24631327126417,420.7009887695313,100612100,413.60776672363284,400.31966491699217,86.90243368547961,0.0011910701692845471,5.737775433079946,0.07229346858323796,1
2023-06-15 00:00:00-04:00,419.8828886105457,427.1675507697199,419.78668152163175,425.9165649414063,110303100,415.60743103027346,400.9726843261719,87.55710214294957,0.012397347073344278,6.367349944348575,0.0801810088324291,0
2023-06-16 00:00:00-04:00,427.904413934663,428.474279953013,423.9926092848296,424.46588134765625,114165800,416.8750244140625,401.61728332519533,81.5952793046387,-0.0034060276428780067,6.672319887928268,0.08591625303587636,0
2023-06-20 00:00:00-04:00,422.5245090371962,423.41310274296666,420.187064856413,422.2637023925781,76160400,418.0013092041016,402.1872381591797,76.24882001258635,-0.005188117707096596,6.659546224653354,0.08823758464551214,0
2023-06-21 00:00:00-04:00,421.2784731312149,422.0801410350752,419.5108951805997,420.10009765625,76982300,418.8217376708984,402.7058380126953,76.42467130551321,-0.005123823629805235,6.401050854521145,0.08839346982283569,1
2023-06-22 00:00:00-04:00,419.1438643349352,421.7227488220665,418.8058002569503,421.6165161132813,70637200,419.93623046875,403.25264831542967,74.71424754897708,0.003609659853666791,6.246547397519521,0.08530196639653417,0
2023-06-23 00:00:00-04:00,418.1586317913709,420.21596194306784,417.7143350211186,418.4290771484375,92074500,420.48369750976565,403.7678509521484,61.41780634271827,-0.007560042937187483,5.800043319795407,0.07623966621327376,0
2023-06-26 00:00:00-04:00,417.8592143297431,419.78130707914215,416.47801229853,416.719482421875,72823600,420.78611450195314,404.14454833984377,59.53292784423998,-0.004085745518005779,5.247742901000379,0.06827796973090894,1
2023-06-27 00:00:00-04:00,417.59844581995696,421.9062646558956,417.1444807996532,421.2881164550781,72813700,421.1700927734375,404.6320574951172,63.9485145822473,0.010963331991706626,5.119674998313997,0.06500702944073905,1
2023-06-28 00:00:00-04:00,420.2063045276252,422.5147730975973,419.5881563282677,421.5006103515625,75636000,421.30010375976565,405.0953308105469,66.99071666796726,0.000504390910126773,4.977944103355412,0.06066187315549652,1
2023-06-29 00:00:00-04:00,421.0852585523664,423.32610840810986,420.679605245235,423.1618957519531,67882300,421.5461944580078,405.5866333007813,66.13348073845316,0.003941359418210499,4.942696863138622,0.05255658414615134,1
2023-06-30 00:00:00-04:00,426.3782705598957,429.1406745135059,426.05951350289007,428.1554870605469,104964000,421.77008666992185,406.1791552734375,70.14671529681071,0.011800663903634767,5.257103638433364,0.05013566254675952,1
2023-07-03 00:00:00-04:00,427.8078209721531,428.92821645735074,427.5277073626863,428.6481323242188,32793400,422.1883117675781,406.8250256347656,67.16349504029027,0.0011506223289443618,5.48282305733693,0.051791562348974134,0
2023-07-05 00:00:00-04:00,426.8322751907773,428.7447292814146,426.8226069528998,428.0106506347656,58418400,422.76300659179685,407.45198791503907,62.798440920924634,-0.0014871911047333874,5.5463332016799995,0.05097436806262606,0
2023-07-06 00:00:00-04:00,424.4272557113554,425.0840474287703,422.1477622241082,424.6590576171875,80658300,423.2189025878906,408.0036431884766,55.93178479500483,-0.007830629944856504,5.265522239843676,0.04792266525284236,0
2023-07-07 00:00:00-04:00,423.6642315383372,427.5374223526972,423.3454744191098,423.5869445800781,86134200,423.4159454345703,408.6599182128906,46.013621271826935,-0.0025246442242987666,4.899983013338101,0.04186779863592437,1
2023-07-10 00:00:00-04:00,423.2295437531058,424.8329090465616,422.659677750378,424.6590576171875,62443500,424.0389434814453,409.3707385253906,50.33489653654553,0.002531034185135672,4.643276305921347,0.037396177186553366,1
2023-07-11 00:00:00-04:00,425.4220950342892,427.8561033801802,424.4465462578362,427.3634948730469,64463800,425.1033447265625,409.9807159423828,58.68983262023069,0.006368490692355122,4.604976572020348,0.03357241403767973,1
2023-07-12 00:00:00-04:00,431.1594330344666,432.2122392972248,429.729919208418,430.8020324707031,91924500,426.054736328125,410.59171813964844,67.47632569622525,0.00804593194998482,4.796790588041802,0.03506656352612904,1
2023-07-13 00:00:00-04:00,432.6178264008796,435.01322041064935,432.1831979055365,434.22119140625,72425200,427.32679443359376,411.2791864013672,69.37921572896198,0.007936728886671185,5.165161363680113,0.04063977619020514,0
2023-07-14 00:00:00-04:00,435.1098740968055,435.9598242076378,433.18775178790105,433.9508056640625,69815800,428.4056854248047,412.0511279296875,76.21553585013794,-0.000622691263205799,5.3733394749751255,0.04447173568779182,1
2023-07-17 00:00:00-04:00,433.80590268905246,436.5103562299912,433.7575909794765,435.4575500488281,52680200,429.1358917236328,412.9074774169922,81.86614546734067,0.003472154827457663,5.595403479190679,0.04958958847910796,1
2023-07-18 00:00:00-04:00,435.1291664096603,439.3403912522435,434.6945083929684,438.6932678222656,80668200,430.1404052734375,413.8841613769531,81.00499922804426,0.007430615850097633,5.963739903403734,0.056677340044513545,1
2023-07-19 00:00:00-04:00,439.48533409064345,440.8568680135883,438.6160179837127,439.6688537597656,65891700,431.3062255859375,414.7360125732422,81.50774757686438,0.0022238452446352586,6.262184243275442,0.06245957261670364,0
2023-07-20 00:00:00-04:00,438.6739839174844,439.5722457578469,436.0371193951603,436.7518615722656,70591600,432.5155059814453,415.5274072265625,72.58437519652206,-0.006634520873051941,6.191949699804297,0.06352482965876435,0
2023-07-21 00:00:00-04:00,438.47112777830426,438.6739839174844,436.74222281063936,436.7518615722656,71275600,433.8319976806641,416.3536358642578,67.12868373174544,0.0,6.066359106488562,0.06443134855053455,1
2023-07-24 00:00:00-04:00,437.9012750217946,439.5143085643416,436.86777572408096,438.7029724121094,54023400,435.23638916015625,417.18193481445314,68.934262776491,0.004467321175964711,6.054473790043744,0.06346144820083989,1
2023-07-25 00:00:00-04:00,438.4324765430136,441.156237070321,438.3841648336445,439.9006042480469,55191200,436.49010009765624,418.0480450439453,71.92737587375198,0.0027299378195515533,6.071702662476127,0.060037521410238485,1
2023-07-26 00:00:00-04:00,438.9636767908251,441.3976848440359,437.91087066746417,439.96820068359375,71052900,437.40671691894534,418.92589965820315,82.12410348360656,0.00015366297498586867,6.021400182317393,0.05900548364817667,0
2023-07-27 00:00:00-04:00,443.35846818342566,443.7641509737044,436.1433394792144,437.05126953125,92194400,437.6897247314453,419.71808532714846,76.22279200856819,-0.006629868130950456,5.680679797592234,0.05541675573307723,1
2023-07-28 00:00:00-04:00,440.325676064509,442.16084340685165,437.0513265077095,441.3302001953125,80011800,438.4276641845703,420.6489685058594,78.86302058896877,0.009790454718623165,5.690335733785787,0.05423521062771697,1
2023-07-31 00:00:00-04:00,441.80349284574254,442.5279033679905,440.4898797710363,442.1705322265625,62040400,439.0989624023438,421.50081237792966,77.40454945444728,0.0019040891171238084,5.700088828922844,0.05573879116721657,0
2023-08-01 00:00:00-04:00,440.7022952345732,441.6488687577706,439.9489096063416,440.9051513671875,55291500,439.3201507568359,422.2503649902344,70.33434516036701,-0.002861748504594197,5.5418298026678485,0.05600530898013601,0
2023-08-02 00:00:00-04:00,437.7853934206833,438.0461705780349,434.0184648772511,434.7718505859375,93933400,438.8304504394531,422.8889910888672,50.99914061946276,-0.013910703384234613,4.865416773306606,0.05404330330242,0
2023-08-03 00:00:00-04:00,432.7530947667372,435.40926606374575,432.10594188115226,433.5257873535156,64276100,438.5078430175781,423.4994226074219,49.25519842301221,-0.0028660163502824965,4.1806161446017995,0.049262329575468534,0
2023-08-04 00:00:00-04:00,435.3416905501172,437.447303112886,431.0435102343316,431.5650939941406,100128900,437.9891662597656,424.1611004638672,43.285689318630226,-0.004522668354618897,3.4400404992037465,0.042977595727513376,1
2023-08-07 00:00:00-04:00,433.400300457552,435.4866062095408,432.704865206889,435.3320617675781,58357500,437.6520751953125,424.9558544921875,44.30642143026994,0.008728620145281418,3.121113528192211,0.03548506652796666,0
2023-08-08 00:00:00-04:00,432.79168991603393,435.3223214016485,430.07756826702433,433.4388427734375,71361300,437.0058990478516,425.644228515625,39.7651055500908,-0.004348907788812029,2.6846477077453414,0.030415934467705193,0
2023-08-09 00:00:00-04:00,433.7093775665813,433.87359024306414,429.7782363330844,430.5412902832031,78789600,436.0632080078125,426.1712994384766,39.79052075829118,-0.00668503189906533,2.080949242843758,0.030645703869102935,1
2023-08-10 00:00:00-04:00,432.8979765886809,436.2882265207825,429.52706313111736,430.6957702636719,93005500,435.4276580810547,426.69838073730466,40.09477660513275,0.0003588041006872267,1.5965747831110662,0.03271702858773189,0
2023-08-11 00:00:00-04:00,428.8219993419041,431.4588639187083,428.2231581026232,430.4446716308594,68690900,434.3391052246094,427.265283203125,35.6975237257642,-0.0005830069625684109,1.178853879186022,0.034695462407065045,1
2023-08-14 00:00:00-04:00,429.5271431380979,432.8207702636719,429.2180542512487,432.8207702636719,47867400,433.4041290283203,427.8033001708984,38.21937897736621,0.005520102325369702,1.0276917641507453,0.03543066755834863,0
2023-08-15 00:00:00-04:00,431.0434905199487,431.40089107368914,427.2089436634091,427.7788391113281,75707500,432.09149780273435,428.1230780029297,32.5980518162165,-0.01164900461979268,0.4953429864957002,0.039039060348518013,0
2023-08-16 00:00:00-04:00,427.3635314579317,429.0248473056636,424.5335083117714,424.6397705078125,80107200,431.0782897949219,428.3958563232422,32.39259787758721,-0.007338064243749831,-0.1777943545287144,0.044206612370049816,0
2023-08-17 00:00:00-04:00,426.1078556541094,426.3686327842003,420.8824384802807,421.4040222167969,95711300,429.86611328125,428.5860205078125,20.869808847634005,-0.0076199840800265095,-0.9612773844775688,0.052098784340136456,1
2023-08-18 00:00:00-04:00,418.5836919301103,422.6404024444025,418.2359890452877,421.6069030761719,98852000,428.87029418945315,428.8087268066406,19.366981227286487,0.00048144025372076626,-1.5479784090801445,0.057898921043166955,1
2023-08-21 00:00:00-04:00,422.6210410735604,425.0936930300052,420.4671462190992,424.3499755859375,68719000,427.77208557128904,429.03663818359377,26.3782133345874,0.006506232440103066,-1.7711830753363529,0.05968925014320907,0
2023-08-22 00:00:00-04:00,426.1271169843213,426.1271169843213,422.6403028137897,423.2005004882813,64994200,426.7482513427734,429.2267419433594,30.751853897448868,-0.0027087902999617386,-2.0175701227822174,0.06073544477076284,1
2023-08-23 00:00:00-04:00,424.263004912033,428.53220964419495,424.1181287339091,427.9140319824219,68441000,426.4855255126953,429.4360559082031,41.63069579290969,0.011137821171530282,-1.8116079453479301,0.058659417179650515,0
2023-08-24 00:00:00-04:00,429.5174382906836,430.0293538199984,421.95457682823127,421.9835815429688,88517300,425.614306640625,429.4717175292969,37.22314237926841,-0.013858976327508432,-2.102680827766335,0.06034864380589841,1
2023-08-25 00:00:00-04:00,423.71241056057767,426.2430125148385,420.1579777313309,424.9584045410156,102325100,425.0656799316406,429.5568658447266,35.86827283324649,0.007049617871788927,-2.0694593901842495,0.05659485051922354,1
2023-08-28 00:00:00-04:00,427.1509520711484,428.2713769074764,424.9584141058072,427.6532287597656,61595400,424.54892578125,429.59159912109374,42.286883678542466,0.006341383509429921,-1.8048758830024099,0.049733671380001024,1
2023-08-29 00:00:00-04:00,427.5470383309648,434.1150440450923,427.3635186603017,433.8349304199219,83081900,425.1545349121094,429.77898010253904,54.03739394574214,0.01445493976061818,-1.0838855283261069,0.04384100922934518,1
2023-08-30 00:00:00-04:00,434.1730356635656,436.2593414780044,433.4679321528182,435.6218566894531,69053900,426.25274353027345,430.04614318847655,55.80610212996165,0.004118908239596264,-0.36410824856488944,0.044415119007498664,0
2023-08-31 00:00:00-04:00,436.2399468961714,437.3796788770793,434.8007943012341,434.98431396484375,66084600,427.61077270507815,430.3438275146484,55.302320110355865,-0.0014635232709727664,0.1531110922884409,0.04523539752250292,1
2023-09-01 00:00:00-04:00,437.7081084262502,438.1910487085468,434.337165211912,435.795654296875,58944100,429.02964782714844,430.6274102783203,53.606504368235576,0.0018652174480406902,0.6213173705288568,0.04723875136179242,0
2023-09-05 00:00:00-04:00,435.3513524787402,435.6700800917991,433.8445811734279,433.91217041015625,55166200,429.9858673095703,430.9370721435547,58.052188963632844,-0.004321942791645328,0.8308156845056374,0.046454628667869174,0
2023-09-06 00:00:00-04:00,433.1008212089274,433.20708339429626,428.6674331394679,430.9952087402344,70758500,430.7653381347656,431.2225866699219,58.3927291895539,-0.00672247028048234,0.7527924561518375,0.04564168627934717,0
2023-09-07 00:00:00-04:00,427.9912839614794,430.3480346831722,427.6435811384425,429.67193603515625,70355400,430.9411285400391,431.39026306152346,61.499092968789206,-0.0030702724258721004,0.5775240989891017,0.0455264726909537,1
2023-09-08 00:00:00-04:00,429.7202810475146,431.8548689598933,429.36290993507305,430.3191223144531,61659700,431.7746826171875,431.56663330078123,61.96911229286477,0.0015062335354476541,0.48525150982845844,0.04546005404622538,1
2023-09-11 00:00:00-04:00,432.946283268193,433.4581987746905,431.23668532604137,433.1491394042969,60180100,432.5937561035156,431.7663781738281,62.05974936152529,0.006576554336285678,0.6331845880538935,0.04626534683132615,0
2023-09-12 00:00:00-04:00,431.70027670411,433.2263548376976,430.1935055679439,430.7730102539063,67565400,432.9057342529297,431.8187286376953,60.04093484900728,-0.005485706732924367,0.552322029503614,0.04566037446635147,1
2023-09-13 00:00:00-04:00,430.9951854819559,432.4343379531001,429.8940675950137,431.2752990722656,60199300,432.64977111816404,431.87127197265625,55.017273611824805,0.0011660173836407495,0.5227425286338416,0.04589088510946828,1
2023-09-14 00:00:00-04:00,433.74799281245487,435.6893927060478,432.4440481531944,434.9939575195313,83430800,432.58698120117185,432.01093811035156,70.79320920214766,0.008622470276561378,0.7902556445019968,0.04650722575522125,0
2023-09-15 00:00:00-04:00,433.4072234999764,433.7367776977173,429.31682909931095,429.75299072265625,111848900,432.0638488769531,432.1128167724609,57.14515707984926,-0.012048366894015339,0.5727571088132208,0.04301727617221778,1
2023-09-18 00:00:00-04:00,429.4428320631367,431.3038771522312,428.9678906350114,430.0050354003906,55752200,431.4847869873047,432.2411785888672,53.78000400249567,0.0005864873152146011,0.4159312547588456,0.03902331362703053,0
2023-09-19 00:00:00-04:00,429.0842038068295,429.6754845917088,426.4283653962231,429.11328125,66514600,431.00489807128906,432.33026306152345,40.85609965686512,-0.0020738225764269647,0.21718495534310023,0.03692375737621505,0
2023-09-20 00:00:00-04:00,430.3733429544115,430.7901294710478,424.96470225740006,425.1682739257813,82562600,430.4222045898438,432.28635864257814,31.3173105976729,-0.009193393671542704,-0.2557044384997198,0.03534197401629501,0
2023-09-21 00:00:00-04:00,422.3185567480477,422.5802537124664,417.98584063306095,418.1409301757813,104095800,429.26910400390625,432.0331365966797,25.494441089759576,-0.016528382245253548,-1.183873642353774,0.04362778852014499,0
2023-09-22 00:00:00-04:00,419.16842775985725,420.7677463582612,416.78395900410345,417.2007751464844,100829700,427.9572692871094,431.6927282714844,23.047204339221537,-0.0022484166496250513,-1.9725784210169763,0.048565177594423664,1
2023-09-25 00:00:00-04:00,415.9891218304828,418.993889361631,415.55293063128704,418.95513916015625,70874500,426.5378692626953,431.39281494140624,28.23871557840708,0.004205083303250978,-2.4280807231979225,0.052792223022340025,0
2023-09-26 00:00:00-04:00,415.9116062812536,416.6191968671865,411.9665987111882,412.8002014160156,96168400,424.74058837890624,430.93966796875,25.807166299305635,-0.014691161818611187,-3.2482774953998614,0.06337683504075448,1
2023-09-27 00:00:00-04:00,413.9729414200165,414.5351446624604,409.3203738523524,412.9648742675781,104705800,422.9095458984375,430.42510009765624,27.079406521431494,0.0003989165969338071,-3.840728100899014,0.07055295414718574,1
2023-09-28 00:00:00-04:00,412.4124571151363,417.035947852058,411.8211763569914,415.3590698242188,92258300,420.94605712890626,429.9389044189453,30.414952380876386,0.005797576757313738,-4.070139863071972,0.07304384608860215,0
2023-09-29 00:00:00-04:00,418.4123299989288,418.5867946420908,412.8292247753013,414.35101318359375,115111300,419.405859375,429.4908874511719,24.157507482436174,-0.0024269522778247454,-4.28390983766684,0.07526488908763171,0
2023-10-02 00:00:00-04:00,413.517407554199,415.4366073558172,411.4237431106989,414.1862182617188,83798600,417.8239776611328,429.0395745849609,25.721369033261055,-0.00039771815835265567,-4.4157199843205035,0.07572829232120992,0
2023-10-03 00:00:00-04:00,412.0053970277405,414.2444490832808,407.2752686675357,408.6419677734375,103760600,415.77684631347654,428.4383544921875,21.131840457127012,-0.013385888385059608,-4.91094483920466,0.08013058807279318,1
2023-10-04 00:00:00-04:00,409.107224446792,412.3640165843667,407.6435907050373,411.61767578125,87453000,414.4217864990234,427.87269592285156,19.60823678781152,0.007281944201732893,-5.0055979204513505,0.08211595259093588,0
2023-10-05 00:00:00-04:00,411.3268404794052,412.3058303467078,408.23484048426144,411.4625549316406,70142700,413.7539489746094,427.3025830078125,22.596468190210473,-0.000376856628702682,-5.0350867792835174,0.08374822538194195,1
2023-10-06 00:00:00-04:00,409.0102345616155,417.888911329126,407.6823154616602,416.3477478027344,113273300,413.66864624023435,426.88851257324217,32.03251092449935,0.01187275199782234,-4.611108684329281,0.08214964604836465,1
2023-10-09 00:00:00-04:00,414.44797038266114,419.5852123041229,413.8954989431742,419.0133361816406,80374400,413.6744659423828,426.4421752929687,37.30505235555907,0.006402312473104077,-4.013744338292042,0.07754321505842446,1
2023-10-10 00:00:00-04:00,419.64334789466267,423.7918973624895,419.245936455557,421.1942138671875,78607300,414.5138671875,426.02264892578125,44.77307246460574,0.005204793015469722,-3.326010014335509,0.07393419593461159,1
2023-10-11 00:00:00-04:00,422.2604472219357,423.1715503152822,419.8759785243393,422.9195556640625,62451700,415.50933532714845,425.6629370117187,57.303805781623616,0.004096309351056426,-2.6116494745694467,0.06972970007330546,0
2023-10-12 00:00:00-04:00,423.5302119190894,423.90821868639375,417.9858858829249,420.34124755859375,81154200,416.00755310058594,425.3743249511719,54.57109681981686,-0.006096450426418154,-2.227879903683913,0.060297000061622946,0
2023-10-13 00:00:00-04:00,421.8436069564154,423.0455435777595,416.6773175678,418.24755859375,95143100,416.39720764160154,425.0687603759766,48.98015915604718,-0.0049809267517860745,-2.068834716810329,0.05478108166545643,1
2023-10-16 00:00:00-04:00,420.4963128780658,423.7143544966922,420.2539910016085,422.6481323242188,75433200,417.24339904785154,424.89042114257813,64.94993324123311,0.010521457065439055,-1.569607281737376,0.04893246506492937,0
2023-10-17 00:00:00-04:00,419.5173488593283,424.6836681484373,419.1684195342952,422.6287536621094,75324700,418.64207763671874,424.63635498046875,64.73553231369429,-4.5850580251860507e-05,-1.1621332896207264,0.043183644797871366,0
2023-10-18 00:00:00-04:00,420.85499831559775,421.8145836033234,415.91162548795126,416.9972229003906,93559800,419.18003234863284,424.3075225830078,52.27341838199722,-0.013325006197333011,-1.2788825213516475,0.039312511705817385,0
2023-10-19 00:00:00-04:00,417.7145119651641,419.5270750829903,412.65482940199,413.3333129882813,121323000,419.3671081542969,423.9633630371094,48.68460704666916,-0.008786413220273515,-1.6480562711512903,0.039890958571439976,0
2023-10-20 00:00:00-04:00,412.8971069121286,413.4399055549237,408.1475744172104,408.2542114257813,123919900,418.55775451660156,423.51453186035155,43.197017019006935,-0.012288149546378357,-2.3236841909811687,0.04368989426628347,0
2023-10-23 00:00:00-04:00,406.7227000782813,411.4140774521023,404.968292128362,407.5466003417969,92035100,417.4110809326172,423.0565704345703,48.587057759274295,-0.0017332609540344768,-2.8829891811260495,0.04691287616338342,1
2023-10-24 00:00:00-04:00,409.6693503095015,411.7727171708306,407.8180076603951,410.6192626953125,78564200,416.3535858154297,422.61254028320315,48.71533493334003,0.007539413531946204,-3.0432238525417006,0.04777438987261789,0
2023-10-25 00:00:00-04:00,408.9327781045306,408.9618555506224,404.2123224333422,404.7260437011719,94223200,414.53423461914065,422.151484375,42.447346775661494,-0.014352027606930662,-3.6041975592798963,0.052925269398257764,0
2023-10-26 00:00:00-04:00,403.659822847272,404.512771066671,398.9587721877273,399.8795776367188,115156800,412.4880676269531,421.6562805175781,31.52063064821577,-0.011974682973531214,-4.389246074723019,0.06226873331072437,0
2023-10-27 00:00:00-04:00,401.46919469761593,401.8666061249316,396.6421322661676,398.0669860839844,107367700,410.4700103759766,421.18953979492187,26.036809404706602,-0.0045328435211591245,-5.098886875077881,0.07153467389022057,1
2023-10-30 00:00:00-04:00,400.8586106203213,403.882783449418,399.55976867860994,402.8262634277344,86562700,408.4878234863281,420.8139270019531,30.15719793251195,0.0119559710052064,-5.217108832263818,0.07518297983010123,1
2023-10-31 00:00:00-04:00,403.3980385118803,405.67586990534585,401.4885410773971,405.3560180664063,79665200,406.7605499267578,420.4340478515625,31.35033331561884,0.006280014160809033,-5.048474852247409,0.07645217347901931,1
2023-11-01 00:00:00-04:00,406.32535052662286,410.4932751362608,405.7922246289102,409.6790771484375,98068100,406.0287353515625,420.16361938476564,39.082988262379764,0.010664844949515473,-4.513962321733629,0.07672108125715622,1
2023-11-02 00:00:00-04:00,413.4786898388463,417.6854240377106,413.4593147358308,417.53033447265625,94938900,406.4484375,419.9559454345703,49.34308576948577,0.0191644088315841,-3.417432406473324,0.07734207161203917,1
2023-11-03 00:00:00-04:00,419.8372157670484,422.8904655764815,419.71120365505175,421.339599609375,100167800,407.75697631835936,419.94306579589846,48.78837509226067,0.009123325474135635,-2.2155096710014845,0.07912510045695834,1
2023-11-06 00:00:00-05:00,422.0956239774314,422.7547323706144,420.3605910898025,422.3088684082031,67831700,409.233203125,419.8900750732422,49.70892518360872,0.002300445530699635,-1.1712637527509742,0.08060339569918458,1
2023-11-07 00:00:00-05:00,422.3088656922616,424.1505059932791,421.1651135619809,423.5107727050781,64256100,410.52235412597656,419.8072259521484,56.44658932064288,0.002846031392628179,-0.24389622328544647,0.08184172125971177,1
2023-11-08 00:00:00-05:00,424.11175832141294,424.6351818841711,421.5140747704494,423.8209838867188,61746000,412.4318481445313,419.60694702148436,61.11791211265562,0.000732475303188318,0.5101994137006614,0.08236871807530675,0
2023-11-09 00:00:00-05:00,424.9647429571584,425.0035227425126,420.0892276547656,420.5157165527344,83174400,414.49546203613284,419.30482421875,63.50629521735582,-0.0077987345120880125,0.8315327959365391,0.08243936290426838,1
2023-11-10 00:00:00-05:00,422.5900126284226,427.3879684336076,420.5060206531149,427.0777893066406,89462200,417.39654235839845,419.1466937255859,69.05620287296972,0.015604821640675448,1.5972837533168445,0.08694026728251714,0
2023-11-13 00:00:00-05:00,425.7401770580696,427.7756572288507,424.9550565166978,426.6706848144531,52236100,419.78098449707034,418.9641943359375,66.52036286358438,-0.0009532326484326115,2.146552848715885,0.08928044453258326,1
2023-11-14 00:00:00-05:00,432.61240832792026,436.2375341476565,432.3894615518305,434.9483947753906,97176900,422.74022216796874,418.9849188232422,79.6499819164708,0.019400700014197803,3.212759882180592,0.09837571176787582,1
2023-11-15 00:00:00-05:00,436.2860492849091,437.51706352995177,435.0162848317492,435.8692626953125,77327600,425.35924072265624,419.08239990234375,88.25465779677337,0.002117188914784851,4.084954174009397,0.10814812054173804,1
2023-11-16 00:00:00-05:00,435.4233538600024,436.7221956257719,434.3571316402488,436.40234375,66665800,427.24644165039064,419.2170080566406,91.88731729341148,0.0012230297025099812,4.764270080243364,0.11642032081327185,1
2023-11-17 00:00:00-05:00,436.4120339907248,437.55581582516845,435.4912285306581,436.9451599121094,83133200,428.80699768066404,419.34952880859373,91.06392262701432,0.0012438433704204943,5.28550554016482,0.1218666303528672,1
2023-11-20 00:00:00-05:00,436.6931100934176,441.1518386514175,436.6834077524104,440.3085632324219,69936200,430.6069671630859,419.49271728515623,91.2397137011663,0.007697541084993542,5.901952897106412,0.12746039640700907,0
2023-11-21 00:00:00-05:00,439.2617361737396,440.18257120218567,438.0792041489343,439.3489685058594,49244600,432.19078674316404,419.6642364501953,88.02484345727673,-0.0021793687579406695,6.241116883507402,0.13160533382325165,1
2023-11-22 00:00:00-05:00,441.00647684513626,442.3634735504526,439.9499569252717,441.0452270507813,59394900,433.9132110595703,419.8596350097656,85.78169957221844,0.0038608456295927684,6.571033886310943,0.13184758408842537,1
2023-11-24 00:00:00-05:00,441.0937026627971,441.5104892196469,440.7641484378246,441.3166198730469,29737400,435.99330139160156,419.98608825683596,84.06611649383983,0.0006153401184734175,6.776281861379857,0.12578339429894425,0
2023-11-27 00:00:00-05:00,440.68658238826873,441.5007803874619,440.1340813808599,440.5218200683594,50506000,437.33770446777345,420.20146484375,81.24382245527026,-0.001800974105430564,6.796463260716564,0.11366531716153368,1
2023-11-28 00:00:00-05:00,440.1340769627191,442.25681906014256,439.5719031999821,440.9579772949219,62115000,438.7664337158203,420.42052368164065,80.7377578012429,0.0009900922194836514,6.769615494672337,0.10278606407384946,0
2023-11-29 00:00:00-05:00,443.1097339014553,444.24381318734913,440.2503537879695,440.6477355957031,63146000,439.33636779785155,420.6512127685547,79.64463790120428,-0.0007035629588151293,6.646685679233656,0.09049819421646314,1
2023-11-30 00:00:00-05:00,441.4910541020233,442.7317408428034,439.41676478055234,442.3827819824219,79752700,439.9877197265625,420.9955029296875,90.78071501420558,0.003937490758628703,6.613035698793624,0.0800894186280967,1
2023-12-01 00:00:00-05:00,441.7721341292439,445.5329741995201,441.18088297834976,444.9998779296875,89183400,440.84747314453125,421.5326818847656,89.19011983840034,0.005915908244750856,6.720080710495154,0.07654599400957114,0
2023-12-04 00:00:00-05:00,441.6073900887256,445.019271433423,440.3860783753154,442.6639099121094,72430900,441.4193481445312,422.0419445800781,82.25164438055101,-0.0052493677716182185,6.541020741503019,0.07308559221673673,0
2023-12-05 00:00:00-05:00,441.2778489374918,443.5362758597069,440.8998126034742,442.5766906738281,69793500,441.6461608886719,422.5143756103516,72.9713386683527,-0.0001970326388219812,6.319232385062264,0.06889510110660187,0
2023-12-06 00:00:00-05:00,444.7188464003096,444.7479238454249,440.35705215116445,440.7932434082031,69124700,441.79058837890625,423.0742364501953,64.09548120619978,-0.0040296909060205666,5.931183236917036,0.06368752062098333,1
2023-12-07 00:00:00-05:00,442.877180057356,444.80605282503006,442.27622650644105,444.1566467285156,66995400,442.1017303466797,423.69807189941406,69.1022377523542,0.00763034227636239,5.827869972760766,0.05840061126980716,1
2023-12-08 00:00:00-05:00,443.4102939900714,446.5992584533756,443.167972091833,446.066162109375,83194400,442.5766845703125,424.31221374511716,71.05150090650272,0.004299193527608214,5.832838072846414,0.04686790003379018,1
2023-12-11 00:00:00-05:00,445.57182828523526,447.97567223110514,445.3585838256798,447.8011779785156,65002200,443.30462036132815,424.9812170410156,68.69866811269253,0.003889593106403799,5.908665194123046,0.041961679547322876,1
2023-12-12 00:00:00-05:00,447.45214192596393,449.9432176139037,446.45377709893216,449.8462829589844,68327600,444.1934509277344,425.6944183349609,74.85081247597827,0.004566993302029365,6.063880969130764,0.03496336905457484,1
2023-12-13 00:00:00-05:00,450.2243768877482,456.3018289230582,449.8657452173365,456.0498046875,93278000,445.73365783691406,426.6425750732422,79.27387779598365,0.013790314521908043,6.611252543629462,0.0430145456384293,1
2023-12-14 00:00:00-05:00,457.98836917003774,459.1806035101216,454.8381846201909,457.513427734375,119026000,447.24672241210936,427.5604901123047,80.19521120382139,0.0032093491365003946,7.081519261934659,0.05010885643357568,0
2023-12-15 00:00:00-05:00,456.9158501916579,458.09346468799856,454.911024624647,456.7601318359375,141553700,448.42274780273436,428.4664416503906,80.31950476533449,-0.0016465000867140756,7.309168792789194,0.054085052292629394,1
2023-12-18 00:00:00-05:00,458.3659614924249,460.3123963762856,457.3051580447496,459.3294372558594,70375300,450.08930053710935,429.3260754394531,81.77155571881246,0.005625064975777638,7.609190153392149,0.058896805978595215,1
2023-12-19 00:00:00-05:00,459.8744287176748,462.2004326198957,459.796584391768,462.12255859375,55761800,452.04388732910155,430.1882598876953,84.20136846883715,0.006080867262889589,7.9803483044269115,0.06600335836782475,0
2023-12-20 00:00:00-05:00,461.2661017714052,463.1541458673366,455.2905624937439,455.7187805175781,102921000,453.53644104003905,430.8787512207031,68.48964988499873,-0.013857315461203057,7.669354891845785,0.06617396764968698,1
2023-12-21 00:00:00-05:00,458.7065536605437,460.3123861642949,456.28325178797456,460.0398864746094,86667500,455.12476501464846,431.62115783691405,69.91134996763802,0.00948195716692557,7.683002637628363,0.06886680395525771,1
2023-12-22 00:00:00-05:00,461.16881437336167,462.6481239304471,459.0666907821436,460.9644470214844,67160400,456.6145935058594,432.4336218261719,75.16851140841122,0.0020097399683320916,7.679893848033487,0.07110031843222005,1
2023-12-26 00:00:00-05:00,461.373187704544,463.8159432234597,461.2953136791012,462.9108581542969,55387000,458.1255615234375,433.32688781738284,76.60480931709358,0.004222475606067366,7.745207293013607,0.07293781367012991,1
2023-12-27 00:00:00-05:00,462.7064835048319,463.8938099220547,462.1712258143802,463.7478332519531,68000300,459.5157165527344,434.1488818359375,80.79603872187039,0.0018080697026494619,7.774881569172749,0.07412095228639501,1
2023-12-28 00:00:00-05:00,464.1079178321579,464.7599568571368,463.5045277970175,463.9230041503906,77158100,460.30303649902345,434.97476684570313,78.99950749944034,0.0003777287695538867,7.723501753854578,0.07373509395585826,0
2023-12-29 00:00:00-05:00,463.7283148554509,464.2538605283432,460.6237492048473,462.5799255371094,122283100,460.8096862792969,435.8864208984375,74.63706156226297,-0.0028950463789587655,7.488089624510508,0.0723931887818359,0
2024-01-02 00:00:00-05:00,459.5143439023402,460.9839117212058,457.8890577311239,459.9912109375,123623700,461.13279418945314,436.8195788574219,67.7346884953599,-0.005596253656281247,7.011808419790441,0.07064456823969617,0
2024-01-03 00:00:00-05:00,457.8306496986943,458.5703044192496,455.6311985932203,456.2345886230469,103585900,460.82330932617185,437.7791864013672,58.8531490062136,-0.008166726287654136,6.2590734061669195,0.06596451005907802,0
2024-01-04 00:00:00-05:00,455.75768568069975,458.3464474670466,454.54116395968543,454.7650146484375,84232200,460.0875549316406,438.7235546875,47.95058824445734,-0.0032210928571738684,5.480764307419861,0.06033197874428211,1
2024-01-05 00:00:00-05:00,454.9694028721213,457.8404061456365,453.9377947813522,455.3879089355469,86118900,460.0544677734375,439.6189276123047,46.51606932946502,0.001369705819588951,4.858208696747283,0.05143802187534494,1
2024-01-08 00:00:00-05:00,455.884242835596,462.0349842457667,455.7577198150965,461.8890075683594,74879100,460.2393798828125,440.76218688964843,57.07384089319222,0.01427595793662717,4.833693408988893,0.04510602181176666,0
2024-01-09 00:00:00-05:00,459.232147251748,462.21019049238487,458.7260848325078,461.1883239746094,65931400,460.261767578125,441.98836181640627,52.70314408247891,-0.001516995603421667,4.703506461995971,0.038608920394866304,1
2024-01-10 00:00:00-05:00,461.4607928330298,464.66268658164086,461.1785514545196,463.7965087890625,67310600,460.35033264160154,443.30295227050783,52.447377720349664,0.005655357429640295,4.75596725553919,0.033124654920934166,0
2024-01-11 00:00:00-05:00,464.7989126874992,465.3147167416708,459.6116768106503,463.5921325683594,77940700,460.3347625732422,444.5182696533203,64.05983306557266,-0.00044065924781699906,4.72656644363758,0.027940899171496683,1
2024-01-12 00:00:00-05:00,465.0421742136072,465.7818289024957,462.5020911902973,463.9132385253906,58026400,460.3337860107422,445.6894140625,58.069668139173515,0.0006926475547639477,4.675282904462051,0.027759530979119675,0
2024-01-16 00:00:00-05:00,462.531322425016,463.8451421871986,460.39023221216354,462.2101440429688,85014900,460.29680786132815,446.74003540039064,52.51371740000628,-0.003671148699777027,4.445964527257047,0.027356862660392774,0
2024-01-17 00:00:00-05:00,459.1834252725011,460.1274473065962,457.28563952656407,459.6408386230469,68843900,460.2617706298828,447.5822454833984,43.563176409526925,-0.005558738710163547,4.01067403267524,0.026315416087983583,1
2024-01-18 00:00:00-05:00,461.3147724636552,464.2830735453687,459.7673604180853,463.7283325195313,91856200,461.0111450195312,448.4300201416016,49.96596896838586,0.008892799666647022,3.949996673589453,0.026776968803481238,1
2024-01-19 00:00:00-05:00,464.8572992191645,469.7915187143468,463.7770421286305,469.50927734375,110834500,462.4855712890625,449.3740283203125,58.15343609442523,0.01246623166803218,4.318601216709567,0.03148762115189422,1
2024-01-22 00:00:00-05:00,471.0469830334159,472.2245678207362,469.8499148891261,470.5019836425781,75844900,463.9969787597656,450.3138525390625,61.682108404781744,0.002114348633203589,4.637369367303279,0.03402818054028579,1
2024-01-23 00:00:00-05:00,471.0469649925702,472.1174803762762,469.956966252641,471.8741760253906,49945300,464.99549560546876,451.27491638183596,68.17507549979229,0.002916443353095266,4.943731619903872,0.03864621947721316,1
2024-01-24 00:00:00-05:00,474.74521482696895,475.679495288325,471.89369474893255,472.3900451660156,81765000,466.11566772460935,452.3124029541016,77.4290623231869,0.001093234524868869,5.168572158146162,0.04275939139419638,1
2024-01-25 00:00:00-05:00,474.52136032734217,475.2318197715896,472.39004139508,474.9593200683594,72525000,467.23194885253906,453.27003356933596,83.05207499822684,0.005438884516376419,5.490784570253481,0.04834563204893039,0
2024-01-26 00:00:00-05:00,474.5310679998513,476.02008943226616,473.5092016110277,474.35589599609375,76641600,468.3083251953125,454.22373779296873,81.06475516269009,-0.0012704752739219893,5.632520755510029,0.05240171568808508,1
2024-01-29 00:00:00-05:00,474.66734997690736,478.2585246858996,474.1223505896568,478.1125183105469,61322800,469.72825317382814,455.0870202636719,79.19443626794133,0.007919417353429603,5.979052928524823,0.05863754719867188,0
2024-01-30 00:00:00-05:00,477.421527922976,478.4531359964777,476.983568210537,477.7427062988281,58618400,471.28150939941406,455.9244891357422,80.14886186037309,-0.0007734832232075828,6.152914465666925,0.0631381292290849,0
2024-01-31 00:00:00-05:00,475.5334936248827,475.98116532447904,469.9277517507619,469.9472351074219,126011100,472.31214904785156,456.59538696289064,59.421579782405246,-0.016317300271938007,5.59715113658433,0.06241382778875318,1
2024-02-01 00:00:00-05:00,471.6503810358882,476.1271872790658,470.8425939142762,476.0979919433594,91891600,473.5491149902344,457.3784436035156,66.20430636464434,0.01308818602695161,5.588597493741588,0.061517257407974334,1
2024-02-02 00:00:00-05:00,476.5358823208617,482.7644675885541,476.195250299141,481.1100158691406,99228200,474.7091888427734,458.19447265625,69.86734980249139,0.010527294822906041,5.918027773414451,0.06134228746951096,0
2024-02-05 00:00:00-05:00,480.4774390948485,481.13921979443177,477.1003735510861,479.3582153320313,75757100,475.5948120117188,458.9946575927734,69.78880967373405,-0.003641164139858155,5.968941735743044,0.058396407827262485,1
2024-02-06 00:00:00-05:00,480.30226806860526,481.08085985334736,478.8716372206463,480.7499694824219,55918600,476.4823913574219,459.78875244140625,75.0404003544806,0.0029033697679021753,6.0518325873335925,0.059559262178305046,1
2024-02-07 00:00:00-05:00,482.9980918458816,485.1780894084532,482.0929770540646,484.7596130371094,70556500,477.71934814453124,460.6576123046875,74.99421525070272,0.008340392738878988,6.36766641459667,0.06183021588165656,1
2024-02-08 00:00:00-05:00,484.7596458434101,485.35329426615607,483.9421467021212,484.9737548828125,52343600,478.7207916259766,461.54665100097657,71.18102811207385,0.0004417485284333722,6.559631111230942,0.06414745291640303,1
2024-02-09 00:00:00-05:00,485.4797722645157,488.2145108276318,485.1391402288461,487.7765808105469,63979400,480.0628601074219,462.48302307128904,72.54250409788415,0.00577933527230079,6.858864424923468,0.06689514106241906,0
2024-02-12 00:00:00-05:00,487.7474136957695,490.01499733828587,486.8422988742829,487.5625,56502300,481.0078582763672,463.421318359375,71.11057452629285,-0.0004388911214047164,6.99806511116401,0.06798616644644012,0
2024-02-13 00:00:00-05:00,481.2852192494293,483.776653518952,477.5772631803255,480.8472595214844,113099200,481.3183135986328,464.19060791015625,59.753026286708575,-0.013773086483303443,6.491686748979021,0.06331166586284478,1
2024-02-14 00:00:00-05:00,483.4846846988759,485.703619202311,481.1586808363787,485.2170104980469,68387800,482.8452911376953,464.9949505615234,61.35771999491798,0.009087607114390162,6.369556352246661,0.055991901395412096,1
2024-02-15 00:00:00-05:00,485.9177581862181,488.7498245837148,485.4408614304675,488.5649108886719,61683000,484.09198303222655,465.9129705810547,64.8313920263601,0.00689980012693403,6.468351584232835,0.052385887362600685,0
2024-02-16 00:00:00-05:00,488.2631537811176,489.401801442436,485.3921507337757,486.1318054199219,75532900,484.5941619873047,466.78407287597656,58.60839244226807,-0.0049801068691657235,6.277947964102509,0.050621373970226535,0
2024-02-20 00:00:00-05:00,484.3897857981468,485.0613082082836,481.20737545898015,483.45550537109375,71736700,485.00389099121094,467.6373181152344,55.84312457354184,-0.00550529716218906,5.843733751112666,0.047667685179641976,1
2024-02-21 00:00:00-05:00,482.1513643847193,484.0491204434422,480.3411646253707,483.8934020996094,59293400,485.3182342529297,468.43205322265624,66.79159648550377,0.0009057642816157063,5.47187410673024,0.045042139642846556,1
2024-02-22 00:00:00-05:00,490.51131764803023,494.8713126484984,489.547812213356,493.9078369140625,76402500,486.233056640625,469.38888671875,69.61829915777462,0.020695539081542647,5.91704583371768,0.04781866550290328,1
2024-02-23 00:00:00-05:00,495.6304262293698,496.4674086571224,493.51856105397593,494.24847412109375,61321800,487.1605285644531,470.31783264160157,66.1328774628138,0.0006896776717688624,6.2255697180013385,0.05075770128912506,0
2024-02-26 00:00:00-05:00,494.6863927584272,495.1243524687159,492.3117399253592,492.4382629394531,50386700,487.62669677734374,471.16967224121095,66.03814816671913,-0.0036625528988423195,6.251939735722317,0.05066845242406726,1
2024-02-27 00:00:00-05:00,493.1292673855463,493.57693907250416,491.2314815795864,493.3530883789063,48854500,488.20575561523435,471.9157379150391,65.63623793430634,0.0018577464594087267,6.274330357474582,0.05219137967011498,0
2024-02-28 00:00:00-05:00,491.7959350516518,493.2849564837583,491.4358493661455,492.7010498046875,56506600,489.39113464355466,472.61949035644534,60.748115956155836,-0.001321646888562733,6.168356053981313,0.05235778250658539,1
2024-02-29 00:00:00-05:00,494.4625780610965,496.0878345083775,491.815425510208,494.4722900390625,83924800,490.31666259765626,473.3737335205078,62.335603495288424,0.0035949593269126723,6.156328614909853,0.04551814248117038,1
2024-03-01 00:00:00-05:00,495.3482457768837,499.54278105732834,494.939481365433,499.1145629882813,76844800,491.3716278076172,474.16943603515625,64.05304953100142,0.009388337916472755,6.447071584635978,0.04621090505704527,0
2024-03-04 00:00:00-05:00,498.316586851918,500.4284522024736,498.28736181458015,498.5793151855469,49799300,492.6163787841797,474.8985711669922,63.547118208503036,-0.001072394681352895,6.558692928965172,0.04831549888577919,0
2024-03-05 00:00:00-05:00,496.5744479650044,497.0221493633574,491.3872121731412,493.5964050292969,72855600,493.63046875,475.65612365722654,66.37496491896468,-0.009994217578793041,6.173905503323226,0.045594129388225116,1
2024-03-06 00:00:00-05:00,496.8761572948693,498.3554668272533,494.8032290742474,496.09759521484375,68382400,494.85088806152345,476.37727783203127,64.67960431130379,0.005067277962444772,6.0016011190796235,0.04398725487631522,1
2024-03-07 00:00:00-05:00,499.39677730974256,502.0731250869525,496.155946823752,501.0220336914063,58652100,495.5623077392579,477.17842956542967,66.12082154798111,0.009926350226370229,6.191043190875689,0.04691715133960166,0
2024-03-08 00:00:00-05:00,501.6546542384204,504.340684322384,497.4406063327474,498.0148010253906,86532500,495.9389404296876,477.88050842285156,65.15267787513355,-0.006002196438067098,6.029020063616315,0.04711664640886664,0
2024-03-11 00:00:00-04:00,496.8080772887865,498.17057584105015,494.8810959575729,497.5866394042969,62557200,496.45377807617194,478.5572845458984,69.11537778805211,-0.000859736739173611,5.7992167427007075,0.04770808719750217,1
2024-03-12 00:00:00-04:00,499.6985003866654,503.5232377514132,497.1778411114309,502.9393310546875,73114400,497.4124023437501,479.33761108398437,72.74003219546374,0.010757305816729401,5.9800788110435406,0.05069859375698768,0
2024-03-13 00:00:00-04:00,503.26039141885445,503.43556340746846,500.7105668060212,502.1509094238281,55104100,498.35738830566413,480.12903076171875,62.622800663597786,-0.0015676277081094758,5.990736782228851,0.04783538991327975,0
2024-03-14 00:00:00-04:00,503.1241533654222,503.2799014083024,498.1121195690471,501.1582946777344,110171800,499.02598876953135,480.95237243652343,60.37401641544989,-0.0019767259751309885,5.851633597204398,0.04649510352912822,0
2024-03-15 00:00:00-04:00,498.08804798108406,499.5426677263287,496.0477073102581,497.7170715332031,107646300,498.88623962402346,481.7820220947266,57.55529232118547,-0.0068665393371252215,5.401450809975245,0.04524592073324624,1
2024-03-18 00:00:00-04:00,501.7880086848296,503.2328266854258,500.26507469946,500.6750793457031,88893300,499.09581604003904,482.7002233886719,59.90055171104686,0.005943151203128272,5.22315493824334,0.042814478794354724,1
2024-03-19 00:00:00-04:00,499.982041601448,503.74054704284674,498.9764843892814,503.45745849609375,60755300,500.08192138671876,483.6616143798828,63.75217324805765,0.0055572551244744695,5.245897478789402,0.037815573206468577,1
2024-03-20 00:00:00-04:00,503.5159556369905,508.2507017437704,502.8423468084039,508.114013671875,69594600,501.2835632324219,484.58611450195315,66.24272004116156,0.009249153224765161,5.575396492056939,0.03439940552930372,1
2024-03-21 00:00:00-04:00,510.9549118204902,511.6577769054798,509.5100342818405,509.7931823730469,60256100,502.1606781005859,485.5582116699219,63.679929441734174,0.0033047085024036083,5.90396448725113,0.03928849485448791,0
2024-03-22 00:00:00-04:00,509.7053025616341,510.19342318455074,508.5923732409752,508.8267211914063,79070800,503.2418701171875,486.45881591796876,62.984069731562,-0.0018957907148576814,6.0170112896541355,0.04202960159841506,0
2024-03-25 00:00:00-04:00,507.45018520809214,508.57288646937474,507.2646969888812,507.4209289550781,48512100,504.2252990722656,487.3353918457031,69.26261504365317,-0.0027628113418189937,5.924867822090107,0.04192416683377907,0
2024-03-26 00:00:00-04:00,508.8462213354942,509.1879415331935,506.0835014250274,506.4837341308594,65463700,504.5797393798828,488.1868017578125,65.1311700333182,-0.0018469770770959126,5.710393805148271,0.04107316463956934,1
2024-03-27 00:00:00-04:00,509.31483823022427,510.7792000886694,507.1475516955064,510.7401123046875,82999800,505.43865966796875,489.1574011230469,64.43895900855874,0.008403780589582466,5.816823033033131,0.04139972841230789,0
2024-03-28 00:00:00-04:00,510.7792356908129,512.1459377696011,510.3594590790039,510.6425476074219,96294900,506.3870849609375,490.17743530273435,70.5378538655951,-0.00019102611076571296,5.826136235348713,0.0416644240174077,0
2024-04-01 00:00:00-04:00,511.3844550945346,511.9213758486725,508.5923599199536,509.7540893554688,62477500,507.5907867431641,491.09795043945314,69.49729915292293,-0.0017398829300767638,5.696164026347844,0.04284494233284086,0
2024-04-02 00:00:00-04:00,505.9272505110376,506.6496594947848,504.2090563956192,506.5130310058594,74230300,508.17458190917966,491.8380255126953,56.1422188839806,-0.00635808209740385,5.270874432702044,0.042259647763428054,1
2024-04-03 00:00:00-04:00,505.41951660317136,508.5728158921583,505.3707164648958,507.0693664550781,59155800,508.5357727050781,492.56937316894533,58.521473936666325,0.001098363546765846,4.921983425849305,0.03816311129098117,0
2024-04-04 00:00:00-04:00,511.081829234757,511.4234898322039,500.57746403679687,500.8800964355469,96858100,507.8123809814453,493.1494915771484,49.591555833546906,-0.012205963185669133,4.098813849966859,0.03559649880779525,1
2024-04-05 00:00:00-04:00,502.237113148865,508.0750169684766,501.7977926534172,506.1127624511719,74546500,507.4443389892578,493.8239459228516,61.710356499501124,0.010446943395959751,3.824590943043688,0.03505080268697911,1
2024-04-08 00:00:00-04:00,506.8156491443553,507.8211466086966,505.5855756833857,506.3958129882813,48401800,507.2012481689453,494.45267578125,58.622748486418075,0.0005592637809379575,3.5887383842488134,0.03273084441526375,1
2024-04-09 00:00:00-04:00,508.1335553906493,508.3776156958321,502.12964804913753,506.9815979003906,68049200,507.1573150634766,495.1051898193359,55.688547831407085,0.0011567728189783022,3.409785593176082,0.02954707320426828,0
2024-04-10 00:00:00-04:00,501.2803426609476,503.8966620851597,499.92341259541246,501.9051513671875,82652800,506.6994567871094,495.58104248046874,40.1119004016439,-0.010013078490869631,2.825763761702035,0.029921608749172587,1
2024-04-11 00:00:00-04:00,503.4280454371211,507.1377500106354,499.9136010169566,505.6929321289063,70099000,506.1947387695312,496.1400469970704,43.880998335864085,0.007546805908249521,2.6381535127731013,0.02919864920675764,0
2024-04-12 00:00:00-04:00,502.1491879340928,503.56474960986543,496.9848635757255,498.71282958984375,92561100,505.00176696777345,496.71535888671883,37.20339912365377,-0.013803045475991094,1.9042837019460421,0.030768637348863315,0
2024-04-15 00:00:00-04:00,502.8911540643935,503.0570983911642,491.6155498817616,492.46490478515625,92101400,503.27284851074216,497.04269714355473,33.142449481937504,-0.012528101211725318,0.8092032822409578,0.03619816773657221,0
2024-04-16 00:00:00-04:00,492.94324564322153,494.4661795680653,490.27809637848605,491.5667419433594,73484000,501.77821960449216,497.25183166503916,33.17163690947528,-0.001823810860570263,-0.12963571524664985,0.04311726810129166,0
2024-04-17 00:00:00-04:00,494.0268584590965,494.1928325755386,487.26151394107353,488.6575317382813,75910300,499.9370361328125,497.4378179931641,24.30693540392265,-0.005918240509064532,-1.0957897528259082,0.05198715197841531,0
2024-04-18 00:00:00-04:00,490.0535829309475,492.1524956151033,486.71482481856754,487.6520080566406,74548100,498.6142272949219,497.5758587646485,23.80399994992767,-0.002057726764312373,-1.9204731272103004,0.05923434176475006,0
2024-04-19 00:00:00-04:00,487.57394131853926,488.5696966866847,482.1264983587833,483.3956298828125,102212600,496.34251403808594,497.54857910156255,22.107270141408762,-0.008728310564720898,-2.8842469856548405,0.06766774393316706,1
2024-04-22 00:00:00-04:00,486.0021797330471,490.4440953998328,483.65920663681294,487.8472900390625,67961000,494.48766174316404,497.6060498046876,30.74120231972482,0.009209144396545632,-3.251353363873193,0.07088863802848305,1
2024-04-23 00:00:00-04:00,489.85833417865257,494.0659315908711,487.6617913619136,493.6363830566406,64633600,493.15314025878905,497.72324584960944,37.490948690870965,0.011866608948703172,-3.0401118711733943,0.07096748597386397,0
2024-04-24 00:00:00-04:00,494.5247711017317,495.3155241402407,491.1762707245871,493.402099609375,55928100,492.30283508300784,497.84003784179697,42.16767959209377,-0.00047460733306348146,-2.858653405493328,0.07098909385647338,0
2024-04-25 00:00:00-04:00,487.3200821932215,492.28914639879576,485.6702321576898,491.5276794433594,69122400,490.8863098144531,498.05364624023446,33.56788916257179,-0.003798970793799983,-2.83343424014987,0.0691649577074208,1
2024-04-26 00:00:00-04:00,494.3197628446228,497.7658932650639,493.6852119906925,496.1843872070313,64306100,490.6334655761719,498.27299377441415,39.52749015056771,0.009473948179165692,-2.4099105227343784,0.06544747912017154,1
2024-04-29 00:00:00-04:00,497.9708754000778,498.6151981739951,495.19835393785416,497.9415893554688,46415400,491.18113403320314,498.4605273437501,40.94639225545705,0.0035414297461646704,-1.9104509086703274,0.06151865334297863,0
2024-04-30 00:00:00-04:00,496.4771812888498,497.45342240823055,490.0535278320313,490.0535278320313,77483600,491.0298126220703,498.5389617919923,38.76336028054428,-0.01584133900855267,-2.1266119489949347,0.060265933467477224,0
2024-05-01 00:00:00-04:00,489.4678686577356,496.11606953951656,487.9937347584278,488.46234130859375,80242800,491.0102935791016,498.63909851074226,32.95348326059181,-0.0032469647356215825,-2.3986662536945005,0.05841584322597811,1
2024-05-02 00:00:00-04:00,492.1720003799534,493.8706803453591,487.6812848525579,493.0310974121094,62550200,491.54820251464844,498.8218524169923,44.09733957187888,0.009353343578700324,-2.2200198089058745,0.05768287615164569,1
2024-05-03 00:00:00-04:00,499.01550940056416,500.3724693233871,496.4772760472205,499.1424255371094,72756700,493.1228820800781,498.9265441894532,56.95691405512268,0.01239542121598003,-1.5672419198673992,0.054421471884049645,1
2024-05-06 00:00:00-04:00,501.54389828336633,504.3359337135483,501.1045778423161,504.2969055175781,47264700,494.76784362792966,499.12751281738286,62.18237317122174,0.010326671740880755,-0.6267623568526801,0.05299849373937385,1
2024-05-07 00:00:00-04:00,505.2633981790086,506.2494113345479,504.1797847364997,504.8533935546875,52561300,495.88954467773436,499.3758154296876,66.22975966649082,0.0011034928650577314,0.16161540467300028,0.051417874049467745,1
2024-05-08 00:00:00-04:00,503.018083190491,505.439142457846,502.9009390056215,504.9022216796875,42047200,497.0395568847656,499.6067980957032,67.62424475985401,9.671743445394121e-05,0.7813436391484174,0.05314016228586562,1
2024-05-09 00:00:00-04:00,505.0876186308662,507.8503975923716,504.4335537860316,507.8113098144531,43643700,498.667919921875,499.9090032958985,75.65125833530509,0.005761686144077238,1.4900455129307488,0.05475366869666144,1
2024-05-10 00:00:00-04:00,509.4124711158648,510.2227680798631,507.2452440275092,508.4655456542969,52233200,499.8960357666016,500.1888684082032,73.53996071208812,0.0012883443657110139,2.0805054467030004,0.05971461935003927,1
2024-05-13 00:00:00-04:00,510.1446354052488,510.2520076444844,507.3916278750611,508.5338134765625,36716400,500.95525817871095,500.3772534179688,69.56412658996922,0.0001342624349851551,2.5248529083098106,0.06392025068944045,1
2024-05-14 00:00:00-04:00,508.72906418826113,511.3844713761404,508.19214341702855,510.8670349121094,57535900,503.03660888671874,500.6230078125001,71.73754999563184,0.004588134306342306,3.030341057893679,0.06843920161205048,1
2024-05-15 00:00:00-04:00,513.3369504006804,517.4859756907869,512.7023697575905,517.193115234375,59504900,505.90968627929686,501.09494201660164,78.75747912274132,0.012383027069566177,3.8964895648094284,0.07522543325488183,0
2024-05-16 00:00:00-04:00,517.2906967075278,518.8917465910545,515.9825072697596,516.1289672851562,50244800,508.21947326660154,501.4955694580079,74.30406183340314,-0.002057544692443347,4.445802210292243,0.07841212515082652,1
2024-05-17 00:00:00-04:00,516.2460410203236,516.9391936348987,514.7914513506761,516.870849609375,59187600,509.9923156738281,501.81254577636724,73.652083590722,0.0014373971841206146,4.88469244888114,0.07730348300073814,1
2024-05-20 00:00:00-04:00,516.988021010064,518.9307313200704,516.5975007250751,517.4663696289062,37764200,511.30926208496095,502.2015771484376,91.88554524734103,0.00115216406570684,5.220392182109947,0.07753333239094834,1
2024-05-21 00:00:00-04:00,516.7050565718225,518.8918276886369,516.5000244352296,518.735595703125,33437000,512.6974822998047,502.62455627441415,96.71574989592497,0.002452770167709506,5.525161948456457,0.08000255455015523,0
2024-05-22 00:00:00-04:00,518.0423461143242,518.7549830261315,515.0647631915122,517.2418212890625,48390000,513.9314422607422,502.9106060791016,91.27779864782882,-0.0028796450955669295,5.581815379675049,0.08023847877267294,0
2024-05-23 00:00:00-04:00,520.2975559093766,520.4049281460258,512.2532779910508,513.4638671875,57211200,514.4966979980469,503.1368652343751,76.52787466097163,-0.007304038355110509,5.261216283443275,0.0768179471677774,1
2024-05-24 00:00:00-04:00,515.3089561408403,517.6715030328614,514.3620306627067,516.8612060546875,41291100,515.3362640380859,503.45092346191416,74.89355269761226,0.0066165101077051425,5.221090561744518,0.0761516984523964,1
2024-05-28 00:00:00-04:00,517.6714434796838,517.9057318355667,514.5864879004678,517.2223510742188,36269600,516.2051177978516,503.8410290527344,74.69769686569965,0.0006987272701077796,5.158962712265122,0.07557982954496546,0
2024-05-29 00:00:00-04:00,513.1905202395113,514.7817983278129,512.8878878194378,513.6005249023438,45190300,516.478466796875,504.09953796386725,65.19953840279689,-0.007002454871396835,4.7625748425546135,0.06756819579090027,0
2024-05-30 00:00:00-04:00,512.0580132889513,512.721850102888,508.9438017208339,510.193359375,46377600,515.7784912109375,504.23425598144536,54.09121166536505,-0.006633882486766551,4.125943508348769,0.05483715604178428,1
2024-05-31 00:00:00-04:00,511.1501711708498,514.9672481577884,506.0443890267406,514.84033203125,90785800,515.6496276855469,504.36878234863286,59.62827108813028,0.00910825782198077,3.9508376491893387,0.04415493372168054,1
2024-06-03 00:00:00-04:00,516.4511771729021,516.7342656913833,510.1836653006741,515.2601318359375,46835700,515.4885559082031,504.4781213378907,60.05246796462244,0.000815398053666927,3.802110961627079,0.037592587030302646,1
2024-06-04 00:00:00-04:00,513.9520429838191,516.578134600827,512.4876809576447,515.836181640625,34632700,515.325537109375,504.6183105468751,57.83804703723565,0.0011179786074948517,3.6882109946900528,0.034518572421026766,1
2024-06-05 00:00:00-04:00,518.1596136281009,521.9864628385163,516.1680432425981,521.9669189453125,47610400,515.6486694335938,504.90923034667975,57.576614731262374,0.011885047080622657,4.046003899661059,0.03392694778742759,0
2024-06-06 00:00:00-04:00,522.2694966184689,522.6990451286446,520.0241537818829,521.9570922851562,30808500,516.1201965332032,505.2186975097657,59.570237331622835,-1.8826212542566445e-05,4.2794337765385535,0.03194609756813413,0
2024-06-07 00:00:00-04:00,520.9808506310355,524.1341502130953,519.8874652579173,521.3225708007812,43224500,516.9060668945312,505.43034667968755,57.335940344503655,-0.0012156583247044939,4.362934857657251,0.030817444499903843,1
2024-06-10 00:00:00-04:00,520.5122296802525,523.2554648254413,519.9167369014993,522.9332885742188,35686100,517.5132751464844,505.6761614990235,58.717207067974165,0.003089675881409404,4.507126183962782,0.030229623966561033,1
2024-06-11 00:00:00-04:00,521.3811694677967,524.2513211148034,519.4091430834137,524.1927490234375,36383400,518.2103149414063,505.9649346923829,58.704346234574395,0.002408453385426501,4.66920311437957,0.02943481772327093,1
2024-06-12 00:00:00-04:00,528.7615289974312,531.1923600659605,527.4631115100716,528.4979248046875,63251300,519.7000549316406,506.40463256835943,66.47619251826123,0.008212963245429306,5.0864089983742815,0.032992075781573295,1
2024-06-13 00:00:00-04:00,530.2455146530901,530.4212309464041,526.770097820224,529.5621337890625,44760900,521.6369323730469,506.85448791503916,75.59754189683886,0.0020136483691364226,5.440209094293209,0.03835879631532115,1
2024-06-14 00:00:00-04:00,528.0294558754849,529.9135946368305,527.0238986275654,529.8843383789062,40089900,523.1413330078125,507.4345727539063,72.95244733881083,0.0006084358553704039,5.681109147045618,0.04251056286163383,1
2024-06-17 00:00:00-04:00,529.2008719569648,535.4976399183048,528.7420075865693,534.1015625,55839500,525.0254760742188,507.9943487548829,76.18889787476633,0.007958763480339304,6.141523259038195,0.04907149399952607,1
2024-06-18 00:00:00-04:00,534.1600786870761,535.5854122094039,533.7403021449248,535.45849609375,41376400,526.9877075195312,508.5756024169922,86.47737435345837,0.0025405909456592823,6.540503111992052,0.05515298467102371,0
2024-06-20 00:00:00-04:00,536.385998334327,537.0498352385172,532.2272010481894,534.0039672851562,70328200,528.1914123535156,509.1160498046875,92.50624878783323,-0.00271641746130602,6.662527728726332,0.059068248729506154,0
2024-06-21 00:00:00-04:00,533.1803062748603,534.4045446160707,531.828742363983,533.2880249023438,64338600,529.3245056152343,509.74370727539065,88.30925540517589,-0.0013407061120768171,6.62509260612876,0.06139634045966854,0
2024-06-24 00:00:00-04:00,533.1117619254674,535.6777608035513,531.4369822915095,531.5545043945312,45528700,530.3476989746093,510.2609387207031,82.08683988490579,-0.0032506271036742973,6.381976927047276,0.06068404708598004,1
2024-06-25 00:00:00-04:00,532.7786650161994,533.9637491221667,531.2606215926918,533.6013793945312,37936200,531.4145080566407,510.9587097167969,83.06767703161745,0.003850733994496869,6.282056073897479,0.061582176050544286,1
2024-06-26 00:00:00-04:00,532.4849577215607,534.9823921713983,531.8385861304241,534.2674560546875,38550600,532.4219787597656,511.7947607421875,78.74331093184853,0.001248266376132845,6.185314443050061,0.062201301997634226,1
2024-06-27 00:00:00-04:00,534.1304113442721,535.6876691801702,533.3860646945234,535.1098022460938,35041500,533.0831665039062,512.6656219482422,79.58359417042821,0.0015766376593973064,6.106227511722864,0.06047535509714232,0
2024-06-28 00:00:00-04:00,535.883439640916,538.9391939081404,531.76024266257,533.0040283203125,76144500,533.4273559570313,513.5525518798828,74.64339701841537,-0.003935218373766203,5.806696212339034,0.05386170991292785,1
2024-07-01 00:00:00-04:00,534.3849539324244,534.6298016081159,531.3390631933655,534.1009521484375,40297800,533.8490173339844,514.4815307617188,74.08153219671544,0.002058002885234833,5.5933514117907634,0.04978987804934971,1
2024-07-02 00:00:00-04:00,532.4946896868087,537.6952514648438,532.4457321114778,537.6952514648438,40434800,534.2083862304687,515.5675231933594,76.4526381491942,0.006729625367541514,5.64918376239325,0.0460565912275896,1
2024-07-03 00:00:00-04:00,537.381917105902,540.457218430894,537.3427629954197,540.0948486328125,32789900,534.672021484375,516.6124743652343,74.55263457144925,0.004462745693646131,5.819969751194435,0.042239146016194974,1
2024-07-05 00:00:00-04:00,540.3983822148235,543.6107523683424,539.7617544001083,543.209228515625,41488400,535.5925476074219,517.6039312744141,76.58529161375624,0.005766357317971371,6.135892556420345,0.04395693417742718,1
2024-07-08 00:00:00-04:00,543.9927357696513,544.7860397915607,542.7684974779849,543.8360595703125,36110500,536.6473510742187,518.6126104736328,76.85993142395179,0.0011539403636429135,6.363489339163152,0.044538176022069116,1
2024-07-09 00:00:00-04:00,544.795863484972,545.6968861634513,544.0711239537649,544.3649291992188,27289700,537.9283935546875,519.66935546875,73.02969461738837,0.0009724798854346961,6.51147654003762,0.04332901275004074,1
2024-07-10 00:00:00-04:00,545.5891764995068,550.0943497431794,545.2953712492263,549.7515869140625,38701200,539.5434143066407,520.7406994628906,77.1601415893075,0.009895306302644569,6.982920956265389,0.04593083682771985,0
2024-07-11 00:00:00-04:00,549.8690906630567,550.7407626908513,544.3747234457534,545.0112915039062,53054200,540.6177978515625,521.6820935058594,68.59446529467563,-0.008622613418480696,6.894565569237443,0.04394597751756869,1
2024-07-12 00:00:00-04:00,546.1376877405125,552.0531865568831,545.667599292853,548.4490356445312,53084400,541.9517211914062,522.8500036621094,73.45439575173643,0.00630765672971445,7.021006715185877,0.0457523955088583,1
2024-07-15 00:00:00-04:00,550.4469707289841,553.1990561394715,548.0964091939553,549.957275390625,40584300,543.6470458984375,524.07990234375,78.66929863096018,0.0027500089307683773,7.160374239874386,0.04785960543043083,1
2024-07-16 00:00:00-04:00,551.2695891404957,553.5123721227574,550.5154392403327,553.2185668945312,36475300,545.5588073730469,525.2836517333984,79.44698940887602,0.00593008157149999,7.448125620043129,0.051074725575821135,0
2024-07-17 00:00:00-04:00,547.2834441243654,548.9582235359038,545.1385763631698,545.4617919921875,57119000,546.3354614257812,526.2100390625,63.85436778796036,-0.014021176017077752,6.969918867338265,0.05088837486644133,0
2024-07-18 00:00:00-04:00,546.9995524787638,547.988746727991,539.0860582622142,541.2700805664062,56270400,546.4529846191406,526.9495025634766,57.04041630045062,-0.007684702186878889,6.181444644019052,0.05018045023008704,0
2024-07-19 00:00:00-04:00,541.0349619096787,542.6607838512468,536.6179005483158,537.6756591796875,65509100,545.8996276855469,527.6059478759765,55.16338811085026,-0.006640716928150603,5.206515900950649,0.04913806965064039,1
2024-07-22 00:00:00-04:00,541.6030975244146,543.8263337080781,539.6639229224022,543.2191162109375,43346700,545.8379333496093,528.3722857666015,59.17605204709397,0.010310039029305162,4.825562422111375,0.047472432274823666,0
2024-07-23 00:00:00-04:00,543.111291105197,545.2659625762393,541.8773090500791,542.3670043945312,34439600,545.6381408691407,529.0633996582031,54.97605005304875,-0.0015686337077934764,4.404127700662343,0.04434769710425067,0
2024-07-24 00:00:00-04:00,537.5483785668235,537.8519873002513,529.1549928867055,530.0756225585938,74515300,543.6705444335937,529.495601196289,41.18556097644793,-0.02266248082266531,3.0432452202993545,0.04655672677413635,0
2024-07-25 00:00:00-04:00,530.1930703849662,536.1771923025162,526.373482961852,527.3136596679688,61158300,541.90078125,529.8711981201172,35.92857984194892,-0.005210507280628107,1.722018371528634,0.050948701456391084,1
2024-07-26 00:00:00-04:00,531.1040855758291,535.9128682273114,530.3303285661854,533.2195434570312,53763800,540.37783203125,530.3182482910156,41.40513435762223,0.011199944626470115,1.13836962279845,0.051703838142033116,1
2024-07-29 00:00:00-04:00,534.7668786438925,535.775619885458,531.534841817287,533.5328369140625,39515800,538.7353881835937,530.6450427246094,41.19989249839095,0.0005875505893877531,0.6931141595645158,0.051468183986990275,0
2024-07-30 00:00:00-04:00,535.0019870020752,536.059745722708,527.4215123549488,530.8297729492188,46853600,536.4965087890625,530.9390588378906,33.926869758987294,-0.00506634976860687,0.12073951556669726,0.05304029714531371,1
2024-07-31 00:00:00-04:00,537.665950025587,542.0928156342903,536.2948387521341,539.458251953125,65663400,535.8961547851562,531.3908068847657,45.575254378738116,0.01625470055299938,0.35923360943490934,0.05279257263248167,0
2024-08-01 00:00:00-04:00,541.1818806021787,543.4344670666311,528.3126735436618,531.8189086914062,76428700,534.9510375976563,531.6778576660156,37.58045165972002,-0.014161138946452767,-0.06741217390447218,0.05502195109242876,0
2024-08-02 00:00:00-04:00,524.7086595069954,525.9230946235249,517.7059908635142,521.9174194335938,82789100,533.3752136230469,531.741494140625,31.392275245514796,-0.01861815948247514,-1.1907729743074924,0.06305580959740792,0
2024-08-05 00:00:00-04:00,501.0954096971676,512.7893355901078,499.7536194987989,506.7171020507813,146267400,529.7250122070312,531.5309997558594,23.36188233188072,-0.029123989383815663,-3.2698898259666294,0.08310961861787661,1
2024-08-06 00:00:00-04:00,508.5191877541787,518.8322000557341,507.1970342793821,511.3888549804688,84826300,526.627197265625,531.4894995117188,29.766344740998818,0.009219647236653472,-4.488888381155107,0.0932964380211944,0
2024-08-07 00:00:00-04:00,517.5786158200011,520.6343700428232,507.3733806496258,507.9707946777344,70698300,524.416714477539,531.3116912841797,30.04238622716487,-0.006683877189433418,-5.665454585225575,0.10153238338745316,1
2024-08-08 00:00:00-04:00,513.1125407389065,520.3404486814812,511.08525465156777,519.7136840820312,63276600,523.6567169189453,531.3615179443359,40.19258967967261,0.023117253053390074,-5.585947418439787,0.10254385561119647,1
2024-08-09 00:00:00-04:00,518.8909769209239,523.4941251002426,517.6667385635127,522.0054321289062,45619600,522.5353057861328,531.5296160888672,37.99068320406008,0.00440963576112674,-5.277180450199353,0.10038577936836172,1
2024-08-12 00:00:00-04:00,523.2004149594696,524.6890484241525,520.0075911785743,522.27978515625,42542100,521.4100006103515,531.7713446044922,38.55351078674288,0.0005255750428205808,-4.953244487713619,0.096134113810783,1
2024-08-13 00:00:00-04:00,525.4725645280489,531.1040615199245,525.2277168327499,530.8689575195312,52333100,521.4139190673828,532.0919171142579,50.4719882696499,0.01644553859328801,-3.9578251321401012,0.08715036607396363,1
2024-08-14 00:00:00-04:00,531.6621646835201,533.7287242856177,528.9884474672805,532.5436401367188,42446900,520.7224578857422,532.4375872802734,53.15231762741819,0.00315460641174492,-2.9992418370046607,0.08249475499197415,1
2024-08-15 00:00:00-04:00,538.1751381862979,541.9555715802455,537.567920792545,541.6715698242188,60846800,521.7077239990234,532.9542950439453,54.90390015843707,0.01714024729533259,-1.4858817094825554,0.082684500957263,1
2024-08-16 00:00:00-04:00,540.0555332245729,543.581375155023,539.8988570348282,542.885986328125,44430700,523.8045806884766,533.3726763916015,55.37057688439112,0.0022419794051593556,-0.18639104277065144,0.08486020799409845,1
2024-08-19 00:00:00-04:00,543.2973511166235,548.0767822265625,542.4452860411917,548.0767822265625,39121800,527.9405487060546,533.8950701904297,59.62816196914354,0.00956148441691429,1.247933124389192,0.08769325819725186,0
2024-08-20 00:00:00-04:00,547.6263456901657,549.2815184001456,545.8438474042439,547.1856079101562,33732300,531.5202239990234,534.4123309326172,54.72169926723314,-0.0016260026793798454,2.286379086246825,0.09023222743291964,1
2024-08-21 00:00:00-04:00,548.2334599233565,550.5252003042482,543.2972933603506,549.06591796875,41514600,535.629736328125,534.9349835205078,61.33641066952522,0.003436329522216619,3.2239169916783794,0.09619647778142433,0
2024-08-22 00:00:00-04:00,550.9660160166799,551.5732334533072,543.5422179587766,544.7566528320312,56121500,538.134033203125,535.3462615966797,66.20335448469854,-0.007848356628400333,3.577956399652294,0.09901799766012635,1
2024-08-23 00:00:00-04:00,547.9984691071246,551.4850973665338,545.8045838781815,550.5448608398438,50639400,540.9879760742188,535.7872003173828,85.8862951468537,0.010625309443622832,4.276300661227651,0.10421946205964128,0
2024-08-26 00:00:00-04:00,551.5733022984582,552.2882384520825,547.5284135216066,549.2325439453125,35788600,543.683251953125,536.1806085205078,82.79046670135928,-0.002383669320842108,4.6700174596363695,0.10812081705747702,1
2024-08-27 00:00:00-04:00,547.9592873998898,550.476328645617,546.8134170306081,549.9866333007812,32693900,545.59501953125,536.5826544189454,88.16752097893374,0.001372987387185498,4.9854207407672675,0.11173647932173397,0
2024-08-28 00:00:00-04:00,549.6439450462528,550.0748793992682,543.601060631449,546.7938842773438,41066000,547.0200439453125,536.8365008544922,79.12399962190435,-0.005805139307251905,4.921025432196757,0.11347692015861395,1
2024-08-29 00:00:00-04:00,548.7623394799141,552.0628809883677,545.6968421488655,546.8427124023438,38715200,547.537158203125,537.064185180664,78.0658074056091,8.929895963372125e-05,4.818388326539434,0.11528627300931348,1
2024-08-30 00:00:00-04:00,549.212926690368,552.5722295246512,545.657733766081,552.0629272460938,62700100,548.4548522949219,537.4253643798828,80.27101837848032,0.009546099317694123,5.099491626434201,0.11619554540812457,0
2024-09-03 00:00:00-04:00,548.9190687874888,549.2520879225416,538.18498513228,540.7020263671875,60600100,547.7173767089844,537.5736444091797,59.461081571841504,-0.020578996194471677,4.355332698673351,0.10387708179427209,0
2024-09-04 00:00:00-04:00,538.8607938634791,543.0035975400444,538.1360542845994,539.5953369140625,47224900,546.958349609375,537.7344610595703,56.8599090610056,-0.0020467640200287907,3.6343858593104414,0.09275426858552964,0
2024-09-05 00:00:00-04:00,539.5365467142444,542.3865472945482,535.8246177750381,538.2828979492188,44264300,545.8800476074218,537.828091430664,46.11233884272058,-0.0024322652088685226,2.9234279810265207,0.07489908573609518,0
2024-09-06 00:00:00-04:00,538.6061519080256,540.2319142524223,528.3225490242058,529.2235717773438,68493800,544.3267395019532,537.7272137451172,36.71677041485429,-0.016830046442845803,1.6104129916684542,0.0685312429978757,1
2024-09-09 00:00:00-04:00,533.4251872668898,536.4221205223048,531.4957564364314,535.1488647460938,40445800,542.7871398925781,537.7279949951172,37.607869705681715,0.011196200027240755,1.0360182027363862,0.060881095242399375,1
2024-09-10 00:00:00-04:00,537.0587275255268,537.8324845189911,532.1813804449696,537.4798583984375,36394600,541.6118713378906,537.8175115966797,40.94640341877617,0.004355785475598006,0.7601355317915477,0.051177883497541383,1
2024-09-11 00:00:00-04:00,537.3916883108078,543.9144040618945,528.8318231688719,542.9937744140625,75248600,540.9125854492188,537.9953680419922,44.69544928135884,0.010258832827810815,0.975182175097757,0.04687040726482229,1
2024-09-12 00:00:00-04:00,543.5715745845557,547.8711135710835,541.3483388424467,547.5675048828125,51819600,540.9899475097657,538.1928131103516,52.44423214712205,0.00842317294279371,1.497408817074529,0.04341895590806074,1
2024-09-13 00:00:00-04:00,548.1747815451495,551.4263657909838,547.9201304028155,550.4273681640625,39310500,541.3484130859375,538.3994635009766,49.89234948780725,0.005222850617956354,2.1176334984144205,0.04441842545460153,1
2024-09-16 00:00:00-04:00,550.1629297590999,551.5046902542234,548.360884321784,551.2402954101562,36656100,541.2661499023437,538.5600848388672,51.85655508711333,0.0014769019367719682,2.6442808382020075,0.045653766600534086,1
2024-09-17 00:00:00-04:00,553.4537083801224,554.9032473896473,549.2325364902464,551.465576171875,49321000,542.3425048828125,538.7126751708985,51.38107565565613,0.0004086797783009466,3.0447331356861014,0.04664432469134372,0
2024-09-18 00:00:00-04:00,552.1216967889254,556.9696926491016,549.2716961893568,549.8299560546875,59044900,543.365966796875,538.8219757080078,52.92008467382613,-0.002965951435339842,3.1933031812249055,0.04717799738166603,1
2024-09-19 00:00:00-04:00,559.2418737919741,561.0733295553275,556.3722663136862,559.2124633789062,75315500,545.4589233398438,539.0111932373047,60.086277773022175,0.017064380034043758,4.021775417339882,0.052175498939389914,0
2024-09-20 00:00:00-04:00,557.8430941207945,559.2871857073619,555.2200568119598,558.245849609375,77503100,548.3611511230469,539.275884399414,55.41733379965795,-0.0017285268709690271,4.547922362398026,0.055980021650391135,1
2024-09-23 00:00:00-04:00,559.3166610051752,560.2892222272916,558.0984411315784,559.6408081054688,44116900,550.8103454589843,539.4997198486328,70.10479610309335,0.002498824661338439,5.01959631775992,0.059709071731672114,1
2024-09-24 00:00:00-04:00,560.4364946014963,561.3010067117204,557.6071931426925,561.2420654296875,46805700,553.1865661621093,539.7254156494141,72.74067956583293,0.002861223307927485,5.459673689644887,0.0640835804826881,0
2024-09-25 00:00:00-04:00,561.0849426444706,561.8217386948093,558.8941616149112,560.0042724609375,38428600,554.8876159667968,539.8611297607422,72.85494285028045,-0.0022054529497933517,5.643503830342297,0.06717183401094275,1
2024-09-26 00:00:00-04:00,564.2679463720303,564.5921534543987,559.8668367278948,562.2245483398438,48336000,556.3533203125,540.1963848876953,90.56064502384032,0.00396474810656211,5.900332884415775,0.07096921330670286,0
2024-09-27 00:00:00-04:00,563.2952985697877,564.1106429805404,560.377555197848,561.4090576171875,42100900,557.4514892578125,540.599164428711,86.91212579294061,-0.0014504715688140601,5.969258577003075,0.07373597359879823,1
2024-09-30 00:00:00-04:00,560.3775279948936,564.2678323150915,558.0787581388843,563.6587524414062,63557400,558.6933349609375,541.1188262939453,86.88214464449402,0.004007229298663706,6.134697284215804,0.07715637177981409,0
2024-10-01 00:00:00-04:00,563.3051282373419,563.9534823374194,556.0353836889657,558.6092529296875,72668800,559.4077026367188,541.4266290283203,72.2915773588588,-0.008958433608717287,5.791594346946567,0.0765314737799354,1
2024-10-02 00:00:00-04:00,557.7154356390834,559.8668828892402,555.3183896615599,558.8451538085938,38097800,560.3092224121094,541.7561920166015,68.37487842764432,0.0004223003426260252,5.4755987329082245,0.07489483362516276,0
2024-10-03 00:00:00-04:00,557.3715020969081,559.7685478192003,555.5344286086627,557.8234252929688,40846500,560.1703186035156,542.311148071289,62.81832395048564,-0.0018282855432525391,5.084118427410544,0.07161895530941026,1
2024-10-04 00:00:00-04:00,562.2736036088263,563.2658318866675,558.0984259775333,562.8925170898438,42939100,560.6349853515625,543.0227252197266,67.59850591072336,0.009087269496100392,5.123836412000287,0.06080165543235331,0
2024-10-07 00:00:00-04:00,561.2421538745174,561.8905680396737,556.6543868115797,557.8037719726562,49964700,560.4512817382813,543.514409790039,58.34650137360209,-0.009040349556423855,4.690623411524371,0.051189557382294415,1
2024-10-08 00:00:00-04:00,560.377637870892,563.67853004462,559.5033520489247,563.0792236328125,37398700,560.6349975585938,544.105337524414,65.92115261059493,0.009457540312966639,4.71859086938025,0.0421364351619678,1
2024-10-09 00:00:00-04:00,563.0693978961492,567.5393423690588,562.4701514366566,566.9793701171875,37912200,561.3325073242188,544.8283294677734,60.74955355558972,0.006926461358692126,4.997852376489391,0.037954425612053734,0
2024-10-10 00:00:00-04:00,565.6334738441669,567.4116060358193,564.3759797176003,565.9871215820312,44138100,561.7087646484375,545.3589068603516,60.70647742179468,-0.0017500610912019043,5.080537692628127,0.03546528369657138,1
2024-10-11 00:00:00-04:00,565.9084000028585,570.113077691751,565.7708503676648,569.3762817382812,42268000,562.5054870605469,546.1100543212891,62.7606433362347,0.005988051718874399,5.357782124373557,0.03597143623186961,1
2024-10-14 00:00:00-04:00,570.9874382986001,574.9661849382893,570.5060744728205,574.0328979492188,36217200,563.5429016113281,547.1523638916016,65.52216054786972,0.008178451334012404,5.885407036449692,0.039284885941029926,0
2024-10-15 00:00:00-04:00,574.2981309420833,574.6026708937048,568.3545951743074,569.5728149414062,54203600,564.6392578125,548.4094781494141,60.769531974527546,-0.007769734145458451,5.875928114673002,0.03790520641023675,1
2024-10-16 00:00:00-04:00,569.5729286407808,572.5692210133667,568.7673576490918,572.0485229492188,30725400,565.9595947265625,549.622671508789,60.9938117290275,0.0043466049342035795,5.9990318419421556,0.03518029774052019,1
2024-10-17 00:00:00-04:00,575.5948569414992,575.8011814159861,571.9108767867559,572.0975341796875,34393700,567.3870056152343,550.9052062988281,62.170035804034065,8.56767013679427e-05,6.031025323664039,0.03721461909445797,1
2024-10-18 00:00:00-04:00,573.787292295603,575.0840605235142,572.3235337539761,574.2981567382812,37416800,568.5275695800781,551.9968957519532,62.127714048768,0.0038465863373264852,6.162910046796469,0.03947698300191571,0
2024-10-21 00:00:00-04:00,573.5710785054149,574.5534731315854,570.3782959703608,573.35498046875,36439000,570.0826904296875,553.02388671875,68.54449715224366,-0.0016423111557383185,6.120766807843097,0.040846244524824896,0
2024-10-22 00:00:00-04:00,570.8204817447413,574.2097557683464,570.1622940232531,573.050537109375,34183800,571.0798217773438,554.0393017578125,67.83420406949747,-0.0005309858111394172,5.993710192441199,0.041991996428947034,0
2024-10-23 00:00:00-04:00,571.0267810694698,571.4688706983893,564.3071746074978,567.8143310546875,49314600,571.1633178710938,554.7782092285156,61.34280721156712,-0.009137424564856667,5.408156974388362,0.040901924715923625,1
2024-10-24 00:00:00-04:00,569.7693209618997,569.8479293354313,566.4193810527883,569.0423583984375,34979900,571.4688415527344,555.50818359375,57.64912371267067,0.002162726927777525,4.985721084824149,0.04053245371329536,0
2024-10-25 00:00:00-04:00,571.2724326633536,574.1705094317597,567.9028255594263,568.8458862304688,47268200,571.4158020019531,556.051669921875,65.6371223698131,-0.0003452680895702498,4.582262467523265,0.03970566502650001,1
2024-10-28 00:00:00-04:00,572.3235609618828,572.4512770786239,570.299830137409,570.6043701171875,30174700,571.07294921875,556.6060375976563,61.83556236488536,0.003091318631785356,4.354220812823314,0.03968011153448465,1
2024-10-29 00:00:00-04:00,569.6415300427301,572.6476553589258,568.2465463889694,571.5277709960938,42899700,571.2684448242187,557.0750573730469,57.89278580249659,0.0016182856761448594,4.19959655731202,0.037391165449224245,0
2024-10-30 00:00:00-04:00,571.0562011429839,573.0504911915006,569.0914117169528,569.7987670898438,41435800,571.0434692382812,557.5273205566406,56.449394201018684,-0.0030252316580112737,3.8926673098196716,0.03424126556804455,0
2024-10-31 00:00:00-04:00,565.4271221936206,565.4958970216722,558.4324763422399,558.6289672851562,60182500,569.6966125488282,557.7185815429688,35.60539670913228,-0.019603060676553374,2.7167966350878032,0.03360187464163298,1
2024-11-01 00:00:00-04:00,561.2617936558026,565.4173043933644,560.5741053167588,560.9866943359375,45667500,568.3654663085938,558.0431823730469,31.37967862263858,0.004220559958140857,1.952650581897501,0.0345626078813714,0
2024-11-04 00:00:00-05:00,561.1241350696315,562.4209031245102,557.8920784523416,559.7782592773438,38217000,567.0077941894531,558.2278503417969,34.5903144277231,-0.0021541242792295634,1.2353088480070937,0.03308047398223107,1
2024-11-05 00:00:00-05:00,560.6920242782184,566.5863933486033,560.4759261934032,566.547119140625,39478300,566.3574523925781,558.5741418457031,42.37476545223517,0.012092037786568532,1.199177406297622,0.032010804489843205,1
2024-11-06 00:00:00-05:00,578.8270705681771,581.5089893813079,575.0841485043231,580.6346435546875,68182000,567.6394836425782,559.1871020507813,58.517997948937804,0.02486558299940067,2.2809945786578965,0.03686410998767819,1
2024-11-07 00:00:00-05:00,582.6387178727699,586.145874462509,582.5601095007273,585.1241455078125,47233200,569.2476623535156,559.9537072753906,60.329932594791856,0.007732060087975334,3.4607148030794406,0.04378072521099261,1
2024-11-08 00:00:00-05:00,585.674234913322,589.0831757216504,585.674234913322,587.65869140625,46444900,571.1289428710937,560.7700268554687,63.246033289170846,0.004331637854797288,4.547744682452162,0.05135489498949539,1
2024-11-11 00:00:00-05:00,589.2501303160354,589.6037779981073,586.4896037587446,588.2186279296875,37586800,572.8903686523438,561.4931408691406,63.98034198996847,0.0009528260734092964,5.392247419642899,0.05765807934614581,0
2024-11-12 00:00:00-05:00,588.1400498376755,588.739296212128,583.9059310932324,586.3914184570312,43006100,574.3767333984375,562.4069287109374,68.2705340688761,-0.003106344114070958,5.846684450453495,0.0616149634650101,1
2024-11-13 00:00:00-05:00,586.8531544283672,588.6803942959151,584.4856094336134,586.6763305664062,47388600,576.0644897460937,563.3485485839843,67.67079351138175,0.0004858735997956831,6.158824008099032,0.06518521726501443,0
2024-11-14 00:00:00-05:00,586.804130643577,587.2854945523371,582.2163632356335,582.9039916992188,38904100,578.4919921875,564.2409704589844,63.14537485161173,-0.006430017150249601,6.032264446956219,0.0666644504005105,0
2024-11-15 00:00:00-05:00,579.3378226480269,579.8094129170865,573.5810036102117,575.437744140625,75988800,579.9370971679688,565.16525390625,54.0836595860544,-0.012808708921050571,5.268766245409893,0.06669036969726609,1
2024-11-18 00:00:00-05:00,575.8994574754852,579.1119076957027,575.0350052053479,577.7955322265625,37001700,581.7388244628906,566.0181872558594,55.17024016787887,0.004097381706267278,4.798626632872583,0.06688745725239974,1
2024-11-19 00:00:00-05:00,574.4160398519082,580.6345552744816,573.7480186357969,579.9075927734375,49412000,583.0748718261718,566.8667419433593,58.28634553865274,0.0036553770825054066,4.544081890232178,0.06735152879127666,1
2024-11-20 00:00:00-05:00,579.9861823753545,580.3889378159292,574.3374129030207,580.1040649414062,50032600,583.0218139648438,567.6089477539062,71.46498354047043,0.00033879909560963206,4.308540833013126,0.06678320476619101,1
2024-11-21 00:00:00-05:00,582.953055915256,584.6427460672937,577.1077952881657,583.21826171875,46750300,582.8312255859375,568.321962890625,71.89006947282387,0.0053683415882601615,4.32332589198279,0.0669407579016397,1
2024-11-22 00:00:00-05:00,583.2084127301733,585.6546259064262,582.7074417987914,585.02587890625,38226400,582.5679443359375,569.0139331054687,74.56987848614334,0.0030993837232957677,4.429838338987565,0.06714753697961741,1
2024-11-25 00:00:00-05:00,588.9653319760873,590.281707390563,584.7213793724078,587.0103759765625,42441400,582.447119140625,569.7293347167969,71.95871157045362,0.0033921526241242894,4.62111323226145,0.06800174925139069,1
2024-11-26 00:00:00-05:00,588.2579731618996,590.7434606979054,587.5408441710033,590.075439453125,45621300,582.8155212402344,570.5015319824219,63.26983723906948,0.0052214809175450405,4.962816708230207,0.06970287007802088,0
2024-11-27 00:00:00-05:00,589.8887226529953,590.2718110026187,586.7647148108081,588.2874145507812,34000200,582.9766296386719,571.2706811523437,54.811654105322184,-0.003030163234722827,5.031342325873652,0.06958152090106741,1
2024-11-29 00:00:00-05:00,589.1028202958577,592.7278593888155,588.8277809402925,591.9419555664062,30177400,583.8804260253906,571.9252709960938,56.30060315277056,0.00621216929893964,5.319223590790784,0.06302440370341714,1
2024-12-02 00:00:00-05:00,592.3545765627109,593.6808455477146,591.8633791521069,593.0029907226562,31746000,585.6369506835938,572.6204138183593,56.935466460927564,0.0017924648629352724,5.568794638836607,0.056194110789143076,1
2024-12-03 00:00:00-05:00,592.7672106157903,593.5236138358292,591.73570807165,593.2780151367188,26906600,587.1851989746094,573.2931579589844,60.45330062295483,0.00046378250761835993,5.722804733568864,0.04435775891376534,1
2024-12-04 00:00:00-05:00,594.9677449089698,597.2075737883222,594.2997236656325,596.9619750976562,42787600,588.8906372070312,574.0075561523438,64.15240117169654,0.006209500212288388,6.072127913122472,0.03794835092843791,0
2024-12-05 00:00:00-05:00,596.9620090763937,597.7675800229049,595.6259665136723,595.9796142578125,28762200,590.4781921386718,574.7270629882812,69.48741506190134,-0.0016456003578503298,6.198251158732546,0.03977439299890056,1
2024-12-06 00:00:00-05:00,596.7458937244957,598.3472020292826,596.333304701608,597.109375,31241500,591.8673034667969,575.4247595214844,89.81940033374603,0.0018956365539355424,6.316553690610476,0.04262339986042596,0
2024-12-09 00:00:00-05:00,596.9914414878755,597.1584317989794,593.445010988573,594.034423828125,34742700,592.7681579589844,576.0772668457031,79.07114978649382,-0.0051497285097474865,6.0919620914407915,0.04380147206761472,0
2024-12-10 00:00:00-05:00,594.7123228135097,595.134745373381,591.529373321926,592.1875610351562,37234500,593.2858764648438,576.6478430175781,72.19455800623493,-0.003109016445658197,5.699247856852253,0.04432142518196802,1
2024-12-11 00:00:00-05:00,595.1152087702993,597.7185192678439,594.8401094183695,596.765625,28677700,593.9548950195312,577.4109704589844,75.99635076117865,0.007730766848329518,5.691818754505789,0.04620801540576072,0
2024-12-12 00:00:00-05:00,595.9009396314575,596.4706853339145,593.6905517578125,593.6905517578125,31543800,594.4952087402344,578.1078784179688,66.3594584286804,-0.005152899418741641,5.3758292133531995,0.046775524895866005,0
2024-12-13 00:00:00-05:00,595.7242008087076,596.4413297893211,592.1973772710232,593.57275390625,35904700,594.6582885742188,578.8228649902344,64.09583784632605,-0.00019841624767935606,5.057599069438311,0.046308120305818996,1
2024-12-16 00:00:00-05:00,595.3312295236393,597.0799209921157,594.5551592425911,596.1072998046875,43695200,594.9687194824219,579.4871606445313,64.73564736636044,0.004269983555946322,4.952822999073305,0.04166500169026188,0
2024-12-17 00:00:00-05:00,593.5530296358272,594.5157572113583,592.2759285750876,593.6512451171875,55773500,595.0060424804688,580.2041101074219,55.90884885062573,-0.004120155361802658,4.618366467458827,0.036756128974650186,0
2024-12-18 00:00:00-05:00,593.3467745348553,595.7339866328443,575.5752867073982,575.9584350585938,108248700,592.9056884765625,580.4616943359375,36.646208278903984,-0.029803373957551726,2.8923046620332116,0.0400096469233799,0
2024-12-19 00:00:00-05:00,580.948961299734,582.5601031255708,575.5359564813775,575.7815551757812,85919500,590.8858825683594,580.6377380371093,31.07024482593937,-0.00030710529101718453,1.492906223688692,0.043243567870545854,1
2024-12-20 00:00:00-05:00,573.4513839180992,587.231466902458,572.6036351958548,582.697265625,125716700,589.4446716308594,580.9719409179687,39.38426485362962,0.012010996856451017,0.9311788651092456,0.043469137998273434,1
2024-12-23 00:00:00-05:00,582.4409930028329,586.7879087972127,579.2571372355378,586.1866455078125,57635800,588.6598937988281,581.3081481933593,43.14899267755658,0.005988323763746806,0.7588224481547741,0.04313630360423551,1
2024-12-24 00:00:00-05:00,587.5370835235541,592.7416149913781,586.9554933157183,592.7021484375,33160100,588.7113525390625,581.681533203125,46.09804178085791,0.011115065448212613,1.134893039539861,0.04279605124742021,1
2024-12-26 00:00:00-05:00,590.9279213446937,593.8652919269226,589.5282423631364,592.7416381835938,41219100,588.3089538574219,582.1449096679687,46.981914584957075,6.662662890266624e-05,1.4197521659310723,0.04283791791450684,0
2024-12-27 00:00:00-05:00,588.9958679237085,589.2324867459512,582.3128451341881,586.5020751953125,64969300,587.5901062011719,582.4339807128906,40.97292344515502,-0.010526614947115709,1.1290099648541627,0.04321371705815428,0
2024-12-30 00:00:00-05:00,579.4839049805771,583.278830614674,576.0536238226567,579.8091430664062,56578800,586.2137451171875,582.588212890625,38.59617704996961,-0.011411608606290868,0.3544451649539724,0.046436600120818954,0
2024-12-31 00:00:00-05:00,581.4748988586764,582.1945015590405,576.0634095440413,577.69970703125,57052700,584.3729858398438,582.6562438964844,38.43437281654442,-0.0036381558662565983,-0.42472095931020704,0.05010486388528344,0
2025-01-02 00:00:00-05:00,580.9624149327,582.6775253068124,572.1995172748154,576.2803344726562,50204000,582.6358947753906,582.7147509765625,32.7781033238885,-0.002456938338930126,-1.1435649250538518,0.05372676956476687,1
2025-01-03 00:00:00-05:00,579.129057366777,584.1265095290074,578.0447499447286,583.48583984375,37888500,583.3886352539063,582.92345703125,41.978055932997094,0.012503472598431431,-1.1189315361326635,0.05271648016857157,1
2025-01-06 00:00:00-05:00,587.7440676720806,591.1250155334773,585.1122021784661,586.8470458984375,47679400,584.4951843261719,583.304111328125,44.96943146915208,0.0057605614826703455,-0.8187501183858785,0.051261331851828754,0
2025-01-07 00:00:00-05:00,588.8774861019172,589.202784283761,578.3896729800513,580.2131958007812,60393100,584.24677734375,583.5275280761718,38.79871680056985,-0.011304223381579992,-1.1034307804385435,0.050201383351687216,1
2025-01-08 00:00:00-05:00,580.2822309005052,582.1353537217743,576.832277161694,581.0609130859375,47304700,583.7342041015625,583.7718286132813,40.921222193272165,0.0014610444769120878,-1.2462723045364328,0.04960344370749031,0
2025-01-10 00:00:00-05:00,577.5025797313914,577.5715860296085,570.2773736421228,572.1896362304688,73105000,581.6829528808594,583.8035339355469,46.8862074947253,-0.015267378437752055,-2.0516628511516046,0.05304696298019021,1
2025-01-13 00:00:00-05:00,567.5372072518853,573.4316812597856,567.1231694250464,573.0768432617188,47910100,579.7164733886718,583.8345153808593,47.79128396011811,0.0015505471876331445,-2.5885117173611434,0.052805364520367645,1
2025-01-14 00:00:00-05:00,576.0043111010004,576.6351742776535,570.0802375478183,573.8653564453125,48420600,578.4528015136718,583.9158471679688,41.98570184786004,0.0013759292368293874,-2.916719757809915,0.05265235997612042,1
2025-01-15 00:00:00-05:00,581.8889752343268,585.4473419377294,580.7751281246863,584.303955078125,56900200,578.9022827148438,584.4293469238281,48.482928892517435,0.018189978739041157,-2.3079151149992185,0.049938539209204824,0
2025-01-16 00:00:00-05:00,585.6740294157521,585.8514484014332,582.4803673486446,583.1802368164062,43319700,579.4503356933594,584.8732177734375,41.597085396712885,-0.0019231741492636845,-1.8942717363529482,0.044978197164147214,1
2025-01-17 00:00:00-05:00,588.4242094250709,590.7898562052613,587.0934767089387,589.0353393554688,58070600,580.7258361816406,585.458359375,47.03372692155135,0.010039953635990084,-1.0815313170741092,0.04248866505203607,1
2025-01-21 00:00:00-05:00,592.0810894520482,594.4369296257112,590.1096871636119,594.4270629882812,42532900,581.8199584960937,586.0159582519532,56.42988938112259,0.009153480738035569,-0.0023347293570168404,0.04559698310617868,1
2025-01-22 00:00:00-05:00,597.2560928487167,599.1289493146973,596.7041025475482,597.7686767578125,48196000,582.9121215820312,586.3586389160156,65.40933727841639,0.005621570715055313,1.1097837495219665,0.049647092114945744,1
2025-01-23 00:00:00-05:00,597.1378398743527,601.0313720703125,596.8618747927997,601.0313720703125,41152100,584.9939392089843,586.6767834472656,69.63016216993438,0.005458123584186847,2.2287265285636977,0.05615142061011929,0
2025-01-24 00:00:00-05:00,601.0903888692611,602.0465502262632,598.1234189150732,599.2766723632812,34604700,586.8155151367188,586.9091430664063,69.23947367346022,-0.0029194810596775422,2.94001646111451,0.06038970870134373,0
2025-01-27 00:00:00-05:00,586.3048878621954,591.115114198888,586.1373355152499,590.7996826171875,70361100,588.6765197753906,586.9607641601563,55.99152396609586,-0.0141453691375375,2.7875633349503914,0.059892081607391144,1
2025-01-28 00:00:00-05:00,592.0319005940263,596.7139816946946,588.7100920787573,595.8761596679688,44433300,590.9564514160156,587.150458984375,57.19449197013128,0.008592552095310735,3.041314031209481,0.06102949117477028,0
2025-01-29 00:00:00-05:00,595.0874967960807,595.4916679771449,590.6518414168764,593.204833984375,37177400,592.8903991699219,587.2810290527344,61.04963054557989,-0.004483021581333735,2.9923655018811814,0.06215690968691114,1
2025-01-30 00:00:00-05:00,595.3240968992558,597.9263022497843,592.130374590218,596.3886108398438,39281300,594.0988647460938,587.5507214355468,62.538256989108795,0.005367078407106485,3.1738909844463024,0.06337159318417962,0
2025-01-31 00:00:00-05:00,598.8134974486875,601.2383441338676,592.4557124803268,593.2147216796875,66566900,595.1023132324219,587.9062609863281,68.96669438005517,-0.005321847370101107,3.026754367019521,0.06242531530791181,0
2025-02-03 00:00:00-05:00,584.1954832564219,591.7065212004032,582.0466619706364,589.2225952148438,65857200,595.1210388183594,588.1348022460937,63.79242024826482,-0.006729648336339378,2.5585232323298897,0.05985480223214014,1
2025-02-04 00:00:00-05:00,589.281761222817,593.6878166788046,588.7396375989994,593.17529296875,33457800,594.9958618164062,588.40015625,65.64940473952778,0.006708326846265988,2.4778334378580666,0.0598704631275333,1
2025-02-05 00:00:00-05:00,592.0515554519985,595.7282015036632,590.021013481686,595.580322265625,30653100,594.7770263671875,588.7096813964844,60.506872187771556,0.004054500120593607,2.578231708745193,0.060736461913933754,1
2025-02-06 00:00:00-05:00,597.3250923662002,597.7785366008171,594.0131505968404,597.650390625,35771500,594.4389282226563,588.9983239746093,63.24906309482162,0.003475716510411786,2.7926434230512314,0.060403397802364034,0
2025-02-07 00:00:00-05:00,598.2121736064561,599.4344333824486,591.4699514014874,592.1796875,50788500,593.7292297363281,589.1414001464843,52.89941614334936,-0.00915368451324683,2.4923954465326688,0.05882478681574588,1
2025-02-10 00:00:00-05:00,595.3931329282537,596.8420848342793,594.1215398587573,596.2013549804688,26048700,594.2693969726563,589.3252197265625,51.678491747848625,0.0067912958944049695,2.5495718400494525,0.051715136663588096,1
2025-02-11 00:00:00-05:00,593.93424024475,597.1969087784863,593.8159609148958,596.65478515625,30056700,594.3472595214844,589.456806640625,48.88534098182831,0.000760531944440368,2.6014842781656853,0.043013839938342374,0
2025-02-12 00:00:00-05:00,590.6321754646003,595.9056528588447,589.9520392250456,594.732666015625,45076100,594.5000427246093,589.5857116699219,43.52318143476863,-0.0032214928773622864,2.459178430393081,0.03096481965017331,1
2025-02-13 00:00:00-05:00,595.8367256890687,601.2186766543514,594.5750592605841,601.0116577148438,40921300,594.9623474121094,589.7671057128906,51.63218105691561,0.010557670795660945,2.8205486461168903,0.028987706833978277,0
2025-02-14 00:00:00-05:00,601.2185532755497,602.2535274358258,600.360998100256,600.9819946289062,26910400,595.7390747070312,589.9266857910156,61.389110004546716,-4.935525884852687e-05,3.0691641684340993,0.02435136047590148,1
2025-02-18 00:00:00-05:00,602.1450746766837,602.746337890625,599.6808220007749,602.746337890625,26749000,597.0914489746094,590.1160522460938,58.299355139346225,0.0029357672567349447,3.369717511145268,0.024492913801946816,1
2025-02-19 00:00:00-05:00,601.3566689008733,604.4615919136522,600.8440849703791,604.1658935546875,31011100,598.1905090332032,590.2601306152344,63.654196483694285,0.0023551460619908315,3.6800333453184066,0.027105746298624903,0
2025-02-20 00:00:00-05:00,602.7957307474628,602.9337433637311,598.3404019341449,601.65234375,36554000,598.7977111816406,590.3735852050781,56.66838322964365,-0.0041603636211549055,3.680709489150331,0.028101798131705463,0
2025-02-21 00:00:00-05:00,601.435409514207,601.5734221193063,590.8982614234848,591.361572265625,76519800,598.1688293457031,590.2586291503907,48.01098993244624,-0.01710418249222523,2.818377580417291,0.02840746059653243,0
2025-02-24 00:00:00-05:00,593.4118748152965,594.4074426853949,587.960918125522,588.670654296875,50737200,597.8179260253906,590.1513537597656,49.390571823297506,-0.004550376782922472,1.895983026718568,0.03020506657279106,0
2025-02-25 00:00:00-05:00,588.6115273648803,589.3409366661995,581.1300283822392,585.7431030273438,58266500,596.7721008300781,590.0224645996094,41.60363190549544,-0.004973156463911055,0.9181657334966076,0.03301879116610681,1
2025-02-26 00:00:00-05:00,587.4089575799121,591.0067913230648,583.3971461439291,586.038818359375,43321600,595.7105041503906,589.8079284667969,38.68123434264448,0.0005048549961628179,0.1651959634875766,0.03597321757867747,0
2025-02-27 00:00:00-05:00,588.3157098294636,589.4690234968429,576.290203877955,576.6844482421875,74196700,593.9056823730468,589.4678063964843,28.79372675684887,-0.015962031565375123,-1.1728377512921497,0.04538504559558664,1
2025-02-28 00:00:00-05:00,577.1872200213395,586.2162169760591,574.1118369424444,585.6839599609375,88744100,592.3729125976563,589.3100305175781,43.867576625040904,0.015605608485163236,-1.4898793251787765,0.047029910288722006,0
2025-03-03 00:00:00-05:00,587.6553155599406,588.798762606637,571.6081318173137,575.4227905273438,74249200,589.8169921875,588.8963403320313,32.45102890840859,-0.017519976873326182,-2.5398498655169988,0.05456899118814207,0
2025-03-04 00:00:00-05:00,571.4208567458912,577.0196322682823,564.0675042327628,568.611572265625,109648200,586.403515625,588.395546875,28.612378808445186,-0.011836893452684794,-3.8768772457424348,0.0656594783803936,1
2025-03-05 00:00:00-05:00,568.4439889843314,576.5168836727693,564.8856223320056,574.722900390625,71230500,583.4592163085938,588.3708361816406,35.65580584583667,0.010747808210532117,-4.392711528018708,0.07055391310775472,0
2025-03-06 00:00:00-05:00,567.2512863712917,571.8742272350298,561.9679425734266,564.5209350585938,80094900,579.7460754394531,588.1456237792969,25.234210081555148,-0.017751102879487224,-5.560627798134874,0.08068610900867022,1
2025-03-07 00:00:00-05:00,562.7368186254731,569.1340095542192,557.5421542389136,567.6849975585938,81158800,577.37841796875,587.8453784179687,28.32396951660455,0.005604862997103277,-6.1598890889879385,0.0860162714986399,0
2025-03-10 00:00:00-04:00,559.4742288830657,561.396298293426,547.6458132504099,552.564453125,99326600,573.7677978515625,587.1729345703125,22.171338285886037,-0.026635448353614644,-7.765394908843518,0.10124687540063455,0
2025-03-11 00:00:00-04:00,551.4012280579012,555.9551623983707,544.1267490127518,547.970947265625,88102100,569.9905822753906,586.278310546875,19.896483174428795,-0.008313067974960453,-9.30120882590154,0.1154103731812572,1
2025-03-12 00:00:00-04:00,554.1315858671662,555.0581473332891,545.7728595599632,550.8787841796875,69588200,566.4745788574219,585.4410534667969,22.915125546988946,0.00530655307288197,-10.166520957792272,0.12392978417739837,0
2025-03-13 00:00:00-04:00,550.5043158830474,551.1154458832376,541.8202897344504,543.535400390625,74079400,563.1596740722656,584.5817199707031,23.65909411788435,-0.013330307864365287,-11.31441126700156,0.13507728228912125,1
2025-03-14 00:00:00-04:00,548.1583018697701,555.7679467233177,543.604366956188,554.7625122070312,62660300,560.067529296875,584.0807873535156,32.92972732473926,0.020655714068186892,-11.189206307187305,0.13517699185825746,1
2025-03-17 00:00:00-04:00,554.742702735982,561.5637976935186,554.3089918436672,559.0404052734375,49008700,558.4292907714844,583.7076013183594,36.737459310246145,0.007711215109664327,-10.622342503663049,0.13179310138334283,0
2025-03-18 00:00:00-04:00,556.7240271713574,556.9409127203818,551.0661118946721,552.9981079101562,66041400,556.8679443359375,583.2419567871094,34.475713827692545,-0.010808337476654883,-10.539172732118914,0.12743904936224007,1
2025-03-19 00:00:00-04:00,554.7821880592443,562.7860764826731,553.5993346617712,559.0206909179688,66556000,555.2977233886719,582.7526538085938,41.43238194483506,0.01089078411239508,-9.87347272550403,0.11734414022802536,0
2025-03-20 00:00:00-04:00,555.2750866351008,562.4115538615378,554.5554838320709,557.4041748046875,62958200,554.5860473632813,582.1637963867188,35.224991262599076,-0.002891692811274549,-9.368347535905059,0.10615836220510999,1
2025-03-21 00:00:00-04:00,552.9413897854555,558.4877939738346,551.7055567482902,557.5880737304688,83763000,553.5763549804688,581.7112939453125,39.58546290237272,0.000329920251935123,-8.85116238717228,0.09943180577321892,1
2025-03-24 00:00:00-04:00,564.3307537296456,568.6314886589248,563.7375780431137,567.5736083984375,58766800,555.0772705078125,581.4415478515625,49.415550762471526,0.01790844377492129,-7.548525532034432,0.09194847034241768,1
2025-03-25 00:00:00-04:00,568.7797678649376,569.8771730865459,567.1880294433175,568.93798828125,38355700,557.173974609375,581.3765148925781,46.55871033330912,0.0024038818271738815,-6.333078597533586,0.08538850791169157,0
2025-03-26 00:00:00-04:00,568.6709866041082,569.7980806984394,560.7616559941828,562.1458129882812,51848300,558.3006774902344,581.1578942871093,48.527361542315745,-0.01193834026356333,-5.8504594716797556,0.07687000183822737,0
2025-03-27 00:00:00-04:00,560.7517966033342,564.4296669577193,558.5371935416607,560.6529541015625,42164200,560.0124328613281,580.8936462402344,45.54767813654256,-0.0026556435220658203,-5.524755629319657,0.0731698435528496,0
2025-03-28 00:00:00-04:00,559.120558969836,559.8521624781242,548.7790863172526,549.3623657226562,71662700,559.4724182128906,580.194814453125,47.86926845276147,-0.020138283935378976,-6.107288094969363,0.06365733905826085,1
2025-03-31 00:00:00-04:00,543.5984615291653,554.3551567474991,540.6719872727307,553.0501098632812,95328200,558.873388671875,579.5922119140625,53.421011738415125,0.00671277169810125,-6.19991043040045,0.05883632292359068,1
2025-04-01 00:00:00-04:00,551.1320571376683,556.559825628618,547.4047657676659,554.6121215820312,54609600,559.0347900390625,578.9037475585938,52.560975303400646,0.002824358391568138,-6.077218613867444,0.05674216613040356,1
2025-04-02 00:00:00-04:00,548.7592465118332,560.9890444564371,548.52197624234,558.1219482421875,76014500,558.9449157714844,578.1776452636718,60.561479365460976,0.006328434817011397,-5.631850321883348,0.049282995381309674,0
2025-04-03 00:00:00-04:00,538.931968079745,541.759539717793,530.6173095703125,530.6173095703125,125986000,556.2662292480469,576.8346179199219,35.852356241886284,-0.04928069709227745,-7.412836650172153,0.06367749438531037,0
2025-04-04 00:00:00-04:00,517.7349036725598,519.9099817661254,499.3358369172059,499.5533447265625,217965100,550.4627563476563,574.8050573730469,23.471467502251016,-0.05854306726048053,-11.201756619698358,0.10805231013395691,0
2025-04-07 00:00:00-04:00,483.64569927250346,517.2405628900261,476.33944038650816,498.6635437011719,256611400,543.5717498779297,572.7927947998047,24.602070309970202,-0.0017811932094612404,-14.113609593635374,0.1390272777779667,0
2025-04-08 00:00:00-04:00,515.9454474877983,519.0300819148135,483.6160734043612,490.8531188964844,165816600,535.7632629394532,570.7938635253906,18.65984522105485,-0.015662714676747957,-16.857190858562262,0.1694313891039983,1
2025-04-09 00:00:00-04:00,487.8475554203815,542.4021606445312,487.4619610383351,542.4021606445312,241867300,533.7888977050782,569.7243835449219,45.273077002960854,0.1050192812545172,-14.702441330001989,0.16950870623720504,0
2025-04-10 00:00:00-04:00,526.1386497513512,527.4535931308517,503.5476437049501,518.6347045898438,162331200,529.5870727539062,568.2329809570313,39.314403451205315,-0.04381888159598191,-14.742677466347232,0.17575690879906516,1
2025-04-11 00:00:00-04:00,517.0824330937988,530.3503195313269,514.1757514102393,527.8885498046875,97866300,527.4396911621094,566.8629797363282,39.06981099279132,0.017842703415233307,-13.867995305703175,0.17740602026889585,1
2025-04-14 00:00:00-04:00,537.8839447885014,538.111379094838,527.8094317224818,533.0098266601562,68034000,525.4356628417969,565.6588818359374,40.305179644545056,0.009701435762081934,-12.616128276207291,0.1764764572676482,0
2025-04-15 00:00:00-04:00,533.5534957548979,537.0731451747598,530.7259247754906,531.516845703125,56892900,523.1261352539062,564.5047668457031,41.49178620184995,-0.002801038334295458,-11.610645428858788,0.1766030012764687,0
2025-04-16 00:00:00-04:00,525.6541840661512,531.7938245981206,514.3932584360665,519.702392578125,83484800,519.2841796875,563.0353088378906,39.24154576512962,-0.022227805610509077,-11.633022416789572,0.177719382246131,1
2025-04-17 00:00:00-04:00,521.6599483491107,525.1499093262158,517.9721816819745,520.44384765625,79868100,518.2668334960938,561.5325793457031,41.95675261277669,0.0014266916772247562,-11.458836775269106,0.17788663839846514,0
2025-04-21 00:00:00-04:00,515.2533065114334,515.7872249375157,502.6972625032136,508.0558471679688,69368100,519.1170837402344,559.7406884765625,38.06323045689291,-0.023802760939665046,-12.179998072000444,0.18130815113484905,1
2025-04-22 00:00:00-04:00,514.2450097037921,523.3011683263503,513.3057644566182,521.2744140625,75948100,521.3781707763671,558.3225830078125,41.67080936667011,0.02601794068155061,-11.551734514354393,0.17375600985877884,1
2025-04-23 00:00:00-04:00,534.3049123051696,539.2482437222484,527.8291602174767,529.3516845703125,90590700,525.22802734375,556.9855895996094,42.97234421874632,0.015495236846295724,-10.283520865839137,0.16196665267914725,1
2025-04-24 00:00:00-04:00,530.6370434198044,541.2256831290485,529.3814780255258,540.4940795898438,64150400,525.0372192382813,555.8623754882813,52.622184758041676,0.021049134902774158,-8.283863038625668,0.15349523200491397,1
2025-04-25 00:00:00-04:00,540.4544620384363,544.8045575926888,537.5279880397045,544.3992309570312,61119600,527.613671875,554.8557067871094,63.912420606488425,0.007225151050962442,-6.311254511789571,0.1460448161758016,1
2025-04-28 00:00:00-04:00,545.1407910444296,547.2762839575454,538.8429907853031,544.6068725585938,47613800,529.2855041503906,553.7276110839844,64.31345890375144,0.00038141420809401083,-4.677276369992455,0.14428249440548105,1
2025-04-29 00:00:00-04:00,542.6887574529197,549.1546732609154,542.3328520901122,548.0374755859375,47775100,530.7882690429688,552.668720703125,68.31538855972056,0.006299228306147819,-3.0701254319872078,0.14199291204911782,1
2025-04-30 00:00:00-04:00,541.3640897959557,550.2126665027023,535.3826699025942,548.2550659179688,93101500,532.4620910644531,551.5788952636718,52.792984655389965,0.0003970354979805357,-1.7586167739351595,0.13886616209293773,1
2025-05-01 00:00:00-04:00,554.0189932525213,557.6770710508032,551.5374308999284,552.1405029296875,63186100,535.7059020996094,550.5383874511718,69.73328243275986,0.007086914929300692,-0.401090892487332,0.1353164293292233,1
2025-05-02 00:00:00-04:00,558.3295262045715,561.9381825044319,556.006184429092,560.3365478515625,60717300,539.6951721191406,549.7120715332031,69.35140534181316,0.014844129127253636,1.3208841467736647,0.14591589307719502,0
2025-05-05 00:00:00-04:00,556.194064255589,560.2278400664005,555.3339293144951,557.1234130859375,38659200,544.6019287109375,549.0273083496094,64.71583853129545,-0.005734294466325229,2.3986386361530094,0.142646443326787,0
2025-05-06 00:00:00-04:00,551.6066009560054,556.9651555946843,550.6476235760448,552.4667358398438,48264700,547.7211608886719,548.3032299804687,62.309790580460174,-0.008358430352621848,2.844225437133332,0.1331205104853078,1
2025-05-07 00:00:00-04:00,553.8014947566288,557.4298834610689,549.738030089525,554.7901611328125,55588000,550.2650085449219,547.6841711425782,73.20515449435939,0.00420554784974847,3.3462635474586477,0.11201967781037404,1
2025-05-08 00:00:00-04:00,558.8337754612519,563.8463212534109,555.333918196641,558.6558227539062,65130800,552.0811828613281,547.1365112304687,74.26847449322534,0.006967790512363292,4.009836058969313,0.11695566316343668,0
2025-05-09 00:00:00-04:00,560.0597310271954,561.0681900796083,556.3819209310694,557.9440307617188,37603400,553.4356628417969,546.7617028808594,87.20145279772794,-0.0012741154091596707,4.427251787312116,0.11530610900682735,1
2025-05-12 00:00:00-04:00,574.8798371188,576.3925257137258,570.5000520977247,576.3826293945312,78993600,556.6132385253907,546.5756762695313,88.1258682791499,0.03304739833427317,6.174719251311558,0.1267201349432398,1
2025-05-13 00:00:00-04:00,576.7977862928067,582.403567726764,576.2342995973956,580.18896484375,67947200,559.8283874511719,546.6709997558594,87.38008473054967,0.006603834423700716,7.777089815906038,0.1387504555721538,1
2025-05-14 00:00:00-04:00,581.1479585868793,582.3046813078995,578.9036666864055,580.9304809570312,66283500,563.0959289550781,546.9173779296875,85.1012808992574,0.0012780596636838837,9.003032827791344,0.14752352008883454,1
2025-05-15 00:00:00-04:00,578.9234551699535,584.2721134769878,578.4686469334371,583.7679443359375,71268100,566.2586730957031,547.0982788085937,84.81989680626288,0.004884342398821628,10.087281179833099,0.14949154981628654,1
2025-05-16 00:00:00-04:00,584.5489982766968,587.7621640177526,582.6013544692614,587.465576171875,76052100,568.9715759277344,547.5571716308593,85.702547999337,0.006334078244299102,11.116776517435483,0.15018236582788705,1
2025-05-19 00:00:00-04:00,581.4346564328234,588.7903364922698,581.4346564328234,588.108154296875,68168500,572.0700500488281,547.965634765625,85.00607857356141,0.0010938140906693317,11.847934065215895,0.1366136669310072,0
2025-05-20 00:00:00-04:00,586.3681900028125,587.3172711404261,582.9176935296509,586.130859375,60614500,575.4364624023438,548.636962890625,82.10161698658426,-0.003362128049795521,12.128026177940114,0.1276008350614727,0
2025-05-21 00:00:00-04:00,581.7709264399082,585.8640202940028,575.2259589387613,576.254150390625,95197700,577.582861328125,549.202626953125,68.55328013584895,-0.016850689272540076,11.42137482388,0.11694289991599917,1
2025-05-22 00:00:00-04:00,576.0562657117097,579.971405887537,574.8204328669485,576.4814453125,70860400,579.3654235839844,549.7146801757813,64.15818838904161,0.0003944352014140229,10.755704271602099,0.11130538718270025,0
2025-05-23 00:00:00-04:00,569.4520392436427,575.2159811048424,569.0763411937487,572.5465698242188,76029000,580.8256774902344,550.2949035644531,63.35619153531216,-0.0068256758656789485,9.797702184323725,0.1056178337185724,1
2025-05-27 00:00:00-04:00,579.4277528567243,584.6083553931982,571.8743267058999,584.4501953125,72588500,581.6324340820313,550.8886572265625,74.60841486563021,0.020790667721467315,9.885052984702725,0.10164498446069482,0
2025-05-28 00:00:00-04:00,584.8554566278126,586.0517646206928,580.3372442209068,581.06884765625,68445500,581.7204223632813,551.3292260742187,69.8952168303692,-0.005785518908830278,9.571102910031641,0.09669877638121269,1
2025-05-29 00:00:00-04:00,586.3384441000501,586.4768718669775,579.4276761926377,583.362548828125,69973300,581.9636291503906,551.9365148925781,69.1611860011796,0.0039473827948730555,9.399031544327272,0.09077093953746089,0
2025-05-30 00:00:00-04:00,582.2552747565533,584.430352826958,576.6297607292682,582.7100830078125,90601200,581.8578430175781,552.410302734375,69.22488692970927,-0.0011184568183596477,9.10505777021126,0.08531503296594867,1
2025-06-02 00:00:00-04:00,581.0985818518681,586.0715425417425,578.429170462151,585.9924926757812,61630500,581.7105346679688,552.9820690917969,59.75516667947132,0.005633006470431523,9.032819740981495,0.08393951104210132,1
2025-06-03 00:00:00-04:00,585.6266685650614,590.3129375391912,585.1421713516531,589.3341674804688,63606200,581.8331359863281,553.6169909667968,59.37189214208423,0.005702589788187495,9.139857226819572,0.08081508310765209,0
2025-06-04 00:00:00-04:00,590.1942585782981,591.173028564345,588.7408877328025,589.1759033203125,57314200,582.1376403808594,554.0490368652344,58.5520410114088,-0.00026854740296644586,9.10693552657392,0.07203439380824818,0
2025-06-05 00:00:00-04:00,590.8566609128592,592.2111289512687,584.3512195951713,586.3285522460938,92278700,583.1450805664062,554.3968481445313,52.65528341462118,-0.0048327690561892345,8.750220313605496,0.06114683714259595,1
2025-06-06 00:00:00-04:00,591.8749474768216,594.0203968199735,590.0953601848463,592.3495483398438,66588700,584.7318908691407,555.0009228515624,54.83173259811824,0.010268979858962801,8.85133235293381,0.05255415101725399,1
2025-06-09 00:00:00-04:00,592.9229477814916,594.4356362447949,591.7069074945726,592.8834228515625,53016400,586.765576171875,555.6455322265625,54.7343744705159,0.0009012828881442836,8.872269582938657,0.038066202281859106,1
2025-06-10 00:00:00-04:00,593.4173023897237,596.6304681071312,592.3001649023746,596.2449340820312,66247000,587.9450500488281,556.58318359375,59.759586786107626,0.005669767615193333,9.055719652376524,0.04052000868213282,0
2025-06-11 00:00:00-04:00,597.3423765043648,598.2025114763902,592.4781545343917,594.54443359375,73658200,589.2926086425781,557.4130700683594,70.95592143172829,-0.0028520166647609813,8.960596794296862,0.04235977527632768,1
2025-06-12 00:00:00-04:00,593.2096852350186,596.9072875976562,592.7252483956809,596.9072875976562,64129000,590.6470825195313,558.2589733886718,72.31091288492436,0.003974226097154476,8.972445053442812,0.0450034586707,0
2025-06-13 00:00:00-04:00,591.7168252456129,595.0288334634262,588.731033484191,590.2338256835938,89506000,591.3994567871093,558.9012109375,68.22900809456831,-0.01118006439646746,8.347121855316459,0.04516607129150032,1
2025-06-16 00:00:00-04:00,593.5952983788304,597.5993850121447,593.4172853343232,595.8494262695312,79984100,592.3851501464844,560.2058532714843,63.49787737178588,0.00951419647871532,8.210040514861362,0.04727069699620197,0
2025-06-17 00:00:00-04:00,593.4074309844862,594.9299553868199,589.9965201271316,590.7578125,82209400,592.5275146484375,562.0299426269531,61.02615537638293,-0.008545134970438073,7.602910269187532,0.04757651383468614,0
2025-06-18 00:00:00-04:00,591.6575507239553,594.4060120669617,589.7098464455568,590.6688842773438,76605000,592.6768127441406,563.8700494384766,58.75398001254884,-0.00015053245301976936,7.0335015829441545,0.04781502858002909,0
2025-06-20 00:00:00-04:00,593.3471074282096,594.4180406328666,587.8735160730708,589.2816162109375,94051400,592.972119140625,565.8386193847656,57.73734923135299,-0.0023486391501789106,6.3965645433199825,0.044341805653139964,1
2025-06-23 00:00:00-04:00,590.0351674928282,595.4889076465048,586.9116980815279,595.1022338867188,87426000,593.2473876953125,566.8926208496093,60.120918853088206,0.009877480504495662,6.28896725230004,0.04138816685744613,1
2025-06-24 00:00:00-04:00,599.2470472798032,602.737399696003,598.3347417480489,601.6764526367188,67735300,594.1266906738281,568.5534558105469,62.79336366719136,0.011047208993087754,6.657437340505908,0.03657533057914818,1
2025-06-25 00:00:00-04:00,602.7969444947229,603.4910690166892,600.4468830082857,602.0136108398438,62114800,594.7035583496094,570.03595703125,63.25772426495152,0.0005603646306042709,6.897152310825277,0.03914468471288,1
2025-06-26 00:00:00-04:00,603.8678512919777,607.1599344481853,603.2530708764845,606.7236328125,78548400,595.9214782714844,571.5102331542969,70.28205859680855,0.007823779874487347,7.382091407203916,0.041990576804809096,1
2025-06-27 00:00:00-04:00,607.7251426738447,611.2056301568862,605.6923970890058,609.738037109375,86258400,597.2045532226563,573.0746569824219,68.39194065887244,0.0049683317640052405,7.918368347910018,0.046571739783004246,1
2025-06-30 00:00:00-04:00,612.1873634601734,614.0118537505704,609.867018033134,612.6533813476562,92502500,599.4465087890625,574.9336767578125,69.90791901396764,0.004781306168960997,8.48085360139828,0.050850948222907574,0
2025-07-01 00:00:00-04:00,611.1758893553448,613.625146088841,610.3429883405835,612.455078125,70030100,601.1070739746094,576.7739013671875,67.43390088184671,-0.0003236793082248557,8.809080211282435,0.05447253753398775,1
2025-07-02 00:00:00-04:00,612.0484833566157,615.2711481262035,611.4237773441516,615.2315063476562,66510400,603.554443359375,578.9174145507812,71.74554903281687,0.0045332765158159205,9.187330886801988,0.05958759757304398,1
2025-07-03 00:00:00-04:00,617.214676143094,621.0124795190609,617.194824993195,620.0803833007812,51065800,606.4955932617188,580.8935339355469,73.14890690391876,0.007881385954874975,9.765787202779734,0.06613808709784648,0
2025-07-07 00:00:00-04:00,618.1169852960921,618.7813935886118,612.6731706581298,615.4595336914062,74814500,609.1133850097656,582.6156909179688,76.27697965224955,-0.0074520170832973465,9.739087912239256,0.06657164435052582,0
2025-07-08 00:00:00-04:00,616.1238907210633,616.8775081543645,614.3093261623386,615.1224365234375,59024600,611.1154052734375,584.1082580566406,72.55676533660598,-0.0005477162177452977,9.580291965655874,0.06811523539115989,1
2025-07-09 00:00:00-04:00,617.5319680301938,619.4655183729625,615.6875662931247,618.8110961914062,66113300,612.8288696289062,585.5964953613282,83.94787261229295,0.005996626767211355,9.64095412386132,0.0705804986448151,1
2025-07-10 00:00:00-04:00,618.9499658515675,621.5974919629854,617.7699723301522,620.5563354492188,57529000,614.6831420898437,587.1154846191406,84.77348194985328,0.0028203102183428364,9.717834398020273,0.073788854997555,0
2025-07-11 00:00:00-04:00,617.5022136064131,619.6043777491163,616.3024294765994,618.3748168945312,63670200,615.8482604980469,588.5222314453125,83.23513785251015,-0.0035154238705955576,9.493299407337645,0.07450755483375185,1
2025-07-14 00:00:00-04:00,617.9186024028506,619.901780492049,616.5700558274259,619.5547485351562,51898500,616.829931640625,589.9482250976563,81.24678274270988,0.0019081172266208757,9.303321532324503,0.07559722512378839,0
2025-07-15 00:00:00-04:00,622.2420420602726,622.5791484786782,616.8279435196437,616.9072875976562,74317300,617.255322265625,591.2435607910156,71.63391349278182,-0.00427316705062708,8.83726424455267,0.07204573395560417,1
2025-07-16 00:00:00-04:00,618.4937831556223,619.4754466932056,612.8516386863737,618.9697265625,88987500,617.906787109375,592.4162243652344,72.95923174188643,0.0033431911185151097,8.535935127459197,0.07079310309880357,1
2025-07-17 00:00:00-04:00,619.1482908768893,623.1146474859103,618.9301097920578,622.7576293945312,68885700,618.6593994140625,593.7289086914062,72.2666838448068,0.006119689977517551,8.504744334257794,0.06688238725694076,0
2025-07-18 00:00:00-04:00,624.007017899032,624.175571102461,621.1909387049365,622.301513671875,65621600,618.8815124511718,595.1256042480469,68.7816388129537,-0.0007324129021104575,8.347001639950804,0.06067969978181811,1
2025-07-21 00:00:00-04:00,623.4815063476562,626.2281670376054,623.0551302914085,623.4815063476562,63375000,619.6837097167969,596.4994311523437,67.0732364546242,0.001896175165666536,8.222422002992516,0.05068258504678451,1
2025-07-22 00:00:00-04:00,623.8087114591411,624.4334174667899,620.9232136557434,623.5707397460938,60046300,620.5285400390625,597.7977294921875,67.58710066188584,0.0001431211632245688,8.038232393251064,0.04274206660918612,1
2025-07-23 00:00:00-04:00,626.2381323551606,628.8757934570312,624.4334327911965,628.8757934570312,70511000,621.535009765625,599.2163647460937,69.98848338316714,0.008507541122114937,8.225515674317535,0.04088301474612941,1
2025-07-24 00:00:00-04:00,629.2624631630094,630.7994747941685,628.6576082944551,629.083984375,71307100,622.3877746582032,600.2703918457031,65.2656785861383,0.00033105252282705777,8.29511734183643,0.03726722986731633,1
2025-07-25 00:00:00-04:00,629.7484116245431,632.2174590489252,629.5005143245561,631.741455078125,56865400,623.7244384765625,601.3014416503906,79.57520216589688,0.004224349640319147,8.467109275989856,0.037297507525101484,0
2025-07-28 00:00:00-04:00,632.1182610848412,632.6735486135409,630.1945756243812,631.5828247070312,54917100,624.92724609375,602.3144885253906,80.09449479653713,-0.0002511001451916961,8.49271524293465,0.03764989581477095,0
2025-07-29 00:00:00-04:00,632.980846392065,633.2981621509475,629.0046251365209,629.9168701171875,60556300,626.2282043457031,603.2374670410156,71.92638705121624,-0.0026377452404861,8.283097155819178,0.03757256052641222,0
2025-07-30 00:00:00-04:00,630.5713386132512,632.3165451544952,626.2281734095909,629.1236572265625,80418900,627.2435974121094,604.0706286621094,67.57535766247881,-0.0012592342390789213,7.961195949216403,0.03617674943985961,0
2025-07-31 00:00:00-04:00,634.0816662163586,634.4683400166905,625.464753449126,626.7637329101562,103385200,627.6442077636718,604.843740234375,67.08431530483378,-0.0037511295105476794,7.430012198583995,0.03482828967197897,0
2025-08-01 00:00:00-04:00,621.032217506902,621.0719198033348,614.0811684978922,616.49072265625,140103600,627.0631286621094,605.4509375,45.44648088920656,-0.016390562686528054,6.10967069622609,0.03589035208824519,1
2025-08-04 00:00:00-04:00,620.4075271113948,625.9108344398344,620.3183179857707,625.8612670898438,73218000,627.3011047363282,606.4430798339844,61.090531370580486,0.015199814188961769,5.753097044394849,0.03420619335646779,0
2025-08-05 00:00:00-04:00,626.4760489706393,627.2891592865192,621.7660007962415,622.6881713867188,68051400,627.2128479003907,607.3672143554687,54.48239429884002,-0.005069966572431306,5.155043420125253,0.031816319082320896,1
2025-08-06 00:00:00-04:00,623.7590952688204,628.1121858315174,622.8468502662965,627.457763671875,64357500,627.071044921875,608.4654382324219,55.53477607756607,0.007659680244984202,5.008216250979103,0.031229632309131162,0
2025-08-07 00:00:00-04:00,630.8886206499576,631.6223868787783,623.8185857342208,626.9321899414062,74205800,626.8558654785156,609.315078125,55.44407816843498,-0.0008376240775045396,4.7941809205740356,0.030895444603999178,1
2025-08-08 00:00:00-04:00,628.7269865749256,632.2868180975779,628.4096707981653,631.8207397460938,64051600,626.8637939453125,610.3301159667968,59.0177199550137,0.007797573458693252,4.961824666977236,0.03099313889553355,0
2025-08-11 00:00:00-04:00,632.0984361099556,633.5758942477272,629.3219380955197,630.5713500976562,58742300,626.762646484375,611.2742919921875,57.38489154901285,-0.0019774432364148,4.936958061383848,0.030576005008540207,1
2025-08-12 00:00:00-04:00,632.9214680410968,637.4431125105409,631.434084195598,637.2844848632812,64730800,627.4994079589844,612.3657800292968,58.61435492382842,0.010646114455700184,5.396734769799082,0.03156922909780395,1
2025-08-13 00:00:00-04:00,639.4857330110176,640.7549961752953,637.2745085703324,639.4659423828125,60092800,628.5336364746094,613.4352490234374,60.222579606044434,0.0034230513551560815,5.869476838978244,0.03397966722006087,1
2025-08-14 00:00:00-04:00,637.3835243153912,640.1897383639256,636.9373576458678,639.525390625,59327500,629.8098022460938,614.4390734863281,58.077719196459114,9.296545483872265e-05,6.177712486982841,0.03679650388433125,0
2025-08-15 00:00:00-04:00,640.5566774831647,640.6558727131268,637.11589211782,638.0281372070312,68592500,631.9635437011718,615.4161181640625,56.50776864882453,-0.002341194642022759,6.229367351798146,0.03768852176507772,0
2025-08-18 00:00:00-04:00,637.4529805837014,638.5834067295413,636.7787072305159,637.8892822265625,43804900,633.1663452148438,616.4473327636719,58.305799943534296,-0.00021763143719111255,6.187770995569963,0.03829854205943983,0
2025-08-19 00:00:00-04:00,637.7108075589789,638.6924711313014,633.1098193903536,634.4286499023438,69750700,634.3403930664062,617.2889147949219,55.23583138257948,-0.005425130066677664,5.808603511173715,0.03735051509937707,0
2025-08-20 00:00:00-04:00,634.0221086228163,634.2798709561484,627.6263466835007,632.742919921875,88890300,634.8689086914062,618.0861047363281,55.98082969565615,-0.0026570836306466505,5.310865870983321,0.03732505919469567,0
2025-08-21 00:00:00-04:00,630.9283690027011,632.604096553562,628.4791123479844,630.2044677734375,54805800,635.1961364746094,618.7652954101562,66.22862772516368,-0.004011822287558586,4.657880188098602,0.03723569378763154,1
2025-08-22 00:00:00-04:00,632.3959596753498,641.0624398986112,631.8902394824283,639.8824462890625,84083200,636.0023071289063,619.6720556640626,66.47258166986715,0.01535688655115064,4.865232937078076,0.0392720600684317,0
2025-08-25 00:00:00-04:00,638.6230253017661,639.8625116828326,636.9472372936925,637.0662231445312,51274300,636.6517944335938,620.475234375,67.03468982213982,-0.0044011570576184544,4.747588567204048,0.04005871055666548,1
2025-08-26 00:00:00-04:00,636.7985773675441,640.0807351008626,636.1738713484165,639.733642578125,51581600,636.8967102050781,621.4652307128906,65.30654490106545,0.004187036349890816,4.81409907477223,0.04148544699223153,1
2025-08-27 00:00:00-04:00,639.148612992103,641.9250504526357,638.9998504138363,641.1912841796875,48341100,637.0692443847656,622.3720678710938,67.375507793732,0.0022785132820093423,4.92762602099981,0.04304248885136249,1
2025-08-28 00:00:00-04:00,641.7961126896905,644.0172625669782,639.9121297324674,643.4619750976562,61519500,637.4629028320312,623.4261511230469,65.15221328926881,0.003541362732142783,5.1415540888964415,0.044502157333415934,0
2025-08-29 00:00:00-04:00,642.0242015644989,642.3911452321481,637.7306640961879,639.6245727539062,74522200,637.6225463867188,624.4052648925781,61.03989091699391,-0.0059636816039791984,4.944450774625693,0.03712018500364587,0
2025-09-02 00:00:00-04:00,632.13804448044,635.1028861742022,629.5797276837342,634.884765625,81983500,637.3220947265625,625.3173278808594,46.925722221092784,-0.007410295555874247,4.355573811285808,0.034655357212622466,1
2025-09-03 00:00:00-04:00,637.2645539172183,638.7916398746721,635.0731807265284,638.3255615234375,70820900,637.7117858886719,626.1817944335937,48.584725580380685,0.0054195597134076845,4.119046247162146,0.02939674047954857,1
2025-09-04 00:00:00-04:00,638.999797688006,643.6900550422279,638.09747828346,643.6602783203125,65219200,638.8035217285156,627.0214709472656,54.53749025470387,0.008357360441814565,4.312353384455264,0.028342354813152636,0
2025-09-05 00:00:00-04:00,646.0004708304714,646.7243720544352,637.9190556866993,641.796142578125,85178900,639.9626892089843,627.8171215820313,54.1018570811601,-0.002896148488535144,4.265955231852672,0.025025918092922574,1
2025-09-08 00:00:00-04:00,643.1644862104067,644.3742563254497,641.7861629025881,643.3727416992188,63133100,640.31171875,628.5501037597656,55.788120054478846,0.002456541908713472,4.306757119309964,0.02474255121819071,1
2025-09-09 00:00:00-04:00,643.5115612591451,645.3856792185645,641.7762803015634,644.8601684570312,66133900,641.09111328125,629.2525463867188,61.48971700244167,0.0023119206976098816,4.408299682820825,0.023743345642414385,1
2025-09-10 00:00:00-04:00,648.122479271532,649.0446498954948,645.1576374702139,646.724365234375,78034500,641.790185546875,629.9339660644531,65.33945111400394,0.0028908542790047065,4.586329642934061,0.025992159987199125,1
2025-09-11 00:00:00-04:00,648.6778210448584,652.7929404681626,648.092817304151,652.0988159179688,69934400,642.8809387207032,630.7268408203125,72.61369668192667,0.008310264731785644,5.102277049202144,0.03150151321249175,0
2025-09-12 00:00:00-04:00,652.0690195991697,653.5663289422531,651.374955591632,651.880615234375,72780100,643.722802734375,631.4598229980469,65.40212990008649,-0.00033461291182779185,5.430957417824061,0.03556999496665892,1
2025-09-15 00:00:00-04:00,654.0918582328915,655.4800466805781,653.7943936028013,655.3511352539062,63772400,645.295458984375,632.1652380371094,73.08467617650322,0.005323858293106998,5.903429874367021,0.04078479724932248,0
2025-09-16 00:00:00-04:00,655.9064595692537,656.213910313041,653.6655188822047,654.4488525390625,61169000,647.2518676757812,632.9450244140625,69.44456990218598,-0.0013767927852816886,6.134348079598453,0.04415377253132992,0
2025-09-17 00:00:00-04:00,654.4587781451693,656.1543568928759,648.7967821934204,653.6357421875,101952200,648.7828857421875,633.7152905273438,66.72896920208996,-0.0012424352925486382,6.180496296910405,0.04519558344400099,1
2025-09-18 00:00:00-04:00,656.3229362038169,659.2977035594738,654.7165666735059,656.6898193359375,90459200,650.08583984375,634.4728649902344,67.41526806133453,0.004672445142330339,6.389849387307663,0.04603890082767964,1
2025-09-19 00:00:00-04:00,658.5800832029405,660.7874850308027,656.6311583459587,659.9423217773438,97945600,651.9004577636719,635.2605847167969,77.16798009937256,0.004952874775332017,6.7405125516078215,0.045782754971287275,1
2025-09-22 00:00:00-04:00,658.4507703315647,663.5119177999496,658.4209110544651,663.0645141601562,69452200,653.8696350097656,636.1543786621094,89.38446551256439,0.004731007968096224,7.187497470966491,0.05051005105139919,0
2025-09-23 00:00:00-04:00,662.9452156846509,663.5617612775759,658.2320617574377,659.4551391601562,81708900,655.3291320800781,636.9523864746094,79.39253153745184,-0.0054434748398075605,7.167863177347499,0.05096301632155452,0
2025-09-24 00:00:00-04:00,660.7477220570149,660.8471316064555,655.9350982101993,657.3569946289062,68082200,656.3923950195312,637.7613806152344,70.9383718217868,-0.003181633452613686,6.903421780397139,0.05082083910948835,0
2025-09-25 00:00:00-04:00,654.2149171420698,655.6765652531099,650.7048739536411,654.3242797851562,89622100,656.61494140625,638.4684716796875,68.49128231184045,-0.0046134974884720625,6.375640906015406,0.049904630026957796,1
2025-09-26 00:00:00-04:00,655.7760789419195,658.619871988132,654.1553026157394,658.072998046875,69179200,657.2341796875,639.1747790527344,70.38988569425797,0.005729144366994232,6.188523547750833,0.050228800351054356,1
2025-09-29 00:00:00-04:00,660.5985670660314,661.5134019828115,658.112721358766,659.9224243164062,73499000,657.69130859375,639.927197265625,70.68427934421833,0.0028103664411398555,6.1189297239135385,0.04916731562137701,1
2025-09-30 00:00:00-04:00,659.1766647693167,662.8756347075731,657.8641309647478,662.4082641601562,86288000,658.4872497558594,640.705732421875,71.17639787383081,0.0037668667591119753,6.192973869708567,0.04497557108023936,1
2025-10-01 00:00:00-04:00,659.4153308150761,665.5802405756418,659.3059681646932,664.6654663085938,72545400,659.5902221679687,641.527626953125,68.52706370174138,0.0034075694259330103,6.360472173899552,0.04247321727456631,1
2025-10-02 00:00:00-04:00,666.6540464714482,666.7733621981591,663.004842335434,665.4309692382812,56896000,660.4643371582031,642.25873046875,69.66007165894169,0.001151711603039951,6.480284786401512,0.042215769055687975,0
2025-10-03 00:00:00-04:00,666.1966948783695,668.8714672806448,664.377038831869,665.421142578125,70494400,661.0122192382812,642.9854736328125,66.24146763558755,-1.4767362221612679e-05,6.499521774458685,0.03958991300337469,1
2025-10-06 00:00:00-04:00,667.8174482099862,668.7024238148077,665.669704301124,667.8074951171875,54623300,661.4865173339844,643.7067944335937,70.56125689076609,0.003586228910336109,6.630889169648526,0.03769626604330151,0
2025-10-07 00:00:00-04:00,668.7322238208072,669.1796881705657,663.8898014056139,665.3316040039062,72020100,662.0741638183594,644.3817700195312,67.12536887128513,-0.003707492250961897,6.460739670579528,0.03421604552554474,1
2025-10-08 00:00:00-04:00,666.4552183740389,669.398481470165,665.6299006256374,669.2990112304688,60702200,663.2683654785156,645.1694128417969,67.98174225029203,0.005963052412792269,6.570293321341296,0.03251458455404272,0
2025-10-09 00:00:00-04:00,669.7166839203261,670.1243359074817,665.4211353124821,667.3600463867188,66501900,664.5719421386718,645.934140625,60.99001663893511,-0.0028970083792374535,6.426575557948581,0.032036526741397724,0
2025-10-10 00:00:00-04:00,668.324542434099,670.1342452495495,649.14378031214,649.32275390625,159422600,663.6969177246094,646.3853210449219,35.88059035055042,-0.02702782789908964,4.801866507755108,0.03353776689243186,1
2025-10-13 00:00:00-04:00,656.9095884512618,661.3642043859337,656.0345659370097,659.2860107421875,79560500,663.6332763671875,647.2412268066406,49.84629311808083,0.015344074693208754,4.269013905396264,0.03278470164158345,0
2025-10-14 00:00:00-04:00,653.4492417720955,662.0602448848334,649.4718888267987,658.4805908203125,88779600,663.2405090332031,647.89361328125,51.045715175111425,-0.0012216548034567065,3.7386370419125114,0.031738802496405406,1
2025-10-15 00:00:00-04:00,663.0446741742268,666.4353410824248,655.1993304017814,661.4039916992188,81702600,662.9143615722656,648.6679296875,56.60242253136313,0.004439615866679292,3.5136998310397303,0.030004987365431116,0
2025-10-16 00:00:00-04:00,663.0446615126489,664.9239754340409,653.3896149312258,656.899658203125,110563300,662.06123046875,649.256767578125,48.92096991468343,-0.006810260525524803,2.938104759231237,0.02994434398154332,1
2025-10-17 00:00:00-04:00,655.7660892614911,661.9906565438909,654.4138037793879,660.62841796875,96500900,661.5819580078125,649.9306921386719,50.62755604167142,0.005676300358907982,2.7511082055367524,0.029898875075358582,1
2025-10-20 00:00:00-04:00,663.5418206897375,668.4041493887289,663.4921159142255,667.499267578125,60493400,661.5511352539063,650.6442626953125,54.19811059606316,0.010400475399621634,3.121351236802866,0.030975210323699667,0
2025-10-21 00:00:00-04:00,667.6384328159621,669.1796448635298,666.1866772188026,667.4892578125,56249000,661.7669006347656,651.3826208496093,52.41815690082865,-1.4995920012528252e-05,3.3750582317129556,0.03181859408369194,0
2025-10-22 00:00:00-04:00,668.1953369980629,668.1953369980629,659.5445816579371,664.0191040039062,80564000,661.2389099121094,651.9173132324219,48.84447463858612,-0.005198815962920711,3.2585479298121527,0.031234796750291765,1
2025-10-23 00:00:00-04:00,664.3372592841532,668.9012985038863,664.019063764971,667.9566650390625,65604500,661.2985717773438,652.4871276855469,51.94981235015705,0.005929891190499692,3.4442379134086423,0.029960769343463072,1
2025-10-24 00:00:00-04:00,672.6300829996666,674.628651928334,671.8246714345047,673.4155883789062,74356500,663.7078552246094,653.164931640625,54.118012984673136,0.008172571104630766,3.985940612414538,0.03221574213662897,1
2025-10-27 00:00:00-04:00,678.8645527756448,681.658640907831,678.2580209918731,681.3603515625,63339800,665.9152893066406,654.0315759277344,60.894853658030655,0.011797712023148943,4.99869801673799,0.039467071694318547,1
2025-10-28 00:00:00-04:00,683.1600908523567,685.0095454543999,680.9526890414517,683.1700439453125,61738100,668.3842346191407,654.9371911621093,59.71314835029102,0.002655998956591077,5.879566623122059,0.04630393099577331,1
2025-10-29 00:00:00-04:00,684.8205950917289,685.795087823854,679.0037407351697,683.4981689453125,85657100,670.59365234375,655.9185815429687,61.561495118852,0.0004802976988058649,6.528877450082518,0.051907742094620714,0
2025-10-30 00:00:00-04:00,680.0279207971732,682.0563488815194,675.98095703125,675.98095703125,76335800,672.5017822265625,656.7833422851562,72.48784908147294,-0.010998144919191377,6.363529968658099,0.05326663345928172,1
2025-10-31 00:00:00-04:00,681.1614729090464,681.2012852815519,675.3943230278239,678.1983642578125,87164100,674.2587768554688,657.7432202148437,68.35202532065406,0.0032802806107155025,6.338352547226236,0.055090209729909696,1
2025-11-03 00:00:00-05:00,681.7878948104295,681.9171636388411,676.0903560257897,679.4711303710938,57315000,675.4559631347656,658.5349938964844,70.18555669944557,0.0018766870879645126,6.347925909303626,0.057168223127270296,0
2025-11-04 00:00:00-05:00,672.2820616639051,676.1103005794487,670.7607556049009,671.4169921875,78427000,675.8487365722656,659.2220092773438,58.76416103323856,-0.011853539942447533,5.640590016977285,0.0570857716447472,1
2025-11-05 00:00:00-05:00,671.1583975728993,677.0051112074705,670.3529860359731,673.7437133789062,74402400,676.8211975097656,659.9022106933594,65.32752459586361,0.003465389196996238,5.207736634930939,0.05744688371508612,0
2025-11-06 00:00:00-05:00,672.6399897028363,673.5448715272548,664.9338680034818,666.514892578125,85035300,676.6770202636719,660.4086828613281,55.0357248031011,-0.010729333212666003,4.232600996685051,0.05750782249930728,1
2025-11-07 00:00:00-05:00,664.1284090392404,667.2805048704689,657.4663915648358,667.1710815429688,100592400,676.0525695800782,660.8828649902343,49.685841054386835,0.0009845075813768034,3.472716627771092,0.05048701713279061,1
2025-11-10 00:00:00-05:00,673.4056760856186,678.317709828293,671.2082272333661,677.5819091796875,75842900,675.6747253417968,661.64201171875,58.05693715746884,0.015604434791510524,3.6682838809498435,0.04910832372013997,1
2025-11-11 00:00:00-05:00,676.1002762110339,679.6997756663966,674.8871520395073,679.1329956054688,58953400,675.2710205078125,662.5269763183594,62.44674498513183,0.0022891497024457585,3.903435673035915,0.047023516684638465,1
2025-11-12 00:00:00-05:00,680.9128544582501,681.081935653801,677.0946296424269,679.5108642578125,62312500,674.8722900390625,663.3506823730469,60.10785758527157,0.0005563986064420767,4.073331178440867,0.04563367040458719,0
2025-11-13 00:00:00-05:00,676.6471697129602,677.0051169124795,666.723693536663,668.2350463867188,103457800,674.0976989746093,663.842177734375,45.886593701416274,-0.016594021470737852,3.260525021409535,0.040483192459689996,0
2025-11-14 00:00:00-05:00,661.6128286383953,671.8345948923219,659.5147893727298,668.125732421875,96846700,673.0904357910156,664.36876953125,37.998202243210805,-0.00016358609958400105,2.57783389809083,0.037196726817377276,0
2025-11-17 00:00:00-05:00,665.9083353081996,669.8956413839408,658.4209391867944,661.901123046875,90456100,671.3334350585938,664.7393371582032,32.142234867508066,-0.009316523930962162,1.5170348752844802,0.03960347250279066,0
2025-11-18 00:00:00-05:00,658.351356546523,661.3542775984923,652.1466953365565,656.3428344726562,114467500,669.8260192871094,664.9689904785156,29.040685979387078,-0.00839746055820656,0.22524014351517962,0.04511623005643264,1
2025-11-19 00:00:00-05:00,657.0389163187169,663.561773390439,655.020380360944,658.87841796875,94703000,668.3394897460937,665.2120715332031,35.70008389861128,0.003863199783587179,-0.5871478163708161,0.04746095470002213,0
2025-11-20 00:00:00-05:00,669.1001291109939,671.7351497651099,648.1991802397498,648.8355712890625,165293500,666.5715576171875,665.146806640625,28.28994752546558,-0.015242336682765423,-2.0180817329929823,0.056898927150673996,1
2025-11-21 00:00:00-05:00,651.3412595795126,660.7874729698119,647.1650267848305,655.2987670898438,123956200,665.384326171875,665.2151696777344,33.40159228034058,0.009961222976632822,-2.600603150990878,0.06089679539351922,1
2025-11-24 00:00:00-05:00,658.9380055466532,666.2662734630499,657.8442577670318,664.9437866210938,80437900,664.1205139160156,665.4070227050781,45.65008928930308,0.014718507062180475,-2.2579548047530125,0.05951712233222254,1
2025-11-25 00:00:00-05:00,664.8443455838128,672.3814460202411,660.7178178396566,671.1981811523438,81077100,663.3270324707031,665.7420092773438,48.37520316778113,0.00940589965210692,-1.4648403850678733,0.056632001567732355,1
2025-11-26 00:00:00-05:00,673.7934667684052,677.8404309302599,672.8885849296569,675.8318481445312,71879600,662.959130859375,666.1859313964844,56.15072249805182,0.006903575013019525,-0.4571238530595565,0.0539092382580361,1
2025-11-28 00:00:00-05:00,677.0051081523229,679.7991961322198,676.6471609574353,679.5208129882812,49212000,664.0877075195312,666.6425512695313,57.83896072500062,0.005458406338614941,0.6318834328079674,0.054964979286333204,0
2025-12-01 00:00:00-05:00,674.9667623359846,679.1230890446475,674.8971513739515,676.4185180664062,61201200,664.9169860839844,666.9720751953125,49.18601800915405,-0.004565415602551193,1.23041680052836,0.054466766813421705,1
2025-12-02 00:00:00-05:00,678.0591325179204,679.9483994968172,675.4838303983408,677.67138671875,62953800,666.4940124511719,667.2642126464843,48.97308062091164,0.0018522092741120044,1.785275293937616,0.05387307611348753,1
2025-12-03 00:00:00-05:00,676.7167950740063,681.0321891246488,675.8417725523884,680.0180053710938,57238500,668.8615295410157,667.6754699707031,50.34672292794556,0.0034627677932603795,2.3868431195141966,0.05578185081728882,1
2025-12-04 00:00:00-05:00,681.4199577792665,681.4895687361658,677.4824173401821,680.51513671875,61970300,671.0252014160156,668.1386328125,59.846949113223005,0.0007310561539983773,2.8706136531035327,0.05746433781683351,1
2025-12-05 00:00:00-05:00,681.5890143183475,684.4925257185774,680.7040993957534,681.8078002929688,79241000,674.3224243164062,668.6883032226563,60.76681373552006,0.0018995368427094927,3.3200410667867573,0.05940844593783583,0
2025-12-08 00:00:00-05:00,682.7027235077143,682.7524282821314,677.7111260885928,679.7594604492188,55231500,676.7684936523438,669.1220324707032,65.04192435622593,-0.0030042775146746914,3.4709210065893785,0.060415444523068754,0
2025-12-09 00:00:00-05:00,679.2821528162136,681.5094606319436,678.7253258622812,679.1727294921875,58310100,678.1913879394531,669.5070385742188,70.98709392895097,-0.0008631449669616043,3.5027723815823038,0.0607647105949315,1
2025-12-10 00:00:00-05:00,678.6955405173951,685.0692222502689,677.4526176554032,683.6771850585938,85671300,679.4392883300782,669.9324169921875,72.0006411165825,0.00663226800901473,3.8471393173546176,0.062144529240008475,1
2025-12-11 00:00:00-05:00,681.2609148661827,685.3476304583654,678.3076987410943,685.26806640625,86173700,680.38291015625,670.3444689941406,88.02400778686018,0.002326948130527251,4.200008342432511,0.06396949824307031,0
2025-12-12 00:00:00-05:00,684.2737056052856,684.9797075791527,675.3246617594549,677.9000244140625,113160300,680.2208312988281,670.5938500976563,73.15129848937838,-0.010752057995096265,3.840845301821105,0.0642481515743605,0
2025-12-15 00:00:00-05:00,681.8574988128718,681.8774049984522,675.4042533093998,676.8758544921875,90811000,680.2665649414063,670.8229443359374,64.84412134980934,-0.0015107978831542246,3.433979275644674,0.0642387653171254,0
2025-12-16 00:00:00-05:00,675.3843754405706,677.2239376857725,671.1584377196804,675.0264282226562,122030600,680.0020690917969,670.9673229980468,55.348767400848004,-0.00273229759527871,2.9285433501519265,0.06245999392061763,0
2025-12-17 00:00:00-05:00,676.0406154817738,676.5874893555698,667.3998140691156,667.5986938476562,110625200,678.7601379394531,671.0126647949219,39.32985287138111,-0.011003620102041367,1.9066470099493245,0.058413309229873187,1
2025-12-18 00:00:00-05:00,673.7635606688432,676.8857972779194,671.0788959983324,672.6399536132812,108650100,677.9726196289063,671.0794836425781,41.384412217847455,0.0075513325776148665,1.4864395792998266,0.054565915964630576,1
2025-12-19 00:00:00-05:00,674.747283458469,679.2350273728672,674.6275542880097,678.7363891601562,103599500,677.665478515625,671.3070104980469,52.69979752940374,0.009063445479451815,1.6266030937347296,0.04124689792899889,1
2025-12-22 00:00:00-05:00,682.0772531068674,683.4933686131409,678.7364013691785,682.96484375,69556700,677.9860168457031,671.9798522949219,55.765998638413755,0.006229892278320159,2.055193642482095,0.03045113978657079,1
2025-12-23 00:00:00-05:00,682.0572680421344,686.325640311278,682.0074163952171,686.0863037109375,64840000,678.6773742675781,672.5158581542969,56.50028309572035,0.004570454818432879,2.6165683012908403,0.027192376497808132,1
2025-12-24 00:00:00-05:00,686.0763204450832,688.9484813838191,685.9267046355759,688.4996948242188,39445600,679.1596252441407,673.116240234375,58.21567408356413,0.0035176203055324873,3.2190945381544225,0.02827641333017163,0
2025-12-26 00:00:00-05:00,688.758988861415,689.7761694005526,687.392725060237,688.4298706054688,41613300,679.4758056640625,673.6567578125,56.989640777199405,-0.00010141503224314619,3.648904392455961,0.030225302198008206,0
2025-12-29 00:00:00-05:00,685.6674092439482,687.322922191004,684.2014421207446,685.9765625,62559500,680.2834594726562,674.2382958984375,56.50656974404507,-0.003563628207054803,3.748361558866236,0.031227460686925775,0
2025-12-30 00:00:00-05:00,685.5777200962995,686.6846823672308,684.7100944386586,685.138916015625,47160700,681.109765625,674.728505859375,56.21134983593141,-0.0012211007345822589,3.716746667028133,0.03136377376589837,0
2025-12-31 00:00:00-05:00,685.2685588951464,685.4879304984822,679.8533550408816,680.062744140625,74144800,681.6133972167969,674.979775390625,46.281302081174736,-0.007408967373390696,3.2446842897529677,0.03109657506972934,1
2026-01-02 00:00:00-05:00,683.842447277036,684.999261161205,677.9684744567207,681.309326171875,89377200,682.9844604492188,675.2561767578125,45.89801060471141,0.0018330397334518356,2.937300830964773,0.031080319627281895,1
2026-01-05 00:00:00-05:00,684.6701449336617,687.5522884526621,684.5106074856512,685.846923828125,71927200,684.3051574707031,675.6927331542969,58.74757127615833,0.006660113816063129,3.024973423227948,0.031738561533429265,1
2026-01-06 00:00:00-05:00,686.0563439630641,690.4344019511112,685.9067890249802,689.92578125,69273800,685.4240966796875,676.1321154785156,63.459596659053766,0.005947183373089304,3.384569084173677,0.03375390626016798,0
2026-01-07 00:00:00-05:00,690.3047811958188,692.0699799720542,687.4426026835383,687.701904296875,75588300,685.897802734375,676.417841796875,62.97318469117354,-0.0032233567922274053,3.450329698805831,0.03457114610689719,0
2026-01-08 00:00:00-05:00,686.9439569075789,688.7390423054183,685.6175622141362,687.632080078125,64019200,686.0523803710937,676.5432763671874,74.13969866838077,-0.00010153268198576093,3.456961528160832,0.03509844453750927,1
2026-01-09 00:00:00-05:00,688.7489932725086,693.4162394407576,687.3029303433501,692.1796264648438,80125500,686.4203735351563,676.7234680175782,73.82830177444325,0.006613342394092614,3.7855290660187393,0.037346057080391314,1
2026-01-12 00:00:00-05:00,688.7988836287034,694.1941832506386,688.7490319805348,693.2666625976562,63976000,686.904052734375,676.918837890625,70.18565812992,0.0015704538117717881,4.086528975892293,0.03967712456680418,0
2026-01-13 00:00:00-05:00,693.595779418591,694.194181802135,689.467040360938,691.8804931640625,78309700,687.4944458007812,677.2368286132812,63.44772222610924,-0.0019994751058702853,4.1652073666929255,0.04048534407287275,0
2026-01-14 00:00:00-05:00,689.1180078469732,689.8360176539858,684.1714948792828,688.479736328125,94676700,687.8285278320312,677.4424560546875,53.57991871373431,-0.0049152373416185835,3.9080977843486835,0.039669393308860976,1
2026-01-15 00:00:00-05:00,692.678285342935,693.5558934557131,689.3673203481677,690.3546142578125,77862000,688.85771484375,677.6601257324219,52.81987711344644,0.0027232143965294497,3.811684837765142,0.03809572729346945,0
2026-01-16 00:00:00-05:00,691.7707369284135,692.359156800422,688.22043529661,689.7761840820312,79289200,689.7044006347656,678.0273095703125,52.01551889240575,-0.0008378739908954103,3.646567046929249,0.02972253837184829,0
2026-01-20 00:00:00-05:00,679.6338820353151,682.9049778344743,674.7272992054969,675.7345581054688,111623300,688.6931640625,678.0671264648438,38.61670648665589,-0.020356785723545046,2.355515229233106,0.027344607580303132,1
2026-01-21 00:00:00-05:00,677.7989248999835,686.8641332264262,676.2830453044572,683.5332641601562,127844500,688.0539123535157,678.4074938964844,48.45456030134517,0.011541079202094462,1.9392829179734008,0.02555889348768835,1
2026-01-22 00:00:00-05:00,687.9711412752974,689.2476843606095,685.0491285530771,687.103515625,77112200,687.9940734863281,678.806142578125,56.97905726219805,0.005223230019727687,1.875881276227915,0.02502305146548357,1
2026-01-23 00:00:00-05:00,686.2757685331861,689.0781127396581,685.2884137823622,687.352783203125,63059600,687.9661437988282,679.0015600585938,56.11131410288061,0.0003627802397405677,1.8247146540130643,0.024997428870876325,1
2026-01-26 00:00:00-05:00,688.609372319757,692.2394730275811,688.0409174669724,690.84326171875,60473800,687.8325073242188,679.2357653808593,55.16175083359816,0.005078147060609828,2.042275106185002,0.025424877042653296,1
2026-01-27 00:00:00-05:00,692.2893344912051,694.6329705879123,691.6810104865692,693.5957641601562,55506100,687.8654174804688,679.5174633789062,53.898319150122475,0.003984264729684606,2.4090275058485986,0.026741789688566175,0
2026-01-28 00:00:00-05:00,695.1515053497095,695.9393926651097,692.0499903412962,693.5259399414062,61172200,688.0299621582031,680.02328125,56.48306552977545,-0.00010066990364987483,2.663345801458604,0.02780067539761716,0
2026-01-29 00:00:00-05:00,694.4933553961189,695.1615135683285,682.9648421722587,692.1497192382812,97486200,688.3969604492188,680.5037609863281,54.886713700386494,-0.0019843824489698125,2.7224625205451503,0.028101902052250216,0
2026-01-30 00:00:00-05:00,689.9058246991844,692.3192774332931,685.2485609149509,690.0853271484375,101835100,688.3700317382812,681.0674450683593,47.60599739061878,-0.0029825802604032114,2.573072973966873,0.025912866666281925,1
2026-02-02 00:00:00-05:00,687.7019133171445,695.0318708971434,687.5423149981101,693.5159912109375,79286500,688.7440124511719,681.810908203125,50.27051439454442,0.004971362130935519,2.700378320249115,0.024598658645520844,0
2026-02-03 00:00:00-05:00,694.3138377504575,695.0617950648859,682.1670182684101,687.6520385742188,107904600,689.9357604980469,682.3863806152344,45.818540886303474,-0.00845539643070059,2.3015657365413063,0.02426546345961175,0
2026-02-04 00:00:00-05:00,688.4697490630058,689.5667896413613,679.9031787408285,684.3211059570312,105204600,690.0145446777344,683.0960913085937,45.88190212786019,-0.004843921678897134,1.69716164324484,0.025101160843275096,0
2026-02-05 00:00:00-05:00,679.0854402743204,681.8279505601881,673.9494421186707,675.7744750976562,113610800,688.881640625,683.50560546875,37.24706990271981,-0.012489211256201727,0.5225022805894923,0.030459242031065824,1
2026-02-06 00:00:00-05:00,679.6039887472712,690.4244132010324,678.995603890688,688.739013671875,89127600,689.020263671875,683.9815100097657,49.254370530413595,0.019184711840951385,0.6304388795226714,0.0304387106616737,1
2026-02-09 00:00:00-05:00,687.5423060693106,693.9747512796714,686.4652913399738,692.0599975585938,73885200,689.1419372558594,684.3987463378907,63.87525159255494,0.004821832103010459,0.9727418938150549,0.030413622638146044,0
2026-02-10 00:00:00-05:00,693.0572335194393,694.64286887948,689.7761552680904,690.2349243164062,65185700,688.8058532714844,684.6868078613281,56.33957976322997,-0.002637160432080843,1.0842527501509949,0.029822951137632392,0
2026-02-11 00:00:00-05:00,694.4933668556342,695.2413241987686,687.3029816841566,690.075439453125,76353900,688.4608032226563,684.897900390625,53.005285728040526,-0.00023105881441631837,1.1465402097519473,0.02953630962147598,0
2026-02-12 00:00:00-05:00,692.3491972008484,693.4561594586687,678.5169776231163,679.41455078125,118829000,687.1872863769531,684.9578210449218,43.36895451161937,-0.0154488742279012,0.3318336790931653,0.03170098887906164,1
2026-02-13 00:00:00-05:00,679.833354327075,684.410879804094,675.6747287653898,679.8931884765625,96267500,686.1680725097656,685.0022570800782,40.36843529351132,0.0007044854938154099,-0.2720688142939025,0.03310977996274365,1
2026-02-17 00:00:00-05:00,678.287593220413,683.074507822494,673.9394826742099,680.9901733398438,81354700,684.9154907226563,685.0217004394531,38.5796598173011,0.0016134664707250224,-0.6546025301125837,0.03391057035745531,1
2026-02-18 00:00:00-05:00,682.157061237011,687.2730943282486,680.9702998190471,684.4208374023438,73570300,684.5923706054688,685.099814453125,42.22451328282344,0.005037758541617032,-0.6731773676615376,0.03053877337622735,0
2026-02-19 00:00:00-05:00,681.9775120282383,684.311104689823,679.6937101433548,682.61572265625,58649400,684.4218322753907,685.1159729003906,41.91745721615505,-0.0026374339404172664,-0.8240565236328621,0.030763209190600094,1
2026-02-20 00:00:00-05:00,680.4616860592505,688.1805961724377,679.8732661615737,687.5523071289062,100034000,685.5996154785156,685.2718298339844,47.952325362232315,0.007231864589122949,-0.5390741206790608,0.03076476688847651,0
2026-02-23 00:00:00-05:00,685.9566804858357,688.1207533479937,678.5169762252317,680.531494140625,90558100,684.7788635253906,685.2990051269531,40.0792769938164,-0.010211314710874664,-0.8697188681913985,0.03199332435136899,1
2026-02-24 00:00:00-05:00,680.0427976196477,686.4751816677359,678.1479481229125,685.4779052734375,73798700,684.120654296875,685.33501953125,48.31524551225598,0.00726845293039502,-0.7242741911953772,0.0315853171810418,1
2026-02-25 00:00:00-05:00,688.3002642742074,691.7907319065998,688.2204651135966,691.26220703125,56369500,684.2233825683594,685.45490234375,55.18169631832236,0.008438348943581309,-0.14064219074691664,0.030808080650572663,0
2026-02-26 00:00:00-05:00,691.391808867856,691.4117130049051,682.486077089091,687.422607421875,71671000,683.9580993652344,685.6453540039063,59.35291252096334,-0.005554476391621099,0.011929261742693598,0.029329384571688103,0
2026-02-27 00:00:00-05:00,681.2295779636313,684.9892686841309,679.7835149777827,684.1216430664062,83308900,684.42880859375,685.7902697753906,45.611407289666495,-0.004801943258527341,-0.1319954378740249,0.028285609761504394,1
2026-03-02 00:00:00-05:00,676.8515442239554,686.744509644098,676.1734035367807,684.5106201171875,87477200,684.8905517578125,685.9799536132813,42.40115399690613,0.0005685787823312971,-0.21222322482924483,0.0277159766777682,0
2026-03-03 00:00:00-05:00,673.221445388408,680.7508704958498,667.8361281509542,678.4771118164062,105003100,684.6392456054688,686.1975219726562,39.089483902684364,-0.00881433848279567,-0.7539667602571853,0.02691314568330326,1
2026-03-04 00:00:00-05:00,679.7735096903759,685.2186606854194,677.7689744100875,683.2639770507812,79182200,684.5235595703125,686.4100024414063,44.179263597226466,0.007055308353084655,-0.7879592919927063,0.026689278945459652,0
2026-03-05 00:00:00-05:00,680.2223290726917,683.6629449535216,673.7699188745959,679.4544067382812,106606500,684.2074279785156,686.4243627929687,50.03857600773175,-0.005575546846393831,-1.1095093712215203,0.027521484257751232,0
2026-03-06 00:00:00-05:00,671.5758690877306,674.2685275228549,667.9358467743081,670.5487060546875,100687000,682.5070678710938,686.1760400390625,42.22408451419574,-0.013107135070836495,-2.059218355391522,0.031069784760986176,1
2026-03-09 00:00:00-04:00,664.5750801817165,678.0681991431876,660.5859743093405,676.4227294921875,102667700,682.09619140625,685.9827685546875,46.479166137363,0.008760025013039074,-2.311242403753681,0.031918488443569405,0
2026-03-10 00:00:00-04:00,675.87413967305,681.4987932365287,672.9222404542279,675.3356323242188,81505300,681.0819641113281,685.7194873046875,42.73410652920962,-0.0016071269053671289,-2.569078199730143,0.03130937601508611,0
2026-03-11 00:00:00-04:00,675.7345715953234,678.2277626375325,671.5061293267642,674.4879760742188,68441700,679.404541015625,685.4406494140625,43.39873868889874,-0.0012551629285171284,-2.8094283595438583,0.03120524174421993,0
2026-03-12 00:00:00-04:00,669.3319958917509,669.8207124533001,664.0564256954588,664.2459106445312,108882200,677.0868713378907,685.0060363769531,32.57271636919269,-0.015184948869363502,-3.7827514721985835,0.03679559846586732,0
2026-03-13 00:00:00-04:00,667.4472371497842,670.5088831921612,659.5587462493693,660.4862060546875,97200200,674.7233276367188,684.5129821777343,34.24272258302243,-0.005660109501006372,-4.802137736035888,0.04532999760354178,1
2026-03-16 00:00:00-04:00,666.5596317087426,670.239584206393,665.3030536555561,667.2078857421875,82023100,672.9930541992187,684.2558850097656,36.028188578566,0.010176866111483163,-5.0098746031615065,0.04819982570102367,1
2026-03-17 00:00:00-04:00,670.5586914524959,672.60309589337,667.8760155087483,668.9630126953125,87128000,672.0416442871094,684.0089587402343,31.826999602069236,0.00263055486997521,-4.975528692504668,0.04988649139614383,0
2026-03-18 00:00:00-04:00,666.5396583763402,667.8959397089973,659.3892034355257,659.6285400390625,82062600,669.6781005859375,683.4845910644531,29.210812725752078,-0.013953645387120184,-5.636548618927236,0.054923127387693525,0
2026-03-19 00:00:00-04:00,655.1806813207687,661.1743225351036,653.3855958813168,658.0029907226562,111272500,667.532958984375,682.8461352539063,29.96175234927111,-0.0024643404851918405,-6.219881001120598,0.05989999336799507,0
2026-03-20 00:00:00-04:00,656.510009765625,656.6900024414062,644.719970703125,648.5700073242188,163617500,665.3350891113281,682.0634973144531,25.786480585219024,-0.01433577587250423,-7.358514665664643,0.0677995614059584,1
2026-03-23 00:00:00-04:00,658.0700073242188,662.6199951171875,653.9400024414062,655.3800048828125,134802700,663.2308166503906,681.4184558105469,34.600387245793655,0.01050001924493782,-7.623501182605651,0.07150934537537056,0
2026-03-24 00:00:00-04:00,651.3200073242188,657.030029296875,649.8800048828125,653.1799926757812,96457500,661.0152526855469,680.6384631347656,29.225385949857284,-0.0033568497522664664,-7.919733744500945,0.07378007686980344,1
2026-03-25 00:00:00-04:00,658.6699829101562,660.8900146484375,654.239990234375,656.8200073242188,90653800,659.2484558105468,679.9095300292969,34.333038167629326,0.0055727589473859585,-7.771199868110443,0.07051651575586051,0
2026-03-26 00:00:00-04:00,652.0599975585938,654.8499755859375,644.8200073242188,645.0900268554688,96494400,657.3328674316406,678.973720703125,33.04119649793583,-0.017858744158138706,-8.501991428353222,0.07298214434211031,0
2026-03-27 00:00:00-04:00,642.5,642.6599731445312,633.1099853515625,634.0900268554688,103649400,654.6932495117187,677.8859265136718,23.60354490463726,-0.017051883523327982,-9.855153004858266,0.08169184656405036,0
2026-03-30 00:00:00-04:00,640.1099853515625,640.3699951171875,629.280029296875,631.969970703125,99275900,651.1694580078125,676.7182336425781,23.303351551855897,-0.0033434623831846144,-10.972134183733374,0.08813143716351919,1
2026-03-31 00:00:00-04:00,638.9400024414062,651.5399780273438,637.97998046875,650.3400268554688,152534100,649.3071594238281,675.9295104980469,37.77216241475995,0.02906792569891481,-10.256805736981505,0.08643624291232728,1
2026-04-01 00:00:00-04:00,653.9000244140625,658.52001953125,653.0,655.239990234375,97841500,648.8683044433594,675.519619140625,45.17882266988791,0.007534463782890022,-9.188596277112197,0.0805945736933705,1
2026-04-02 00:00:00-04:00,646.4199829101562,658.2000122070312,645.1099853515625,655.8300170898438,68358700,648.6510070800781,674.9655541992188,47.41981983688318,0.0009004744280911581,-8.199899016355516,0.07546975988206582,1
2026-04-06 00:00:00-04:00,655.8599853515625,659.719970703125,655.52001953125,658.9299926757812,39105800,649.6870056152344,674.4020837402344,45.22106936699298,0.004726797348638012,-7.084541012994464,0.07342835298328657,1
2026-04-07 00:00:00-04:00,656.6500244140625,659.6099853515625,651.0599975585938,659.219970703125,69980400,650.0710021972657,673.8394274902344,44.27842899990251,0.0004400741058487867,-6.106817367005988,0.06844105002209072,1
2026-04-08 00:00:00-04:00,676.3900146484375,677.0800170898438,671.4600219726562,676.010009765625,93606100,652.35400390625,673.5427624511718,58.84541662711847,0.025469554638327674,-3.9318248716647304,0.0688022684585451,1
2026-04-09 00:00:00-04:00,674.8400268554688,681.1599731445312,673.77001953125,679.9099731445312,57134400,654.6630004882812,673.2690466308594,61.54541945445188,0.00576909117108837,-1.871855611508181,0.07184030505150979,0
2026-04-10 00:00:00-04:00,681.3200073242188,682.030029296875,678.4500122070312,679.4600219726562,42253500,658.1,672.9877282714843,67.98230840620741,-0.0006617805145495703,-0.2724814343670232,0.07751761298729426,1
2026-04-13 00:00:00-04:00,677.4099731445312,686.2999877929688,676.5800170898438,686.0999755859375,54185800,663.3009948730469,672.8667333984375,67.91879444844764,0.009772397784351794,1.5133776129923717,0.08642538935122185,1
2026-04-14 00:00:00-04:00,687.6900024414062,694.5800170898438,687.6599731445312,694.4600219726562,63480500,669.55,672.9542272949219,72.46409833647986,0.01218488075237012,3.5622067480351234,0.09831197361900934,1
2026-04-15 00:00:00-04:00,695.260009765625,700.280029296875,694.2000122070312,699.9400024414062,58240400,674.5099975585938,673.0827075195313,73.00469942195026,0.007890994867038925,5.5639692502277285,0.1113404664545554,1
2026-04-16 00:00:00-04:00,701.0599975585938,702.780029296875,698.530029296875,701.6599731445312,49972400,679.1519958496094,673.3628662109375,83.78925617424375,0.002457311622604319,7.206100278118242,0.12311674768001962,1
2026-04-17 00:00:00-04:00,706.1400146484375,712.3900146484375,705.760009765625,710.1400146484375,70661900,684.5829956054688,673.8792443847656,96.83457661419152,0.012085685130224011,9.087019918194528,0.13691605384338118,0
2026-04-20 00:00:00-04:00,708.780029296875,709.9099731445312,706.1400146484375,708.719970703125,43546800,689.5619934082031,674.538154296875,97.67673581305905,-0.001999667552905704,10.343839265429438,0.1447608721391969,0
2026-04-21 00:00:00-04:00,710.280029296875,711.280029296875,702.6400146484375,704.0800170898438,58941400,694.047998046875,674.8449743652344,90.24871228037455,-0.006546949154936255,10.840509528267035,0.14972699548945445,1
2026-04-22 00:00:00-04:00,709.1500244140625,711.4500122070312,708.219970703125,711.2100219726562,42518500,697.5679992675781,675.2279748535157,90.56391446399329,0.010126696838070659,11.674875399737289,0.15520632509052057,0
2026-04-23 00:00:00-04:00,709.5,712.3599853515625,702.280029296875,708.4500122070312,56174000,700.4220031738281,675.5922766113281,86.9730607847779,-0.0038807239498251933,11.975362122295337,0.15847683121337003,1
2026-04-24 00:00:00-04:00,710.75,714.469970703125,709.010009765625,713.9400024414062,45182000,703.8700012207031,676.0695678710938,87.3963729065045,0.007749297960024215,12.512262768382925,0.15787480951097635,1
2026-04-27 00:00:00-04:00,713.1699829101562,715.6300048828125,712.2999877929688,715.1699829101562,33135900,706.777001953125,676.7846765136719,87.55542044978749,0.0017228064887020444,12.888439633697885,0.1489672568142527,0
2026-04-28 00:00:00-04:00,711.8200073242188,712.8800048828125,709.25,711.6900024414062,43117400,708.5,677.4206127929688,79.15991184900601,-0.004865948728146163,12.758683013475206,0.13280045788657147,0
2026-04-29 00:00:00-04:00,711.0,712.2000122070312,708.3699951171875,711.5800170898438,41859200,709.6640014648438,678.0324096679688,77.59200490068874,-0.00015454109399481997,12.502849986526712,0.12415282890883793,1
2026-04-30 00:00:00-04:00,714.6300048828125,719.7899780273438,710.4500122070312,718.6599731445312,67240900,711.3640014648438,678.7171923828125,80.61544357814171,0.009949627427204177,12.724711203547486,0.11742307220320089,1
2026-05-01 00:00:00-04:00,721.25,724.8699951171875,720.469970703125,720.6500244140625,42888700,712.4150024414063,679.4778784179688,79.09723064649775,0.0027691138283709726,12.912273669112892,0.10829410943335707,0
