Date,Open,High,Low,Close,Volume
2016-05-02 00:00:00-04:00,175.79703074233328,176.86750868073221,175.36374483091808,176.68910217285156,62188000
2016-05-03 00:00:00-04:00,175.45720462796479,175.69508862030605,174.40370911637817,175.15135192871094,106422100
2016-05-04 00:00:00-04:00,174.15739498150063,174.88804263244828,173.67312263628315,174.17437744140625,92243800
2016-05-05 00:00:00-04:00,174.6416050052538,174.9984310180726,173.7155556174355,174.14035034179688,67619200
2016-05-06 00:00:00-04:00,173.36722052062296,174.82002417935882,173.21430064270663,174.7775421142578,89315000
2016-05-09 00:00:00-04:00,174.65013514745297,175.35528308660804,174.47171563267943,174.9219970703125,74374900
2016-05-10 00:00:00-04:00,175.6271225310977,177.11390398724373,175.5591538231721,177.09690856933594,77472200
2016-05-11 00:00:00-04:00,176.63818635257326,177.1734190140535,175.4402618408203,175.4402618408203,81727000
2016-05-12 00:00:00-04:00,176.11136172533998,176.28128995768517,174.4801518117173,175.4911651611328,89586300
2016-05-13 00:00:00-04:00,175.19385974889587,175.74608774865698,173.63910937941026,173.96194458007812,96474600
2016-05-16 00:00:00-04:00,174.13188481970954,176.15389919084058,174.07240732693987,175.67813110351562,77486800
2016-05-17 00:00:00-04:00,175.4062459236203,175.69510322923796,173.51165209062506,174.0384063720703,114924900
2016-05-18 00:00:00-04:00,173.6900474402525,175.2702841375371,173.00188214628582,174.08935546875,120062100
2016-05-19 00:00:00-04:00,173.36723352412886,173.77503285953244,172.27975998724793,173.48617553710938,115430500
2016-05-20 00:00:00-04:00,174.09786585989488,175.1003881365985,174.04689256787208,174.58213806152344,104990400
2016-05-23 00:00:00-04:00,174.59911999939837,174.87948606839956,174.1573428273716,174.34425354003906,58682600
2016-05-24 00:00:00-04:00,175.15985700821594,176.9185134089353,175.13437036157126,176.60415649414062,93537800
2016-05-25 00:00:00-04:00,177.28384338070174,178.21839703711953,176.60416917273494,177.80209350585938,76621400
2016-05-26 00:00:00-04:00,177.93802199444266,178.16741478288665,177.5387139034762,177.85305786132812,55280700
2016-05-27 00:00:00-04:00,178.01444641062378,178.6261517485952,177.96347312641018,178.61766052246094,64211200
2016-05-31 00:00:00-04:00,178.88953742072263,178.99998818828732,177.71709993028256,178.27783203125,109879400
2016-06-01 00:00:00-04:00,177.66615276960985,178.82159501256743,177.47075081370213,178.6431884765625,69936200
2016-06-02 00:00:00-04:00,178.2439056825398,179.20393314220095,177.768137567361,179.18695068359375,63044700
2016-06-03 00:00:00-04:00,178.62623148616456,179.00005302220788,177.4453023411421,178.65171813964844,101757100
2016-06-06 00:00:00-04:00,179.00847386468456,179.91754069385723,178.8470498136199,179.5607147216797,64887000
2016-06-07 00:00:00-04:00,179.7136617341384,180.40182713900126,179.68817508682545,179.84109497070312,60974800
2016-06-08 00:00:00-04:00,179.9770105373412,180.55473805490792,179.84957731625556,180.4272918701172,66170900
2016-06-09 00:00:00-04:00,179.696666493861,180.2998807295177,179.4248046010163,180.18093872070312,73786900
2016-06-10 00:00:00-04:00,178.80462126420403,179.14445189656794,177.9295321066371,178.47328186035156,113829200
2016-06-13 00:00:00-04:00,177.8700380378212,178.72811866843432,177.01195740720803,177.09690856933594,117751200
2016-06-14 00:00:00-04:00,176.71463357084795,177.34333453029458,175.7970752639697,176.7486114501953,125059300
2016-06-15 00:00:00-04:00,176.74860304695576,177.87006746772474,176.3153170464083,176.50222778320312,109124500
2016-06-16 00:00:00-04:00,176.50223504979886,177.19890472720832,174.66711844773843,177.0289764404297,149533100
2016-06-17 00:00:00-04:00,176.92480509140793,176.95042428447155,175.71211550560253,176.3697052001953,117055700
2016-06-20 00:00:00-04:00,178.33383562724998,179.00849575508488,177.4200414332822,177.5054473876953,82789600
2016-06-21 00:00:00-04:00,177.88980833850454,178.419288947969,177.44572068124083,178.00936889648438,72461700
2016-06-22 00:00:00-04:00,178.1887338125505,178.91464570207364,177.57384711418698,177.7190399169922,95560500
2016-06-23 00:00:00-04:00,179.17936322509908,180.08460935149466,178.71820477564012,180.0333709716797,102731400
2016-06-24 00:00:00-04:00,173.90158969879573,180.06752624940424,173.12443957515057,173.5685272216797,333444400
2016-06-27 00:00:00-04:00,172.15941269714784,172.16796111424463,169.64862792193355,170.45994567871094,230775800
2016-06-28 00:00:00-04:00,172.06551388894243,173.5600277647162,171.75807051325245,173.53440856933594,159382400
2016-06-29 00:00:00-04:00,174.93489683982207,176.71976942477082,174.83242010763226,176.48919677734375,137328600
2016-06-30 00:00:00-04:00,176.95894904941898,178.9487756107237,176.40383620128068,178.8975372314453,165021900
2016-07-01 00:00:00-04:00,178.8975042330917,179.76006022892233,178.73524070789102,179.2732696533203,106055300
2016-07-05 00:00:00-04:00,178.4448925195293,178.55591768190934,177.38593139327895,177.98373413085938,109803700
2016-07-06 00:00:00-04:00,177.4884035203763,179.17079955807648,176.83081401059002,179.05123901367188,96021500
2016-07-07 00:00:00-04:00,179.2305602450273,179.8966850911529,178.17159922355637,178.94020080566406,85593800
2016-07-08 00:00:00-04:00,180.23830150772062,181.8523753049966,180.0077158135036,181.60470581054688,133971000
2016-07-11 00:00:00-04:00,182.0659201807459,182.81745119494929,181.86095362292923,182.24525451660156,73633900
2016-07-12 00:00:00-04:00,183.21028802265488,183.8678776620478,182.27087425209353,183.5689697265625,101275600
2016-07-13 00:00:00-04:00,183.98740732191362,183.99594270707593,183.05654212544937,183.54331970214844,87324100
2016-07-14 00:00:00-04:00,184.80723631585903,185.03782201269067,184.1752790424176,184.568115234375,91230900
2016-07-15 00:00:00-04:00,185.1317850417746,185.32820316074802,183.87639270145345,184.3204803466797,107155400
2016-07-18 00:00:00-04:00,184.44001522531568,184.97804416230315,184.18381034907776,184.81578063964844,58725900
2016-07-19 00:00:00-04:00,184.39732871638222,184.66206900073772,184.1496722336013,184.62791442871094,54345700
2016-07-20 00:00:00-04:00,184.6279132312971,185.6356359885821,184.6279132312971,185.39651489257812,58159500
2016-07-21 00:00:00-04:00,185.2854800511698,185.50751731849573,184.252125202782,184.6962127685547,67777300
2016-07-22 00:00:00-04:00,184.81583016905816,185.57589658587986,184.55108983740817,185.524658203125,62787500
2016-07-25 00:00:00-04:00,185.31962927585934,185.3708676413711,184.44000258491977,185.02072143554688,55873100
2016-07-26 00:00:00-04:00,184.9182879161025,185.46485232781606,184.2606983324223,185.10617065429688,70080500
2016-07-27 00:00:00-04:00,185.48194314357417,185.55026532651198,184.14114473677688,184.90975952148438,84083900
2016-07-28 00:00:00-04:00,184.71332740254232,185.41362000068634,184.25216895900456,185.12326049804688,65035700
2016-07-29 00:00:00-04:00,184.85846883654582,185.78078546742793,184.57664479834062,185.42210388183594,79519400
2016-08-01 00:00:00-04:00,185.48194981866922,185.87478609579406,184.81582479995802,185.26844787597656,73311400
2016-08-02 00:00:00-04:00,185.02077583861927,185.17450401147684,183.24445116667687,184.0813751220703,92295500
2016-08-03 00:00:00-04:00,184.0215667516337,184.67915629791753,183.72267188959395,184.61936950683594,53993600
2016-08-04 00:00:00-04:00,184.7303746705287,185.13175926937313,182.97112116808105,184.81578063964844,46585500
2016-08-05 00:00:00-04:00,184.81583861089078,186.37012609365766,184.81583861089078,186.32742309570312,71892200
2016-08-08 00:00:00-04:00,186.51523391946986,186.61772368125366,185.95159886970072,186.21633911132812,39906500
2016-08-09 00:00:00-04:00,186.284733128874,186.82274920349985,186.00290897972457,186.32742309570312,51251700
2016-08-10 00:00:00-04:00,186.43844037503354,186.515297949416,185.51611038906955,185.8662567138672,57941100
2016-08-11 00:00:00-04:00,186.39572778023904,186.97645982940347,186.13098746136046,186.72879028320312,72504300
2016-08-12 00:00:00-04:00,186.42133554357792,186.7800302458213,186.16514365786608,186.5665283203125,61313500
2016-08-15 00:00:00-04:00,186.93376952519927,187.45471481198098,186.92523413828076,187.1045684814453,49813500
2016-08-16 00:00:00-04:00,186.68609078081792,186.75439993028866,186.1395263671875,186.1395263671875,53213600
2016-08-17 00:00:00-04:00,186.17370633248493,186.62632943841794,185.33678231053105,186.48968505859375,75134300
2016-08-18 00:00:00-04:00,186.4640696208249,186.94231192871393,186.35305746221707,186.9081573486328,52989300
2016-08-19 00:00:00-04:00,186.43840854877823,186.81417400089106,185.95163096299396,186.63482666015625,75443000
2016-08-22 00:00:00-04:00,186.3957417549627,186.85691327433418,186.02852464798647,186.62632751464844,61368800
2016-08-23 00:00:00-04:00,187.24119631915949,187.54010423953017,186.9422883987888,187.0020751953125,53399200
2016-08-24 00:00:00-04:00,186.85689801673703,186.95083939033645,185.6271247736624,186.04559326171875,71728900
2016-08-25 00:00:00-04:00,185.66127554317524,186.33594894822622,185.5075604065047,185.91748046875,69224800
2016-08-26 00:00:00-04:00,186.10535078200306,187.13015738473075,184.67915952994585,185.56732177734375,122506300
2016-08-29 00:00:00-04:00,185.6954697340903,186.74589574509,185.66130212252284,186.4811553955078,70502200
2016-08-30 00:00:00-04:00,186.3956822902776,186.67750634417928,185.6185453271049,186.17364501953125,58114500
2016-08-31 00:00:00-04:00,185.8406289512786,185.9601895162898,184.8670606272948,185.6442108154297,85269500
2016-09-01 00:00:00-04:00,185.63562616037814,185.9430694148379,184.49125911421413,185.6527099609375,97844200
2016-09-02 00:00:00-04:00,186.5067688638531,186.91668897220035,185.91750137809592,186.48968505859375,79293900
2016-09-06 00:00:00-04:00,186.77150532691024,187.13018704315655,186.0541418944176,187.05332946777344,56702100
2016-09-07 00:00:00-04:00,186.89102937094438,187.21555644507737,186.42987097765442,187.0362091064453,76554900
2016-09-08 00:00:00-04:00,186.70316378265807,186.97645250829927,186.30177911132483,186.60922241210938,74102900
2016-09-09 00:00:00-04:00,185.2940517287419,185.34529010576694,182.11714204195624,182.14276123046875,221589100
2016-09-12 00:00:00-04:00,181.3826693697938,185.1573813091356,181.3143471996687,184.75599670410156,168110900
2016-09-13 00:00:00-04:00,183.47497400223702,183.7397142506696,181.47659951620986,182.1000213623047,182828800
2016-09-14 00:00:00-04:00,182.1513599147203,183.35551431775136,181.47669933090404,182.03179931640625,134185500
2016-09-15 00:00:00-04:00,181.8694780367378,184.23506988591947,181.6901306934286,183.85076904296875,134427900
2016-09-16 00:00:00-04:00,183.23447631685872,183.414729600579,182.4534136792633,183.1400604248047,155236400
2016-09-19 00:00:00-04:00,183.79243115282688,184.4361724325231,182.84827203715915,183.1744384765625,80250500
2016-09-20 00:00:00-04:00,184.0327571059094,184.18724872391758,183.14868681099702,183.18301391601562,69665300
2016-09-21 00:00:00-04:00,183.88680091229358,185.4231906182393,183.20014110023288,185.24295043945312,110284400
2016-09-22 00:00:00-04:00,186.2557714731034,186.7106808349363,186.00686399277765,186.41026306152344,76678700
2016-09-23 00:00:00-04:00,186.01545659349085,186.15279119157253,185.29446959898425,185.38888549804688,73630900
2016-09-26 00:00:00-04:00,184.55631536636452,184.73655556931107,183.68940216236516,183.88682556152344,89827300
2016-09-27 00:00:00-04:00,183.72372893489282,185.12278414433544,183.35464386091715,185.02838134765625,78494800
2016-09-28 00:00:00-04:00,185.25153899394778,186.10128203089897,184.29022306305555,185.94677734375,87411000
2016-09-29 00:00:00-04:00,185.74077945591864,186.14419163494298,183.71514006013925,184.26446533203125,128070600
2016-09-30 00:00:00-04:00,185.0970361399101,186.35876986017539,184.84812865424877,185.6549530029297,117202900
2016-10-03 00:00:00-04:00,185.24295835945435,185.431777046321,184.57345551878453,185.2086181640625,83512100
2016-10-04 00:00:00-04:00,185.32021027557877,185.54336916520916,183.67223445990277,184.26446533203125,119948100
2016-10-05 00:00:00-04:00,184.89106321546933,185.50905582931773,184.8223959142697,185.07989501953125,72816000
2016-10-06 00:00:00-04:00,184.85670319450523,185.431777046321,184.3159695380813,185.2086181640625,62927400
2016-10-07 00:00:00-04:00,185.48330296661467,185.65496466719526,183.8439055676314,184.57347106933594,89788300
2016-10-10 00:00:00-04:00,185.53482055664062,185.99830850883853,185.38890744026443,185.53482055664062,51855000
2016-10-11 00:00:00-04:00,185.10567154445468,185.17433885601315,182.46203898573143,183.1916046142578,130367400
2016-10-12 00:00:00-04:00,183.32887728462163,183.95546137949307,182.83104926676788,183.431884765625,73866100
2016-10-13 00:00:00-04:00,182.10150448178726,183.32889802045077,181.28610162289814,182.83106994628906,101357000
2016-10-14 00:00:00-04:00,183.80954618202418,184.27304713185137,182.8482302815632,182.92547607421875,93346200
2016-10-17 00:00:00-04:00,182.89977585504036,183.1572749956163,182.11012142837114,182.29037475585938,58275700
2016-10-18 00:00:00-04:00,183.8867940911395,183.94686978285756,183.05422122815347,183.431884765625,76869700
2016-10-19 00:00:00-04:00,183.69799892800557,184.2301541476059,183.3375054150232,183.92115783691406,66519200
2016-10-20 00:00:00-04:00,183.56922822655446,184.13572360059572,182.91690855450392,183.57781982421875,73639800
2016-10-21 00:00:00-04:00,183.57784146335862,183.74950317655933,182.61651229492608,183.66366577148438,89089100
2016-10-24 00:00:00-04:00,184.53914856823081,184.81381777356535,184.09281765803647,184.44473266601562,60146600
2016-10-25 00:00:00-04:00,184.26449104867996,184.52199017077416,183.66366849509308,183.82675170898438,66542300
2016-10-26 00:00:00-04:00,183.00273225561594,184.04129393336314,182.76239018711055,183.4576416015625,75705500
2016-10-27 00:00:00-04:00,184.17862018916017,184.2129472848537,182.8911380010425,182.9683837890625,77220200
2016-10-28 00:00:00-04:00,182.9426715562345,183.62073988076526,181.71527791279635,182.42767333984375,140623200
2016-10-31 00:00:00-04:00,182.7624479218419,182.9856199637513,182.27321132409975,182.43629455566406,61272500
2016-11-01 00:00:00-04:00,182.7624476574243,182.8139579649102,179.90424769711947,181.11447143554688,122781800
2016-11-02 00:00:00-04:00,180.80543095021665,181.19168612886682,179.58661590951533,180.0243682861328,103330800
2016-11-03 00:00:00-04:00,180.23898398683315,180.4535644183679,178.92575279359647,179.20040893554688,88939300
2016-11-04 00:00:00-04:00,179.31192591382094,180.15307721443824,178.85701662186858,179.0029296875,109122100
2016-11-07 00:00:00-05:00,179.00303629081068,182.98564941466879,179.00303629081068,182.95130920410156,109794900
2016-11-08 00:00:00-05:00,182.55639262330328,184.34170282391705,182.29031506738008,183.77520751953125,106772100
2016-11-09 00:00:00-05:00,182.2818296794239,186.34170196277495,182.25608106848966,185.7237091064453,258429000
2016-11-10 00:00:00-05:00,186.51330021241645,187.38020037818183,184.72798957960677,186.1871337890625,172113300
2016-11-11 00:00:00-05:00,185.46613887775177,185.99829409588128,184.81381915562696,185.75796508789062,100552700
2016-11-14 00:00:00-05:00,186.28151793340604,186.48751981254912,185.15711884076237,185.9038543701172,94580000
2016-11-15 00:00:00-05:00,186.29009251910088,187.3544158935547,186.0841037412333,187.3544158935547,91652600
2016-11-16 00:00:00-05:00,186.7364096328087,187.2342376376212,186.61624515557435,187.0024871826172,65617700
2016-11-17 00:00:00-05:00,187.1570123357797,188.0239123666414,187.04542634579707,187.96383666992188,69797200
2016-11-18 00:00:00-05:00,188.03249293841097,188.2041546150475,187.36299013471958,187.54324340820312,86265800
2016-11-21 00:00:00-05:00,188.11836682745806,188.9852670360542,187.9724537089983,188.9595184326172,72402600
2016-11-22 00:00:00-05:00,189.26847871034497,189.50880769460164,188.59898895463746,189.3285675048828,67429000
2016-11-23 00:00:00-05:00,188.8135413464565,189.483031002904,188.61613108800285,189.43153381347656,56620200
2016-11-25 00:00:00-05:00,189.77491298999192,190.16973359584355,189.69765409150062,190.13540649414062,37872300
2016-11-28 00:00:00-05:00,189.82638699081997,190.1010430617208,189.13972716814772,189.2427215576172,76572500
2016-11-29 00:00:00-05:00,189.2770715262414,190.06672577916044,188.976653745513,189.61181640625,69886700
2016-11-30 00:00:00-05:00,190.22986943967672,190.39295268123078,189.09687834906006,189.15696716308594,113291800
2016-12-01 00:00:00-05:00,189.45734364976184,189.45734364976184,188.10119380303743,188.46170043945312,79040500
2016-12-02 00:00:00-05:00,188.5475433232978,189.0453715259651,188.19562825119576,188.55612182617188,74840300
2016-12-05 00:00:00-05:00,189.3886233903278,190.0323644801616,189.19121312325697,189.6890411376953,67837800
2016-12-06 00:00:00-05:00,189.87786534309035,190.32419614807785,189.39720744400174,190.28985595703125,59877400
2016-12-07 00:00:00-05:00,190.13542041346935,192.83912844099024,190.0152559032895,192.779052734375,110738100
2016-12-08 00:00:00-05:00,192.75328364138,193.72317812153088,192.4871929499584,193.2510986328125,99714400
2016-12-09 00:00:00-05:00,193.47426539989627,194.43558135317642,193.43992520330906,194.4184112548828,88005800
2016-12-12 00:00:00-05:00,194.32402499689005,194.80469614378697,193.77469964024317,194.19528198242188,102016100
2016-12-13 00:00:00-05:00,194.85622900066292,195.98920702612244,194.83905889660917,195.4913787841797,110477500
2016-12-14 00:00:00-05:00,195.19088581163928,195.8947025964433,193.43990270388534,193.87765502929688,142501800
2016-12-15 00:00:00-05:00,194.1180299970146,195.5342554988994,193.88627948139643,194.67593383789062,124972600
2016-12-16 00:00:00-05:00,195.1326462584023,195.19308922448477,193.9757194067393,194.295166015625,156420200
2016-12-19 00:00:00-05:00,194.47648568022888,195.14129244989354,194.32971255495227,194.71823120117188,90341100
2016-12-20 00:00:00-05:00,195.25348472013317,195.6161161046466,195.02038148255485,195.46932983398438,89838800
2016-12-21 00:00:00-05:00,195.33989514643187,195.5125686620086,194.92547607421875,194.92547607421875,67909000
2016-12-22 00:00:00-05:00,194.77870519756837,194.89957797729542,194.19159942879057,194.58876037597656,56219100
2016-12-23 00:00:00-05:00,194.6318680385307,194.8822557716593,194.44193644069242,194.87362670898438,36697800
2016-12-27 00:00:00-05:00,195.14127156618028,195.75426436649033,195.1240002667776,195.35711669921875,42672500
2016-12-28 00:00:00-05:00,195.61617777703253,195.63343590620065,193.63039946871237,193.7426300048828,64095000
2016-12-29 00:00:00-05:00,193.81166288654242,194.16565207513557,193.25909985948013,193.69943237304688,48696100
2016-12-30 00:00:00-05:00,194.02752445361332,194.11386778589778,192.30076320106696,192.99147033691406,108998300
2017-01-03 00:00:00-05:00,194.29517831857413,194.9772564188593,193.29366676331898,194.46786499023438,91366500
2017-01-04 00:00:00-05:00,194.79590478025963,195.77152896391962,194.78727571792442,195.624755859375,78744400
2017-01-05 00:00:00-05:00,195.3570993331971,195.62474516651017,194.6750213959088,195.46932983398438,78379000
2017-01-06 00:00:00-05:00,195.5815955454964,196.63492087370182,195.03766158158038,196.168701171875,71559900
2017-01-09 00:00:00-05:00,195.90969783980825,196.0478418995289,195.48663659721726,195.52117919921875,46939700
2017-01-10 00:00:00-05:00,195.53843732607686,196.37591757368713,195.1326473844866,195.52117919921875,63771900
2017-01-11 00:00:00-05:00,195.43486973878854,196.0737762451172,194.77006286354137,196.0737762451172,74650000
2017-01-12 00:00:00-05:00,195.55571889690535,195.7715640612507,194.2261184811609,195.5816192626953,72113200
2017-01-13 00:00:00-05:00,195.75426000797762,196.33272337074413,195.71973058408247,196.03054809570312,62717900
2017-01-17 00:00:00-05:00,195.39169026213537,195.79748025784545,194.9513708339613,195.3398895263672,61240800
2017-01-18 00:00:00-05:00,195.59024493741396,195.81473233589497,195.03768185323028,195.7715606689453,54793300
2017-01-19 00:00:00-05:00,195.84921739919972,195.9873614324876,194.614589683807,195.04627990722656,66608800
2017-01-20 00:00:00-05:00,195.72838159242662,196.25504429133156,195.09811743607892,195.76292419433594,129168600
2017-01-23 00:00:00-05:00,195.7629293658233,195.8233591595471,194.49375878205151,195.25352478027344,75061600
2017-01-24 00:00:00-05:00,195.46936485746957,196.91985113299535,195.35713433657327,196.50543212890625,95555300
2017-01-25 00:00:00-05:00,197.45511831484978,198.20626831054688,197.291073911489,198.20626831054688,84437700
2017-01-26 00:00:00-05:00,198.0594837402296,198.3271427646296,197.72276586826825,197.99905395507812,59970700
2017-01-27 00:00:00-05:00,198.0767968750042,198.223570011819,197.50696245620986,197.6882781982422,59711100
2017-01-30 00:00:00-05:00,196.99755678958624,197.0234571545579,195.47801162329733,196.46226501464844,79737300
2017-01-31 00:00:00-05:00,195.97013008802804,196.50543503261844,195.4003088892889,196.4449920654297,75880800
2017-02-01 00:00:00-05:00,196.44503448466165,197.36021603464965,195.93564296897333,196.52273559570312,79117700
2017-02-02 00:00:00-05:00,196.52270667286717,196.93713888571978,195.83201266640026,196.6522216796875,69657600
2017-02-03 00:00:00-05:00,197.55875725721955,198.189021412973,197.24793971104177,198.00770568847656,80563200
2017-02-06 00:00:00-05:00,197.60193156698534,197.99909247550636,197.31701436233536,197.6537322998047,57790100
2017-02-07 00:00:00-05:00,198.0422583695369,198.2840038984072,197.47242397685267,197.66236877441406,57931200
2017-02-08 00:00:00-05:00,197.66236988660492,198.05088854775087,197.11843585651454,197.92138671875,51566200
2017-02-09 00:00:00-05:00,197.92138285613618,199.39775637450677,197.92138285613618,199.0955810546875,65955200
2017-02-10 00:00:00-05:00,199.44092147507035,200.10572823541386,199.11283262661516,199.88124084472656,66015900
2017-02-13 00:00:00-05:00,200.37338145866036,201.22813303898968,200.34748109326944,200.9691162109375,55182100
2017-02-14 00:00:00-05:00,200.78779556699018,201.78069118787627,200.44244858746455,201.7720489501953,71109000
2017-02-15 00:00:00-05:00,201.55623814953978,203.01535375890472,201.50443741119582,202.82540893554688,86785800
2017-02-16 00:00:00-05:00,202.85131437184273,203.03263013472082,201.90160340547516,202.65274047851562,84722400
2017-02-17 00:00:00-05:00,201.9878841166429,202.97213745117188,201.97061281627794,202.97213745117188,77204100
2017-02-21 00:00:00-05:00,203.34341266694642,204.35356643805537,203.33477042906745,204.18089294433594,88946100
2017-02-22 00:00:00-05:00,203.77506805039403,204.2240164222622,203.61102364853645,203.99954223632812,62115200
2017-02-23 00:00:00-05:00,204.5176154292191,204.53487355707574,203.3779466317962,204.13772583007812,74615900
2017-02-24 00:00:00-05:00,203.29164792756146,204.4399327924556,203.2484762529526,204.3967742919922,82381600
2017-02-27 00:00:00-05:00,204.31033564968553,204.88879893203406,204.05996113236486,204.71612548828125,56515400
2017-02-28 00:00:00-05:00,204.3363087591375,204.57805430129002,203.7751165736,204.16363525390625,96961900
2017-03-01 00:00:00-05:00,205.82129435228447,207.48762570939044,205.80402305205783,207.02139282226562,149158200
2017-03-02 00:00:00-05:00,206.8314523095236,206.84009454688626,205.66589641594808,205.7176971435547,70246000
2017-03-03 00:00:00-05:00,205.63133809624927,206.0112276351819,205.25144855731665,205.84718322753906,81974300
2017-03-06 00:00:00-05:00,205.05290667695087,205.5881984702343,204.62984541100997,205.23422241210938,55391500
2017-03-07 00:00:00-05:00,204.9320486659343,205.28603792368858,204.41401496316493,204.62123107910156,65103700
2017-03-08 00:00:00-05:00,204.9147995072805,205.17381638665637,204.10321943317072,204.24136352539062,78168800
2017-03-09 00:00:00-05:00,204.3622526252687,204.82848568019037,203.53341435408075,204.50039672851562,90683900
2017-03-10 00:00:00-05:00,205.45871026849647,205.50188193917324,204.26724066336786,205.2169647216797,81991700
2017-03-13 00:00:00-04:00,205.1564817109755,205.36369778529854,204.82840606097443,205.32052612304688,57256800
2017-03-14 00:00:00-04:00,204.77662713272062,204.8284410407562,203.92188867522026,204.53488159179688,59880800
2017-03-15 00:00:00-04:00,205.1047261295561,206.72788613365728,204.87160964140134,206.30482482910156,96081800
2017-03-16 00:00:00-04:00,206.4429207705509,206.52062185710258,205.5709111706965,205.89898681640625,78344000
2017-03-17 00:00:00-04:00,206.16176934939736,206.35254049942546,205.5374298095703,205.5374298095703,89002100
2017-03-20 00:00:00-04:00,205.53744727849318,205.82360402785622,204.92178752226891,205.31199645996094,52537000
2017-03-21 00:00:00-04:00,205.91896907394496,206.04036769204072,202.54580758029502,202.67587280273438,131809300
2017-03-22 00:00:00-04:00,202.71052084736766,203.43891239483597,202.08618145483652,203.1527557373047,97569200
2017-03-23 00:00:00-04:00,203.1528040928162,204.07196696408943,202.56315743254936,202.93601989746094,100410300
2017-03-24 00:00:00-04:00,203.2394736815472,203.81177376232333,202.0081413388864,202.78855895996094,112504900
2017-03-27 00:00:00-04:00,201.115011690091,202.8406185139592,200.83753482201902,202.58047485351562,87454500
2017-03-28 00:00:00-04:00,202.27699348014863,204.47951500442747,202.16426146852515,204.05462646484375,93483900
2017-03-29 00:00:00-04:00,203.7685076470059,204.4795530342526,203.54304358182634,204.24542236328125,61950400
2017-03-30 00:00:00-04:00,204.1847066460207,205.09520294698962,204.01128192951654,204.895751953125,56737900
2017-03-31 00:00:00-04:00,204.5574787212587,205.08643247327404,204.36670764797762,204.4187469482422,73733100
2017-04-03 00:00:00-04:00,204.47081821050207,204.67025592884897,202.8319305234059,204.06326293945312,85546500
2017-04-04 00:00:00-04:00,203.77713743738263,204.280078343088,203.39559514812635,204.193359375,56466200
2017-04-05 00:00:00-04:00,204.86973878399078,205.8496076172635,203.3782624063284,203.5863800048828,108800600
2017-04-06 00:00:00-04:00,203.72510777753564,204.67895025249734,203.2828595720796,204.15867614746094,69135800
2017-04-07 00:00:00-04:00,203.90714101734474,204.6442123289071,203.464906169279,203.95050048828125,74412300
2017-04-10 00:00:00-04:00,204.08929162901535,204.869709356444,203.5429912809418,204.0719451904297,67615300
2017-04-11 00:00:00-04:00,203.69041754192986,203.93321477372265,202.33768632723948,203.82916259765625,88045300
2017-04-12 00:00:00-04:00,203.5516928341111,203.74246398454034,202.71056909761606,202.93601989746094,81864400
2017-04-13 00:00:00-04:00,202.59777315095437,203.33484447515767,201.61790466308594,201.61790466308594,92880400
2017-04-17 00:00:00-04:00,202.13824092689617,203.40426635742188,201.93880318650014,203.40426635742188,68405400
2017-04-18 00:00:00-04:00,202.66717600787345,203.3348749236641,202.11220908904167,202.7972412109375,83225800
2017-04-19 00:00:00-04:00,203.36087126212757,203.7337336345912,202.1988982072169,202.4243621826172,68699900
2017-04-20 00:00:00-04:00,203.0400504136045,204.51419336990097,202.71921407277694,204.0719451904297,92572200
2017-04-21 00:00:00-04:00,203.9938831501572,204.04590922861442,203.0226944017436,203.42156982421875,110389800
2017-04-24 00:00:00-04:00,205.66743430210752,205.86688522916808,203.3955408444979,205.6587677001953,119209900
2017-04-25 00:00:00-04:00,206.30054742786095,207.20236400113632,206.21382844343898,206.8555145263672,76698300
2017-04-26 00:00:00-04:00,206.82080367281426,207.70528695753478,206.6820718338343,206.7254180908203,84702500
2017-04-27 00:00:00-04:00,207.04624588851578,207.2023241527077,206.36120044512217,206.89883422851562,57410300
2017-04-28 00:00:00-04:00,207.15895170561492,207.18496474801913,206.31782805066376,206.44790649414062,63532800
2017-05-01 00:00:00-04:00,206.96817016601562,207.39307188967717,206.55194827702297,206.96817016601562,66882500
2017-05-02 00:00:00-04:00,207.10689629314456,207.22829488432527,206.63864836472018,207.04620361328125,57375700
2017-05-03 00:00:00-04:00,207.0462310779163,207.1416166430293,206.11838846895753,206.7947540283203,73137700
2017-05-04 00:00:00-04:00,207.09827306270273,207.17631219520794,206.18777682243794,207.03756713867188,61462700
2017-05-05 00:00:00-04:00,207.41039573332046,207.8699770512272,206.9681476199527,207.85263061523438,62001300
2017-05-08 00:00:00-04:00,207.8960322946924,208.04344395192322,207.39309140042783,207.8179931640625,48385700
2017-05-09 00:00:00-04:00,208.07811201903442,208.27754973957022,207.28033467398123,207.627197265625,51363200
2017-05-10 00:00:00-04:00,207.58386961040986,208.00009155273438,207.3757520235191,208.00009155273438,54293800
2017-05-11 00:00:00-04:00,207.54916701215808,207.7399381378494,206.49125921749004,207.57518005371094,62358300
2017-05-12 00:00:00-04:00,207.32374862093968,207.61857197770303,206.95955272762168,207.22836303710938,53912700
2017-05-15 00:00:00-04:00,207.65319984865886,208.49432339778545,207.6358534120865,208.3729248046875,61918900
2017-05-16 00:00:00-04:00,208.66778439834033,208.69379744200063,207.7919810550454,208.18218994140625,51241800
2017-05-17 00:00:00-04:00,208.18217186348366,208.18217186348366,204.42746852090303,204.48817443847656,172174100
2017-05-18 00:00:00-04:00,204.4101667229153,206.16178687138375,204.1500230206345,205.31199645996094,107047700
2017-05-19 00:00:00-04:00,205.79753343459836,207.3150225035401,205.74550735498167,206.64732360839844,115011400
2017-05-22 00:00:00-04:00,207.15897568508672,207.8613676056722,207.08961638495092,207.6966094970703,61010600
2017-05-23 00:00:00-04:00,208.06945474087902,208.32093180101464,207.68791246443632,208.1561737060547,48341700
2017-05-24 00:00:00-04:00,208.39030557898954,208.7458215828506,208.0521095516462,208.6417694091797,46927700
2017-05-25 00:00:00-04:00,209.15338258518736,209.91646716338164,208.94527823219389,209.63897705078125,64071700
2017-05-26 00:00:00-04:00,209.448217189922,209.76038696768669,209.3701780533452,209.59564208984375,46629900
2017-05-30 00:00:00-04:00,209.2747681359558,209.66497700491354,209.11868988095512,209.41351318359375,35201900
2017-05-31 00:00:00-04:00,209.7083300899503,209.74302296652962,208.6677687273157,209.36148071289062,91796000
2017-06-01 00:00:00-04:00,209.82109333663263,211.04375940473994,209.53493660379107,211.0264129638672,68962000
2017-06-02 00:00:00-04:00,211.0784224730804,211.88486651709152,210.78359915869203,211.72877502441406,88666100
2017-06-05 00:00:00-04:00,211.55533117436477,211.84148785882437,211.373226654634,211.5726776123047,44698800
2017-06-06 00:00:00-04:00,211.00905056561416,211.5640175484556,210.81827942481334,210.89633178710938,50375400
2017-06-07 00:00:00-04:00,211.2345492216258,211.51202614281607,210.5668501193405,211.2865753173828,54144300
2017-06-08 00:00:00-04:00,211.38191262013916,211.86750704489805,210.86162531849425,211.3905792236328,65950700
2017-06-09 00:00:00-04:00,211.6593792299721,212.4571433508012,209.80370735008688,211.06973266601562,132256400
2017-06-12 00:00:00-04:00,210.82697520393188,211.07843905502793,210.17662260150766,211.0264129638672,86108100
2017-06-13 00:00:00-04:00,211.56398384382138,212.11028413557858,211.21713449659887,212.05825805664062,60067000
2017-06-14 00:00:00-04:00,212.32706441756412,212.33573102007776,210.9656536300345,211.78944396972656,78602300
2017-06-15 00:00:00-04:00,210.43673838470633,211.50332610496415,210.15926150737687,211.38192749023438,66464900
2017-06-16 00:00:00-04:00,211.54133654200493,211.59361632744304,210.54798073074642,211.4280548095703,84553100
2017-06-19 00:00:00-04:00,212.25588038302146,213.24923634067045,212.16002966360008,213.18824768066406,65123800
2017-06-20 00:00:00-04:00,212.83097076190907,212.83967962820253,211.73305528987402,211.75047302246094,56906400
2017-06-21 00:00:00-04:00,212.14266238565773,212.25593086574634,211.22772590011513,211.69825744628906,55977600
2017-06-22 00:00:00-04:00,211.7069746380786,212.2036460753738,211.4281312869086,211.60240173339844,44148100
2017-06-23 00:00:00-04:00,211.66337057155704,212.18618182919283,211.27996767170237,211.85507202148438,66986800
2017-06-26 00:00:00-04:00,212.5259791350665,212.94424402812868,211.7853266502287,211.99444580078125,56700500
2017-06-27 00:00:00-04:00,211.77663316835026,212.07290749838714,210.2691748047281,210.28660583496094,82247700
2017-06-28 00:00:00-04:00,211.30609049328396,212.3691572493409,211.07081813357178,212.1687469482422,70042600
2017-06-29 00:00:00-04:00,212.31688319202655,212.36916298537918,209.09283407414108,210.3040313720703,106949700
2017-06-30 00:00:00-04:00,211.11441868238066,211.48911273716445,210.50446553085283,210.6961669921875,86820700
2017-07-03 00:00:00-04:00,211.63718834452317,212.0728709534037,211.05337524414062,211.05337524414062,39153800
2017-07-05 00:00:00-04:00,211.41939121180266,211.75050102246536,210.60901447606477,211.5413818359375,54427600
2017-07-06 00:00:00-04:00,210.77454460559937,210.896535211547,209.4239257780501,209.60691833496094,65400800
2017-07-07 00:00:00-04:00,210.1820849366538,211.11443913804672,209.61568936565516,210.96630859375,57972300
2017-07-10 00:00:00-04:00,210.9663055873796,211.56754992071063,210.66132233842012,211.19285583496094,36663300
2017-07-11 00:00:00-04:00,211.1928501487558,211.34970285130638,209.86838417334928,211.0360107421875,50354600
2017-07-12 00:00:00-04:00,212.00324037282576,212.78746404720798,212.00324037282576,212.6219024658203,59610400
2017-07-13 00:00:00-04:00,212.63058514067592,213.09240773141693,212.4040216309671,212.9791259765625,39471600
2017-07-14 00:00:00-04:00,212.97914755361637,214.32976669747507,212.88329681963978,213.97250366210938,60262700
2017-07-17 00:00:00-04:00,213.89407029991375,214.2774732113337,213.77207967318748,213.94635009765625,33531900
2017-07-18 00:00:00-04:00,213.53674589342978,214.11185009521157,213.1969140098273,214.0595703125,42742500
2017-07-19 00:00:00-04:00,214.37332610773834,215.22726050346031,214.36460394403895,215.2185516357422,51034300
2017-07-20 00:00:00-04:00,215.4712009373658,215.5931915422144,214.76539720245756,215.31436157226562,47135200
2017-07-21 00:00:00-04:00,214.73929301643605,215.14883582138162,214.5127295012009,215.12269592285156,82340800
2017-07-24 00:00:00-04:00,215.04426611662504,215.20982767375511,214.59987453905043,215.07041931152344,46622300
2017-07-25 00:00:00-04:00,215.81981197407515,215.92438488082624,215.36671146342488,215.59326171875,54915600
2017-07-26 00:00:00-04:00,215.8807567349459,215.9156054973058,215.34051449450024,215.60191345214844,47575400
2017-07-27 00:00:00-04:00,216.06376597515103,216.09861474020028,214.0770406718503,215.40151977539062,70766600
2017-07-28 00:00:00-04:00,214.92227071495785,215.2795337201983,214.46917027980402,215.14883422851562,50088400
2017-07-31 00:00:00-04:00,215.5496361685307,215.6454868861101,214.81769248664054,215.02682495117188,65838700
2017-08-01 00:00:00-04:00,215.62809414341172,215.66294291021597,214.9832789416926,215.506103515625,55050400
2017-08-02 00:00:00-04:00,215.636781375968,215.7500631246833,214.67827418525408,215.6106414794922,47211200
2017-08-03 00:00:00-04:00,215.49742909548775,215.52356900037756,214.91361572630848,215.1924591064453,40856000
2017-08-04 00:00:00-04:00,215.68035389360682,215.9156129636254,215.2011002947134,215.58450317382812,60191800
2017-08-07 00:00:00-04:00,215.65421125932787,215.98532104492188,215.54963837800045,215.98532104492188,31995000
2017-08-08 00:00:00-04:00,215.6716835516543,216.89160330522697,215.07916135682032,215.45384216308594,61719400
2017-08-09 00:00:00-04:00,214.76541970622196,215.4973634120088,214.4081567203093,215.44508361816406,62632600
2017-08-10 00:00:00-04:00,214.60854475069058,214.7392575177136,212.35171191080104,212.40399169921875,120479500
2017-08-11 00:00:00-04:00,212.6305685893555,213.31023247361526,212.3952962306565,212.7176971435547,74869900
2017-08-14 00:00:00-04:00,213.9985911596728,215.04422681319684,213.96374239947946,214.82638549804688,73291900
2017-08-15 00:00:00-04:00,215.20985108309884,215.22728211626676,214.49533827500437,214.80030822753906,55242700
2017-08-16 00:00:00-04:00,215.32308778635706,215.72392168942733,214.74798347603098,215.17495727539062,56715500
2017-08-17 00:00:00-04:00,214.56504550867118,214.87873762051356,211.8202362060547,211.8202362060547,128490400
2017-08-18 00:00:00-04:00,211.6546687551769,212.77873766471814,211.04471558130828,211.48912048339844,136748000
2017-08-21 00:00:00-04:00,211.42808236993656,211.91604482560402,210.72227858256187,211.65463256835938,65469700
2017-08-22 00:00:00-04:00,212.23844063909527,214.0247287674596,212.22100961119543,213.86788940429688,63140100
2017-08-23 00:00:00-04:00,212.90072492052627,213.52810911682874,212.75259438750788,213.10113525390625,50203800
2017-08-24 00:00:00-04:00,213.4845359909229,213.64137539039606,212.39532917464268,212.60446166992188,50741700
2017-08-25 00:00:00-04:00,213.39739631994303,214.01607164817918,212.95300472088786,213.10113525390625,64445900
2017-08-28 00:00:00-04:00,213.6326898914543,213.6588297942259,212.69161350372713,213.10987854003906,40565600
2017-08-29 00:00:00-04:00,211.79406930882632,213.61521978067924,211.6807875535501,213.35382080078125,51135700
2017-08-30 00:00:00-04:00,213.3363887339727,214.63472794374306,213.15339615295224,214.36459350585938,62030800
2017-08-31 00:00:00-04:00,214.98328073343416,215.89821709745064,214.3994674887333,215.65423583984375,103803900
2017-09-01 00:00:00-04:00,216.02890882571083,216.38617183149577,215.81106747525382,215.95919799804688,62007000
2017-09-05 00:00:00-04:00,215.4538084497364,215.68037196782498,213.4409564616852,214.40817260742188,91398800
2017-09-06 00:00:00-04:00,215.087856916086,215.47125986359848,214.5563234290314,215.14013671875,57916900
2017-09-07 00:00:00-04:00,215.44512156039062,215.46255259340205,214.70445556120356,215.11399841308594,58034700
2017-09-08 00:00:00-04:00,214.82635926156215,215.32304378151434,214.61724013398404,214.86122131347656,63832800
2017-09-11 00:00:00-04:00,216.13347536577143,217.2314043167902,216.1160576302813,217.15298461914062,71364800
2017-09-12 00:00:00-04:00,217.51897681128986,217.91979750068376,217.33598420370916,217.88494873046875,56896000
2017-09-13 00:00:00-04:00,217.5973901437725,218.02436401830158,217.48410837592183,217.989501953125,59228000
2017-09-14 00:00:00-04:00,217.66707917181387,218.12019290184045,217.49280875133618,217.91976928710938,95446300
2017-09-15 00:00:00-04:00,217.77525942660515,218.3006651951571,217.67018094528746,218.21310424804688,95432400
2017-09-18 00:00:00-04:00,218.58091968648296,219.02751665001276,218.29194046468183,218.67724609375,46235200
2017-09-19 00:00:00-04:00,218.92241830287983,218.98372299374736,218.57214777838084,218.89614868164062,47108100
2017-09-20 00:00:00-04:00,218.9837562944486,219.08883479538468,217.97670499993538,218.97499084472656,59574100
2017-09-21 00:00:00-04:00,218.81735266306487,218.90491361834765,218.21312461516493,218.3882598876953,48211400
2017-09-22 00:00:00-04:00,218.09056461534422,218.59846634295977,218.0642949882233,218.4320831298828,51214000
2017-09-25 00:00:00-04:00,218.17812647379512,218.52841044011214,217.24114525807704,217.9854736328125,57064400
2017-09-26 00:00:00-04:00,218.41450678121012,218.65969880962976,217.8803355703037,218.1167755126953,54082000
2017-09-27 00:00:00-04:00,218.81736664054645,219.35153794116275,217.93291141052939,218.9662322998047,81001400
2017-09-28 00:00:00-04:00,218.68599089762515,219.3077364805443,218.5984299424583,219.2289276123047,44778800
2017-09-29 00:00:00-04:00,219.22016365284554,220.07834920827898,219.03627629237042,219.99952697753906,85578000
2017-10-02 00:00:00-04:00,220.22720123467553,220.9540252685547,220.05205261005767,220.9540252685547,59023000
2017-10-03 00:00:00-04:00,220.95405904154,221.45319528449488,220.87523680362833,221.4269256591797,66810200
2017-10-04 00:00:00-04:00,221.2780457190068,221.9348130334467,221.16420177534167,221.6896209716797,55953600
2017-10-05 00:00:00-04:00,222.02239213892577,223.02067800399251,221.7246608055824,223.003173828125,63522800
2017-10-06 00:00:00-04:00,222.55652322994743,223.03815521855543,222.29382701976476,222.74917602539062,80646000
2017-10-09 00:00:00-04:00,222.97682346929957,223.03811478657678,222.118638131727,222.38134765625,35803100
2017-10-10 00:00:00-04:00,222.95062021490847,223.3446779380046,222.4076834727646,222.96812438964844,43057400
2017-10-11 00:00:00-04:00,222.87177959620632,223.31838989257812,222.70540977810776,223.31838989257812,47674300
2017-10-12 00:00:00-04:00,223.00317427615025,223.3534448617325,222.74921674393175,222.98565673828125,47065100
2017-10-13 00:00:00-04:00,223.42353960517434,223.5373835777126,222.98569461783475,223.2571563720703,54800400
2017-10-16 00:00:00-04:00,223.48479666338406,223.7474929101981,223.14327818056006,223.55484008789062,38221700
2017-10-17 00:00:00-04:00,223.502293026835,223.75625053916676,223.28337058749773,223.71246337890625,31561000
2017-10-18 00:00:00-04:00,224.08904477352044,224.13283194183393,223.73877415094793,223.93142700195312,40888300
2017-10-19 00:00:00-04:00,223.15200590052174,224.02769559285423,222.73167858955216,223.99266052246094,61903800
2017-10-20 00:00:00-04:00,224.78955032052585,225.1748559155403,223.97515197434277,225.1485595703125,89176400
2017-10-23 00:00:00-04:00,225.4726055845872,225.4988752080291,224.1940793132681,224.27288818359375,63915300
2017-10-24 00:00:00-04:00,224.70196622052663,224.90335773374272,224.3078951942681,224.66693115234375,66935900
2017-10-25 00:00:00-04:00,224.3342034646924,224.44804741295565,222.425206140693,223.55484008789062,103715300
2017-10-26 00:00:00-04:00,224.1678711734708,224.43931955331985,223.72126075515547,223.84385681152344,69798000
2017-10-27 00:00:00-04:00,224.58816442841805,225.8316557049051,223.8525882021322,225.67401123046875,85562500
2017-10-30 00:00:00-04:00,224.5881666867543,225.57770044809095,224.53562743605787,224.83335876464844,54285700
2017-10-31 00:00:00-04:00,225.2099091529033,225.437597065505,224.8859081843137,225.1836395263672,60304800
2017-11-01 00:00:00-04:00,225.96298388357675,226.30448897952348,225.11356378226472,225.48133850097656,54202700
2017-11-02 00:00:00-04:00,225.41132145395284,225.7090527881011,224.34297879662896,225.56893920898438,56449500
2017-11-03 00:00:00-04:00,225.72653215758763,226.36579528131784,225.31495691539166,226.322021484375,59589700
2017-11-06 00:00:00-05:00,226.1906720647358,226.80366563440188,226.12062863696988,226.6723175048828,49652600
2017-11-07 00:00:00-05:00,226.77739046648557,227.11015686909025,226.00677916022886,226.5146942138672,57502200
2017-11-08 00:00:00-05:00,226.33952060169227,226.9962878847408,226.05929348051524,226.8999481201172,50469600
2017-11-09 00:00:00-05:00,225.6915071533323,226.2694655395448,224.49178986326726,226.07681274414062,95085500
2017-11-10 00:00:00-05:00,225.6915241676346,226.18190827946347,225.37626196778473,226.0067596435547,59984700
2017-11-13 00:00:00-05:00,225.32370983191618,226.4445915553938,225.28867476195268,226.21690368652344,50228600
2017-11-14 00:00:00-05:00,225.4113011872742,225.79660681421927,224.63192448424843,225.6915283203125,61315200
2017-11-15 00:00:00-05:00,224.7195226648228,225.2449419140767,223.8525982741104,224.56190490722656,80811500
2017-11-16 00:00:00-05:00,225.50759174159674,226.83865712881288,225.4638179481447,226.47085571289062,67777000
2017-11-17 00:00:00-05:00,226.12060583091156,226.44460675902482,225.72653475816674,225.8053436279297,75756800
2017-11-20 00:00:00-05:00,226.0505107248069,226.3832503019722,225.80529199859464,226.1905975341797,48075500
2017-11-21 00:00:00-05:00,226.9612714170117,227.8544920984872,226.15565178250472,227.6705780029297,69176800
2017-11-22 00:00:00-05:00,227.67938005238835,227.81072819609298,227.3028397991232,227.46922302246094,45033400
2017-11-24 00:00:00-05:00,227.95960529206286,228.0997188854614,227.81949169866428,227.99461364746094,27856500
2017-11-27 00:00:00-05:00,228.0383397655632,228.33607103290558,227.67930381037564,227.88072204589844,52274900
2017-11-28 00:00:00-05:00,228.34488846422593,230.21885080268228,228.24854868654762,230.1925811767578,98971700
2017-11-29 00:00:00-05:00,230.32395197028413,230.85813671522286,229.60590654971486,230.052490234375,77512100
2017-11-30 00:00:00-05:00,230.97194660492661,232.97725697448604,230.893137731025,232.06655883789062,127894400
2017-12-01 00:00:00-05:00,231.84759230507865,232.32921090642964,228.3448338256494,231.58486938476562,164390900
2017-12-04 00:00:00-05:00,233.20493454568205,233.6340139703488,231.25213678791715,231.30470275878906,94040600
2017-12-05 00:00:00-05:00,230.47279357910156,232.18913805211622,230.34144545788914,230.47279357910156,77994500
2017-12-06 00:00:00-05:00,230.56915608104308,230.94572307452924,230.0525022108374,230.51661682128906,75898600
2017-12-07 00:00:00-05:00,231.24342346191406,231.55865897818853,230.2538896626083,231.24342346191406,77218600
2017-12-08 00:00:00-05:00,232.19788253468707,232.51311799713196,231.2083489043539,232.50437927246094,76563900
2017-12-11 00:00:00-05:00,233.2049560546875,233.2662607564171,232.4781452556727,233.2049560546875,83077500
2017-12-12 00:00:00-05:00,233.99308686795445,234.0894266518244,233.2400063937643,233.61654663085938,85195800
2017-12-13 00:00:00-05:00,233.86173271575652,234.29957764733308,233.50269666499167,233.59027099609375,102905400
2017-12-14 00:00:00-05:00,233.88803347992902,234.00187745312425,232.58326396178728,232.63580322265625,100666700
2017-12-15 00:00:00-05:00,233.6400700336903,235.0395307180181,233.58726222375597,234.5730438232422,144610300
2017-12-18 00:00:00-05:00,235.9724486318288,236.41253151743066,235.86683303696876,236.0604705810547,83653600
2017-12-19 00:00:00-05:00,236.3068998205633,236.3508973619144,235.08345658890252,235.1538848876953,82382900
2017-12-20 00:00:00-05:00,236.12208248145558,236.1748902835174,234.73143225961104,235.0306854248047,76751500
2017-12-21 00:00:00-05:00,235.65564607331757,236.22777548560757,235.26837086832236,235.5148162841797,67032300
2017-12-22 00:00:00-05:00,235.53235195029438,235.56756610002768,234.91622520232934,235.45314025878906,78720900
2017-12-26 00:00:00-05:00,235.04822692820343,235.3915044259816,234.9074240609614,235.1714630126953,45244400
2017-12-27 00:00:00-05:00,235.33878803546543,235.64685150581536,235.0131309150083,235.28598022460938,57751000
2017-12-28 00:00:00-05:00,235.78765529873854,235.8140592012562,235.4003801547917,235.77003479003906,45116100
2017-12-29 00:00:00-05:00,236.35099266470596,236.36858631623545,234.6874927671906,234.881103515625,96007400
2018-01-02 00:00:00-05:00,235.7436773419188,236.5974395056034,235.35640212165757,236.56222534179688,86655700
2018-01-03 00:00:00-05:00,236.72938223016916,238.20808116432923,236.72938223016916,238.05844116210938,90070400
2018-01-04 00:00:00-05:00,238.70098425961316,239.54593593694952,238.12007158752897,239.06182861328125,80636400
2018-01-05 00:00:00-05:00,239.85401408255126,240.77817751822775,239.36112333545296,240.65496826171875,83524000
2018-01-08 00:00:00-05:00,240.55805572470302,241.25339406310965,240.26761289806453,241.094970703125,57319200
2018-01-09 00:00:00-05:00,241.51754145665623,242.2656879177006,241.23588189429273,241.64077758789062,57254000
2018-01-10 00:00:00-05:00,240.88369060249266,241.53503134578213,240.21478307929016,241.27096557617188,69574300
2018-01-11 00:00:00-05:00,241.82557960963317,243.03140258789062,241.65834594076944,243.03140258789062,62361500
2018-01-12 00:00:00-05:00,243.29542825584758,244.78288366057578,242.99614826380247,244.6156768798828,90816100
2018-01-16 00:00:00-05:00,245.87429390496845,246.5256079282304,243.084156814638,243.7794952392578,106555100
2018-01-17 00:00:00-05:00,244.7124689067845,246.4903939539756,243.7794954120626,246.10311889648438,113258800
2018-01-18 00:00:00-05:00,245.9887826104511,246.41124506409105,245.19661178881137,245.6895294189453,100728000
2018-01-19 00:00:00-05:00,246.27038164407927,246.8072967529297,245.6894958496924,246.8072967529297,140920100
2018-01-22 00:00:00-05:00,246.5960786362487,248.8140869140625,246.5432439734275,248.8140869140625,91322400
2018-01-23 00:00:00-05:00,248.85808626496785,249.63263651822,248.532429194971,249.34219360351562,97084700
2018-01-24 00:00:00-05:00,249.98465151374285,250.58318460151446,248.06589674141077,249.2453155517578,134816100
2018-01-25 00:00:00-05:00,250.1078321533244,250.2046374654493,248.55873227517066,249.3508758544922,84587300
2018-01-26 00:00:00-05:00,250.1871253122653,252.28192418600324,249.93186971272266,252.23789978027344,107743100
2018-01-29 00:00:00-05:00,251.66577415032683,252.10585700381694,250.4071436358713,250.56556701660156,90118300
2018-01-30 00:00:00-05:00,248.73491115060395,250.6184523790427,247.52027780134623,247.99557495117188,131796400
2018-01-31 00:00:00-05:00,248.84932718998905,249.35100136441295,247.04497088721433,248.1187744140625,108364800
2018-02-01 00:00:00-05:00,247.38829175804452,249.1398136987308,247.04501408656293,247.837158203125,90102500
2018-02-02 00:00:00-05:00,246.5168415239415,246.64888789097682,242.4064820117474,242.4416961669922,173174800
2018-02-05 00:00:00-05:00,240.68136600719666,242.79375870651555,231.75647126237143,232.3021697998047,294681800
2018-02-06 00:00:00-05:00,228.79028765425716,237.38071398653761,227.6988907174772,236.87901306152344,355026800
2018-02-07 00:00:00-05:00,236.32453525026932,239.72196260327064,235.51477083413027,235.59400939941406,167376100
2018-02-08 00:00:00-05:00,235.89325141817721,236.03408117347925,226.72191170053435,226.7571258544922,246449500
2018-02-09 00:00:00-05:00,229.54721856312062,232.02048219017414,222.61152153411334,230.16334533691406,283565300
2018-02-12 00:00:00-05:00,232.2141386358816,235.0130863835661,230.3041938305799,233.54319763183594,143736000
2018-02-13 00:00:00-05:00,232.33742482464626,234.66985940002604,231.75651202955515,234.12416076660156,81223600
2018-02-14 00:00:00-05:00,232.63664543929073,237.6447915281146,232.62783518497517,237.28392028808594,120735700
2018-02-15 00:00:00-05:00,239.0266414316785,240.3204862790797,236.56216098587512,240.31167602539062,111200300
2018-02-16 00:00:00-05:00,239.68667711500842,242.32717363382986,239.64265272338298,240.38198852539062,160420100
2018-02-20 00:00:00-05:00,239.4315076673359,240.8749925095738,238.08485503306727,238.8769989013672,86369700
2018-02-21 00:00:00-05:00,239.31707860169553,241.7991526348577,237.59196113335105,237.6887664794922,98883700
2018-02-22 00:00:00-05:00,238.61295297407747,240.32926016216408,237.3279184312155,237.996826171875,110511300
2018-02-23 00:00:00-05:00,239.22027509271825,241.79034423828125,238.74497803025363,241.79034423828125,92766400
2018-02-26 00:00:00-05:00,242.8641254019329,244.69488517707467,242.27442939994546,244.59805297851562,86491400
2018-02-27 00:00:00-05:00,244.78298062422218,245.4959398753041,241.48235775668846,241.54397583007812,99099200
2018-02-28 00:00:00-05:00,242.64411317159698,243.09300634693332,238.78019908798586,239.0970458984375,121907800
2018-03-01 00:00:00-05:00,238.88581486369563,240.434915343989,234.12411442597886,235.6204071044922,176855100
2018-03-02 00:00:00-05:00,233.94807897529424,237.398341026059,233.0855336080012,236.83502197265625,139083200
2018-03-05 00:00:00-05:00,235.64682480585518,240.18848404862402,235.54118233557838,239.57235717773438,97307400
2018-03-06 00:00:00-05:00,240.54931159065572,240.6285501529497,238.68336432101546,240.17965698242188,79213200
2018-03-07 00:00:00-05:00,238.01442035232077,240.44365941854787,237.82078282394883,240.0915985107422,87063500
2018-03-08 00:00:00-05:00,240.7693564135305,241.37667299607364,239.7747915704599,241.2534637451172,66901200
2018-03-09 00:00:00-05:00,242.66167225220462,245.4517822265625,242.344798661436,245.4517822265625,113625300
2018-03-12 00:00:00-04:00,245.74228617095227,246.36719632748682,244.7564779760254,245.1437530517578,71924800
2018-03-13 00:00:00-04:00,246.3056534533217,246.80735452644262,242.95222309809864,243.55953979492188,91968900
2018-03-14 00:00:00-04:00,244.51888687269934,244.70371419100942,241.75517991030418,242.30966186523438,105895100
2018-03-15 00:00:00-04:00,242.82006691975351,243.4625705558807,241.5438161769882,242.04551696777344,83433000
2018-03-16 00:00:00-04:00,242.57318673061928,243.3596846887556,242.25507090582929,242.30809020996094,100343700
2018-03-19 00:00:00-04:00,241.55692641312461,242.48479112275547,237.37705851392633,239.02955627441406,109208400
2018-03-20 00:00:00-04:00,239.42725065128056,240.0723548139247,238.75563683636938,239.43609619140625,59757300
2018-03-21 00:00:00-04:00,239.3919136546146,241.48625724722612,238.76450052453336,238.97657775878906,78709600
2018-03-22 00:00:00-04:00,236.74964866306775,237.5979844347918,232.72883860854253,233.0028076171875,148785900
2018-03-23 00:00:00-04:00,233.44464923481146,233.771610570164,227.84202490130033,228.03643798828125,183534800
2018-03-26 00:00:00-04:00,231.64193234021414,234.5581019309641,229.23829167720385,234.2753143310547,141956100
2018-03-27 00:00:00-04:00,235.21208312533292,235.74227623602687,228.73461195251602,230.2899169921875,129941400
2018-03-28 00:00:00-04:00,230.4223517986439,232.09254017918792,228.50473109891928,229.60934448242188,146452300
2018-03-29 00:00:00-04:00,230.7493671899762,234.40786051928043,229.61824389857856,232.5432586669922,111601600
2018-04-02 00:00:00-04:00,232.0130331334397,232.52558895343842,225.0495580668502,227.52389526367188,186286300
2018-04-03 00:00:00-04:00,228.76104103303032,230.91724881743016,226.96714972539726,230.44004821777344,119956900
2018-04-04 00:00:00-04:00,226.8876901501262,233.612566483105,226.7551418786171,232.90562438964844,123715300
2018-04-05 00:00:00-04:00,234.66411168825624,235.6273585175287,233.57718912240716,234.74366760253906,82652600
2018-04-06 00:00:00-04:00,232.7818432731498,234.2752559200841,227.99222725325936,229.51217651367188,179521200
2018-04-09 00:00:00-04:00,230.97028712505096,234.03669563881604,229.7066156054344,230.64332580566406,105442900
2018-04-10 00:00:00-04:00,233.53295569894706,235.09710565907096,232.39301399524987,234.31060791015625,103529000
2018-04-11 00:00:00-04:00,232.82610422214142,234.7437258494549,232.75542079737045,233.08238220214844,91140200
2018-04-12 00:00:00-04:00,234.40792676354783,235.94554075892182,234.23117774352397,234.99998474121094,68890500
2018-04-13 00:00:00-04:00,236.30775772820684,236.42264184596766,233.30321443152818,234.31060791015625,85079200
2018-04-16 00:00:00-04:00,235.94551539526447,237.00595546518431,235.12368917353777,236.23712158203125,63405300
2018-04-17 00:00:00-04:00,238.00452270510672,239.36541461083434,237.4919937102322,238.76451110839844,64682000
2018-04-18 00:00:00-04:00,239.20628910663888,239.74532760470183,238.48165610469013,238.94119262695312,57303900
2018-04-19 00:00:00-04:00,238.28723307214477,238.49049167681346,236.58171619852686,237.6156463623047,77655900
2018-04-20 00:00:00-04:00,237.54497633052486,237.7658990812484,234.71715433401994,235.60084533691406,99953100
2018-04-23 00:00:00-04:00,236.17520900721848,236.73193851944254,234.48735636327513,235.56546020507812,65558000
2018-04-24 00:00:00-04:00,236.59058307701824,236.81150581015282,230.89076577490286,232.39305114746094,112885500
2018-04-25 00:00:00-04:00,232.33117921342284,233.40928319691392,230.5107781054454,232.96743774414062,103840900
2018-04-26 00:00:00-04:00,233.9925689185512,236.16644142701392,233.5507233779955,235.3357696533203,67731900
2018-04-27 00:00:00-04:00,235.945436204683,236.24588783109348,234.61990004622973,235.55661010742188,57053600
2018-04-30 00:00:00-04:00,236.1752674598288,236.73199710984161,233.67440680470918,233.7451171875,82182300
2018-05-01 00:00:00-04:00,233.17953515335418,234.2664847699566,231.62423039491986,234.1604461669922,74203400
2018-05-02 00:00:00-04:00,233.96603442039367,234.7790150265446,232.19865244584616,232.5874786376953,86368900
2018-05-03 00:00:00-04:00,231.7568353222072,232.72887395271127,228.92016748877577,232.074951171875,136311500
2018-05-04 00:00:00-04:00,231.10287331365893,235.7599423992167,230.7759119405855,235.07948303222656,91222100
2018-05-07 00:00:00-04:00,235.84824621458716,236.84679414699679,235.15894151389875,235.874755859375,55304900
2018-05-08 00:00:00-04:00,235.50359386424296,236.23704534877436,234.31060591258597,235.874755859375,67499200
2018-05-09 00:00:00-04:00,236.54636971982185,238.48165491620054,236.0249953336343,238.15469360351562,59666100
2018-05-10 00:00:00-04:00,238.89698237483702,240.7085648074664,238.79094378719134,240.38157653808594,72063900
2018-05-11 00:00:00-04:00,240.505332872426,241.38017828562056,239.99277701782748,241.11508178710938,59871500
2018-05-14 00:00:00-04:00,241.5480810072303,242.20200368035574,240.68205416781768,241.22996520996094,54790600
2018-05-15 00:00:00-04:00,240.00160341803257,240.01926752715545,238.6230477994931,239.568603515625,87036100
2018-05-16 00:00:00-04:00,239.6039959988271,241.03557113568027,239.57745937885377,240.57603454589844,53942600
2018-05-17 00:00:00-04:00,240.31095314555378,241.45092218362453,239.59516553209602,240.37281799316406,56536400
2018-05-18 00:00:00-04:00,240.028143784387,240.3904603285665,239.4183948402933,239.77186584472656,64368000
2018-05-21 00:00:00-04:00,241.25653012595149,242.11371162243094,240.86770386147953,241.57464599609375,58025900
2018-05-22 00:00:00-04:00,242.09598816766902,242.35226611864655,240.57603851018774,240.9029998779297,52966400
2018-05-23 00:00:00-04:00,239.63046143928264,241.59225621956955,239.47137658934227,241.5657196044922,64694200
2018-05-24 00:00:00-04:00,241.1680971017814,241.4420391350856,239.28583108913134,241.0708770751953,76043800
2018-05-25 00:00:00-04:00,240.49647521972656,241.1238882133398,239.99276492981866,240.49647521972656,56374800
2018-05-29 00:00:00-04:00,238.870483330366,239.6304715224005,236.61708233856234,237.7305145263672,115908600
2018-05-30 00:00:00-04:00,239.03842474054292,241.34484539501017,238.9677413237785,240.9029998779297,69678400
2018-05-31 00:00:00-04:00,240.49650467231288,240.7969563816566,238.82634267506256,239.42724609375,93519900
2018-06-01 00:00:00-04:00,240.72628329573612,242.0783295298531,240.6555729092625,241.7778778076172,71258400
2018-06-04 00:00:00-04:00,242.59965916870462,243.18289839279595,242.36107233671052,242.92662048339844,45385200
2018-06-05 00:00:00-04:00,243.05914705685763,243.48332835514094,242.2903403653031,243.1033477783203,51135000
2018-06-06 00:00:00-04:00,243.71322579367626,245.24199444930522,243.09463111009566,245.13595581054688,62732200
2018-06-07 00:00:00-04:00,245.62191560533927,245.9135217591233,244.19915912192252,245.10935974121094,72969400
2018-06-08 00:00:00-04:00,244.64984175340834,245.88700367386923,244.48193831762,245.833984375,72139700
2018-06-11 00:00:00-04:00,246.05486535092172,246.87669131202748,245.93998123349996,246.16090393066406,58892500
2018-06-12 00:00:00-04:00,246.57627325549268,246.84136974094577,245.83397612811763,246.4790802001953,72329000
2018-06-13 00:00:00-04:00,246.71769650737758,246.9739744526654,245.48935305247187,245.69261169433594,79070600
2018-06-14 00:00:00-04:00,246.55858958272174,246.8413501554007,245.7190724985542,246.3111572265625,77097600
2018-06-15 00:00:00-04:00,245.52653573456027,246.3343088427787,244.4169617544594,245.9969940185547,120041600
2018-06-18 00:00:00-04:00,244.54119558074223,245.61528259065716,244.06187917334162,245.49099731445312,52917600
2018-06-19 00:00:00-04:00,243.21856035900637,244.7719635729781,242.80135955511443,244.550048828125,97531500
2018-06-20 00:00:00-04:00,245.2335873283846,245.63304478761074,244.62998559866284,244.96730041503906,53785500
2018-06-21 00:00:00-04:00,244.9583386991884,244.97610921400354,242.9344775218204,243.4315643310547,71061400
2018-06-22 00:00:00-04:00,244.69208545289305,244.80748545823238,243.65351249404213,243.87542724609375,54898500
2018-06-25 00:00:00-04:00,242.72150867695257,242.88128081499514,238.86907139864692,240.5556182861328,137854200
2018-06-26 00:00:00-04:00,241.12372500767617,241.94035618967405,240.36920937335694,241.0882110595703,68547400
2018-06-27 00:00:00-04:00,241.67407943578866,243.10319760881347,238.9400741903056,239.0909881591797,105110700
2018-06-28 00:00:00-04:00,239.03768703472497,241.2213204740955,238.32754361881487,240.45794677734375,76650500
2018-06-29 00:00:00-04:00,241.54972259257508,242.91672481031316,240.68869242213722,240.80409240722656,97592500
2018-07-02 00:00:00-04:00,239.23302294129033,241.4787994767716,238.99333763694744,241.31900024414062,63554800
2018-07-03 00:00:00-04:00,242.21551677676098,242.31317335709,240.04076839246304,240.46682739257812,42187100
2018-07-05 00:00:00-04:00,241.59415332388662,242.49067046122133,240.52006646800746,242.42852783203125,56925900
2018-07-06 00:00:00-04:00,242.4552336768545,244.85189713270944,242.07351965385934,244.47909545898438,66493700
2018-07-09 00:00:00-04:00,245.4821052756339,246.7337078165824,245.43773315776116,246.68045043945312,50550400
2018-07-10 00:00:00-04:00,247.13315571604667,247.66575655603182,246.84021306391304,247.56809997558594,51966800
2018-07-11 00:00:00-04:00,246.0146766095031,246.8047060907769,245.45544712755907,245.7572479248047,77054700
2018-07-12 00:00:00-04:00,247.0176694716496,248.0384715898841,246.41406803868247,247.98521423339844,60124700
2018-07-13 00:00:00-04:00,247.80783184927517,248.4824344235151,247.3551169867808,248.18063354492188,48216000
2018-07-16 00:00:00-04:00,248.22497789624032,248.36697949896225,247.5148344366151,247.9586639404297,48201000
2018-07-17 00:00:00-04:00,247.1865037845815,249.35239479644326,247.1332463899631,248.96182250976562,52315500
2018-07-18 00:00:00-04:00,249.0416440665278,249.5919883944477,248.59781450024312,249.4854736328125,44593500
2018-07-19 00:00:00-04:00,248.81972782641117,249.20141474977135,248.0652121503039,248.5445556640625,61412100
2018-07-20 00:00:00-04:00,248.34036885387178,248.97062629930204,248.1007106565142,248.26048278808594,82337700
2018-07-23 00:00:00-04:00,248.0563016932374,248.9261901176102,247.71010170371684,248.7220458984375,47047600
2018-07-24 00:00:00-04:00,250.1334625540731,250.8169503012536,249.1037747589767,249.97366333007812,68026900
2018-07-25 00:00:00-04:00,249.72513312493334,252.42362448673683,249.6807610037605,252.1040802001953,78882900
2018-07-26 00:00:00-04:00,251.38501918024653,252.19276496602095,251.28736261180742,251.50927734375,57919500
2018-07-27 00:00:00-04:00,251.8377736911189,251.9354302854918,248.8818805959211,249.8050537109375,76768700
2018-07-30 00:00:00-04:00,249.8848371116876,250.0446091940599,247.976349022964,248.50009155273438,63742500
2018-07-31 00:00:00-04:00,249.2635247226231,250.33758454100294,248.88183784928523,249.72509765625,68570500
2018-08-01 00:00:00-04:00,249.92924867985008,250.43522077645216,248.659902898579,249.30787658691406,53853300
2018-08-02 00:00:00-04:00,248.00311434626792,250.8347222431429,247.79894298024752,250.6660919189453,63426400
2018-08-03 00:00:00-04:00,250.79028021618376,251.79333915658174,250.61273759180847,251.74008178710938,53935400
2018-08-06 00:00:00-04:00,251.77568607491966,252.97400440724343,251.38511383250523,252.66334533691406,39400900
2018-08-07 00:00:00-04:00,253.32909609852106,253.8794405204031,253.19592553453344,253.4977264404297,43196600
2018-08-08 00:00:00-04:00,253.32904350842435,253.79061648823114,252.9295860778104,253.3911590576172,42114600
2018-08-09 00:00:00-04:00,253.45325265573712,253.8438247512355,252.91179371241478,253.04493713378906,35717000
2018-08-10 00:00:00-04:00,251.60688541151606,252.14834425026606,250.6393135282625,251.34945678710938,77076000
2018-08-13 00:00:00-04:00,251.62467297038836,252.2371597870531,250.1156419836955,250.40858459472656,65732900
2018-08-14 00:00:00-04:00,251.13655053785575,252.2461245279351,250.74597832621112,252.00643920898438,43842000
2018-08-15 00:00:00-04:00,250.65718890735462,250.79921761854422,248.68658455955998,250.1245880126953,102925400
2018-08-16 00:00:00-04:00,251.5625640299013,253.01833784391988,251.52705008367542,252.14842224121094,69967900
2018-08-17 00:00:00-04:00,251.9442110719031,253.47987070519272,251.53589556708604,253.03604125976562,65618500
2018-08-20 00:00:00-04:00,253.48881961316718,253.84387784082335,253.0361047966119,253.5775909423828,39807500
2018-08-21 00:00:00-04:00,254.092370416195,255.0332867211678,253.61302700580478,254.17225646972656,67272000
2018-08-22 00:00:00-04:00,253.76393363569923,254.54507781111178,253.49761970906303,254.0213623046875,44993300
2018-08-23 00:00:00-04:00,253.84385415540646,254.7048844989658,253.36451069373325,253.68408203125,49204900
2018-08-24 00:00:00-04:00,254.26098351459217,255.35281356783872,254.2077261548432,255.21078491210938,57487400
2018-08-27 00:00:00-04:00,256.40923270075433,257.33240588682605,256.24946054043704,257.22589111328125,57072400
2018-08-28 00:00:00-04:00,257.6873853061911,257.7939271363428,256.8884976598644,257.35009765625,46943500
2018-08-29 00:00:00-04:00,257.56311648329,258.9656056631164,257.3234583260667,258.7348327636719,61485500
2018-08-30 00:00:00-04:00,258.2555538204787,258.62835549143284,257.0927225076336,257.68743896484375,61229500
2018-08-31 00:00:00-04:00,257.27914917403945,258.140179714729,256.7909474309434,257.69635009765625,66140800
2018-09-04 00:00:00-04:00,257.2791006122579,257.6075301326266,256.24941284429883,257.2524719238281,57594400
2018-09-05 00:00:00-04:00,256.89743443569347,257.10160578959284,255.54820229775174,256.56011962890625,72452400
2018-09-06 00:00:00-04:00,256.66663092205306,256.9684317742553,254.75816921857063,255.78785705566406,65909900
2018-09-07 00:00:00-04:00,254.74039670565793,256.26717131198063,254.50071143185613,255.29074096679688,73524800
2018-09-10 00:00:00-04:00,256.30267635287424,256.56899033274806,255.539302540155,255.73458862304688,50210900
2018-09-11 00:00:00-04:00,255.08655922474992,257.0216493185275,254.7403863055744,256.57781982421875,50530500
2018-09-12 00:00:00-04:00,256.58678777667075,257.2436469713986,255.8500424979255,256.6400451660156,59810800
2018-09-13 00:00:00-04:00,257.70517974058833,258.3442953348075,257.4211223455566,258.1578674316406,51034200
2018-09-14 00:00:00-04:00,258.3620120999993,258.548412894725,257.4210957791152,258.2022399902344,55079900
2018-09-17 00:00:00-04:00,258.1489805848816,258.18446743841525,256.56006349021055,256.8352355957031,68244000
2018-09-18 00:00:00-04:00,257.04831057908905,258.82362878130147,257.02168188962406,258.2289123535156,61930400
2018-09-19 00:00:00-04:00,258.2821745760306,258.9212902243807,258.1578892967261,258.50408935546875,49080600
2018-09-20 00:00:00-04:00,259.7645938039797,260.9185398950375,258.5218492884304,260.5989685058594,100360600
2018-09-21 00:00:00-04:00,261.34169029247494,261.45761269257395,260.200344464458,260.36083984375,105479700
2018-09-24 00:00:00-04:00,259.78134555663434,259.9240172363187,258.91641720668827,259.4960021972656,53409600
2018-09-25 00:00:00-04:00,259.9505728309268,260.0575697080249,259.01432294449796,259.25506591796875,44370000
2018-09-26 00:00:00-04:00,259.39779647019435,260.58371507676577,258.0602807787188,258.4793701171875,79739700
2018-09-27 00:00:00-04:00,258.95199161647935,260.28950748207143,258.67557384787006,259.20166015625,59249500
2018-09-28 00:00:00-04:00,258.5774898512052,259.727761180098,258.54184235195396,259.2284240722656,70091400
2018-10-01 00:00:00-04:00,260.46784283610697,261.1990247523705,259.4602703458394,260.1290283203125,62078900
2018-10-02 00:00:00-04:00,259.9773864746094,260.69071730657924,259.6028973119646,259.9773864746094,47258200
2018-10-03 00:00:00-04:00,261.0296795352548,261.4487690758505,259.76351264194153,260.12017822265625,64694600
2018-10-04 00:00:00-04:00,259.6385763650199,259.69207482332916,256.4998822262784,258.0870666503906,111545900
2018-10-05 00:00:00-04:00,258.30997967842393,258.82714050010605,255.2158585929535,256.6425476074219,105951700
2018-10-08 00:00:00-04:00,255.95593872277664,256.9992130580816,254.5738498970342,256.6425476074219,87742200
2018-10-09 00:00:00-04:00,256.2591681367459,257.56990772534647,255.7063053186593,256.26806640625,74339000
2018-10-10 00:00:00-04:00,255.75975279251216,255.83110220532,247.77925838275027,248.15374755859375,214731000
2018-10-11 00:00:00-04:00,247.06596305815177,248.68882246381915,241.07388981647085,242.68785095214844,274840500
2018-10-12 00:00:00-04:00,246.78955019049047,247.07489349625513,242.8661749776503,246.0583953857422,183186500
2018-10-15 00:00:00-04:00,245.70163179290182,247.03024927204768,244.58703533727837,244.67620849609375,102263700
2018-10-16 00:00:00-04:00,246.63797344614395,250.40085314985933,246.16538551421965,250.02633666992188,118255800
2018-10-17 00:00:00-04:00,250.06198211206146,250.6950653704905,247.49394715549715,250.07090759277344,110626000
2018-10-18 00:00:00-04:00,249.1347036883393,249.73213962403105,245.1845786463496,246.4596710205078,134557500
2018-10-19 00:00:00-04:00,247.1105777319605,249.04550257282693,245.63038988959937,246.32589721679688,139901600
2018-10-22 00:00:00-04:00,246.99462882432368,247.31561961237918,244.68518772636827,245.22019958496094,82415800
2018-10-23 00:00:00-04:00,241.60002463722046,245.09538512809797,239.5134753828841,243.97186279296875,146352700
2018-10-24 00:00:00-04:00,243.72215084103613,244.1055927711054,236.02699839773905,236.579833984375,177806700
2018-10-25 00:00:00-04:00,238.41670611178432,242.36683043885208,237.39128255040535,240.82421875,138061500
2018-10-26 00:00:00-04:00,237.1148740057523,241.64458337402075,233.87808058304793,236.58876037597656,201574600
2018-10-29 00:00:00-04:00,239.682826498413,240.97576935563563,231.70233168496316,235.27793884277344,160749100
2018-10-30 00:00:00-04:00,235.1085193391012,239.0764662151694,234.61808059363685,238.76437377929688,157116000
2018-10-31 00:00:00-04:00,241.33241420076962,243.63295647681852,240.8598264017095,241.31459045410156,128296300
2018-11-01 00:00:00-04:00,242.17961366233064,244.07889108510727,241.09176602736096,243.88272094726562,99495000
2018-11-02 00:00:00-04:00,244.9882939070804,245.41630873000005,240.38723660504414,242.4381103515625,122634100
2018-11-05 00:00:00-05:00,242.92857618600445,244.32851613775983,241.956651152827,243.7756805419922,65622500
2018-11-06 00:00:00-05:00,243.71324432036943,245.47874794542096,243.65082037900277,245.31825256347656,60085900
2018-11-07 00:00:00-05:00,247.49398398051218,250.65052968527576,247.06596902012262,250.57028198242188,102752100
2018-11-08 00:00:00-05:00,249.76774178784,250.7575178453981,248.97416305728257,250.11550903320312,65584900
2018-11-09 00:00:00-05:00,248.80482995131686,248.99207465081338,246.26354303934474,247.6724090576172,98812600
2018-11-12 00:00:00-05:00,247.16407054496352,247.40481365630885,242.52733699522076,243.04452514648438,99673600
2018-11-13 00:00:00-05:00,243.50814820119857,245.5054966258056,241.86746525072402,242.5897216796875,98176600
2018-11-14 00:00:00-05:00,244.4622787743081,244.86351727642744,239.37080844951709,240.93124389648438,125335900
2018-11-15 00:00:00-05:00,239.6650665421353,243.90945995831532,238.0868072346455,243.44577026367188,135101400
2018-11-16 00:00:00-05:00,242.3489708377892,244.98832791595154,241.8317827868211,244.07882690429688,126668000
2018-11-19 00:00:00-05:00,243.47251856087186,243.76678736008276,239.03198224402044,239.95040893554688,103061700
2018-11-20 00:00:00-05:00,236.6154672493297,238.0778310334612,234.6448681024103,235.50979614257812,136021300
2018-11-21 00:00:00-05:00,237.06126135990087,238.21153244119893,236.30335759239327,236.312255859375,75563700
2018-11-23 00:00:00-05:00,234.6716611316323,236.13402518870242,234.5735896753301,234.7340850830078,42807900
2018-11-26 00:00:00-05:00,236.99002589248818,238.74663151536032,236.59768564694465,238.52371215820312,79981400
2018-11-27 00:00:00-05:00,237.48933403239405,239.32618713378906,236.88299998591717,239.32618713378906,75502400
2018-11-28 00:00:00-05:00,240.39621058389733,244.8367462158203,239.26376297348142,244.8367462158203,127629600
2018-11-29 00:00:00-05:00,244.06095703708348,245.70163980786214,242.91961131776668,244.30172729492188,82346400
2018-11-30 00:00:00-05:00,244.15027087373312,246.35271589937201,243.82927996077075,245.79095458984375,98204200
2018-12-03 00:00:00-05:00,249.91932478442453,250.02632171176697,247.4493883388265,249.04547119140625,103176300
2018-12-04 00:00:00-05:00,248.21623087740545,248.64424582117104,240.66372229024648,240.97581481933594,177986000
2018-12-06 00:00:00-05:00,237.1148692771766,240.72615190959465,234.01182208840015,240.6102294921875,204185400
2018-12-07 00:00:00-05:00,240.27135909968106,241.84071986500985,234.18121507685527,235.01939392089844,161018900
2018-12-10 00:00:00-05:00,234.84105545903276,236.43716550863462,230.60558811608786,235.46524047851562,151445900
2018-12-11 00:00:00-05:00,238.66638860838694,238.85363325284783,234.04750596611032,235.51876831054688,121504400
2018-12-12 00:00:00-05:00,238.49696172682033,239.86122709730182,236.6244336937308,236.70468139648438,97976700
2018-12-13 00:00:00-05:00,237.64982837788833,238.514756462568,235.5098082626307,236.62440490722656,96662700
2018-12-14 00:00:00-05:00,234.47550197690387,235.42960340912882,231.70239808222638,232.25523376464844,116961100
2018-12-17 00:00:00-05:00,231.3010700046853,232.4156665517509,226.06692897355805,227.69869995117188,165492300
2018-12-18 00:00:00-05:00,229.33938528993738,230.0081431857535,225.84399871460064,227.4490203857422,134515100
2018-12-19 00:00:00-05:00,227.52930839320615,231.30109978443372,222.3397532769953,224.0428466796875,214992800
2018-12-20 00:00:00-05:00,222.7945189589598,224.3638663077274,218.14887365057305,220.39590454101562,252053400
2018-12-21 00:00:00-05:00,221.2972708382368,223.96101871006718,215.23432328750374,215.8800811767578,255345600
2018-12-24 00:00:00-05:00,214.39122646068466,216.00562100861876,210.11309801537055,210.17587280273438,147311600
2018-12-26 00:00:00-05:00,211.63780135232858,220.79498291015625,209.65568091550543,220.79498291015625,218485400
2018-12-27 00:00:00-05:00,217.5572333476557,222.68739900328913,214.31948044557623,222.49009704589844,186267300
2018-12-28 00:00:00-05:00,223.84440983280513,225.4767323217771,221.0371572860196,222.20310974121094,153100200
2018-12-31 00:00:00-05:00,223.82648932492867,224.39153092837867,221.95200404047446,224.1493682861328,144299400
2019-01-02 00:00:00-05:00,220.61564101388458,225.30635670743422,220.58873557425875,224.38255310058594,126925200
2019-01-03 00:00:00-05:00,222.63363352752896,222.93858465556823,218.54384243531666,219.02816772460938,144140700
2019-01-04 00:00:00-05:00,222.05954678346296,227.01035119848717,221.68285707699113,226.36459350585938,142628800
2019-01-07 00:00:00-05:00,226.63375331616336,229.557591947435,225.73686878916783,228.1494903564453,103139100
2019-01-08 00:00:00-05:00,230.33784464859812,230.77730922015044,227.80862422016872,230.29298400878906,102512600
2019-01-09 00:00:00-05:00,231.001552052594,232.21235150960845,229.7728247604112,231.36927795410156,95006600
2019-01-10 00:00:00-05:00,229.83559218804427,232.43655132774697,229.15395132370935,232.1854248046875,96823900
2019-01-11 00:00:00-05:00,231.1091499036586,232.30202140213726,230.5261805574584,232.27511596679688,73858100
2019-01-14 00:00:00-05:00,230.37370700114573,231.6652226884312,229.97012545558084,230.8580322265625,70908200
2019-01-15 00:00:00-05:00,231.23472891177062,233.81776021044035,231.22575130966445,233.50384521484375,85208300
2019-01-16 00:00:00-05:00,233.9343693801608,234.95683083626523,233.7281034648272,234.0689239501953,77636700
2019-01-17 00:00:00-05:00,233.1989338658102,236.7057553387113,233.15407322100728,235.8447265625,96118400
2019-01-18 00:00:00-05:00,237.65639350316124,239.4501619660618,235.8805528714252,238.9837646484375,127900300
2019-01-22 00:00:00-05:00,237.512948644322,237.72819215552116,234.14065432491404,235.75503540039062,115531200
2019-01-23 00:00:00-05:00,236.78650352444686,237.4860723925629,233.78193474790228,236.2483673095703,86030300
2019-01-24 00:00:00-05:00,236.0689029622403,236.9568370088599,235.05541934958248,236.37384033203125,59204100
2019-01-25 00:00:00-05:00,238.2213884993513,239.19901631958422,236.4724808105271,238.37387084960938,96883400
2019-01-28 00:00:00-05:00,236.23042822316916,236.62503223316102,234.7954075087443,236.56227111816406,85613700
2019-01-29 00:00:00-05:00,236.7057871978271,237.27080148416536,235.41427123042135,236.2483673095703,66136300
2019-01-30 00:00:00-05:00,237.764071126748,240.83140059178444,237.00171387664844,239.9883270263672,92473700
2019-01-31 00:00:00-05:00,239.92553305771975,242.58030297951865,239.71026220894768,242.09597778320312,104012100
2019-02-01 00:00:00-05:00,242.2933017562561,243.23504674650184,241.42332284164686,242.21258544921875,85782500
2019-02-04 00:00:00-05:00,242.25741499744487,243.97944496667355,241.5847517450605,243.91665649414062,60744800
2019-02-05 00:00:00-05:00,244.34717048588536,245.24405482113798,243.8449174478029,244.93911743164062,79552800
2019-02-06 00:00:00-05:00,244.6611173589182,245.15439285929028,243.88083226488828,244.6162567138672,58347800
2019-02-07 00:00:00-05:00,243.00187466224952,243.54896103786973,240.62513634791188,242.2843780517578,95482000
2019-02-08 00:00:00-05:00,241.03764969516837,242.6789358806665,240.21250411634384,242.58029174804688,75788900
2019-02-11 00:00:00-05:00,243.23506730353517,243.4951440801677,242.18570048188565,242.71485900878906,68021400
2019-02-12 00:00:00-05:00,244.3292849365148,246.21272046990433,244.25751884966152,245.83604431152344,72270200
2019-02-13 00:00:00-05:00,246.6700993460601,247.47728977925644,246.24856261072875,246.63421630859375,65277200
2019-02-14 00:00:00-05:00,245.54897638613906,247.2171953749836,244.73280840916888,246.0871124267578,83234400
2019-02-15 00:00:00-05:00,247.86293690858662,248.80468186464043,247.65667103278165,248.768798828125,97088700
2019-02-19 00:00:00-05:00,247.97059836438055,249.85403362878836,247.9616207621204,249.19932556152344,59120800
2019-02-20 00:00:00-05:00,249.16344775941977,250.15900365536774,248.66119469559098,249.7015838623047,76610800
2019-02-21 00:00:00-05:00,249.06486255325416,249.42361091649065,247.8540628779286,248.81373596191406,64214700
2019-02-22 00:00:00-05:00,249.4324756341498,250.55358099161674,248.79569545491475,250.35629272460938,78114600
2019-02-25 00:00:00-05:00,251.78237817298336,252.30255910397952,250.6164119809546,250.69712829589844,69030700
2019-02-26 00:00:00-05:00,250.34742724409998,251.39676700103564,250.14113391247017,250.51783752441406,56844100
2019-02-27 00:00:00-05:00,249.80025400552418,250.75992696229892,248.8675138588991,250.41015625,56921600
2019-02-28 00:00:00-05:00,250.1949132070922,250.63440526064832,249.62092131227217,249.94378662109375,69268300
2019-03-01 00:00:00-05:00,251.52229185023873,251.91692322065217,250.06934333678146,251.50436401367188,78880500
2019-03-04 00:00:00-05:00,252.56257250714398,252.80472136496954,248.29339535690113,250.58941650390625,106494600
2019-03-05 00:00:00-05:00,250.71511574681074,250.91243144340865,249.7016318220463,250.24871826171875,59114600
2019-03-06 00:00:00-05:00,250.36532294113658,250.37430054550006,248.41012114205046,248.7329864501953,75039800
2019-03-07 00:00:00-05:00,248.28449999190326,248.42800478246298,245.8091176242837,246.65219116210938,94885100
2019-03-08 00:00:00-05:00,244.79569600536342,246.329361077045,244.32932584570068,246.15895080566406,85795800
2019-03-11 00:00:00-04:00,246.8763541383958,249.88987191839757,246.849448707172,249.7284393310547,65098900
2019-03-12 00:00:00-04:00,250.28455806959337,251.19042007076519,250.09622000970506,250.6702117919922,79667500
2019-03-13 00:00:00-04:00,251.5581450725677,253.26221994966156,251.39668507963532,252.32945251464844,80639200
2019-03-14 00:00:00-04:00,252.3562915008424,252.7778281505058,251.72848901182678,252.16795349121094,67518400
2019-03-15 00:00:00-04:00,252.72021594090037,254.22459474184677,252.53102082909683,253.41384887695312,81309000
2019-03-18 00:00:00-04:00,253.6300220882433,254.62996299257554,253.40481339255447,254.33267211914062,62199800
2019-03-19 00:00:00-04:00,255.3956469593378,256.16133443841346,253.50388864763195,254.3957061767578,90268100
2019-03-20 00:00:00-04:00,254.17963540143418,255.38675113783802,252.52210211452268,253.63011169433594,84609200
2019-03-21 00:00:00-04:00,252.8103693263995,256.9001407842022,252.765311077745,256.4947814941406,79550400
2019-03-22 00:00:00-04:00,255.13443602338907,255.6569081170913,251.49505569291907,251.55812072753906,122659300
2019-03-25 00:00:00-04:00,251.21581875244794,252.40492739274285,250.10780944374943,251.3689727783203,85575200
2019-03-26 00:00:00-04:00,253.1256238650162,254.1976197397824,251.8374363823318,253.24273681640625,68125900
2019-03-27 00:00:00-04:00,253.23366819759903,253.81923283552956,250.36902000972879,251.91845703125,72224700
2019-03-28 00:00:00-04:00,252.54898849295114,253.32369306198072,251.39592129143207,252.87327575683594,56238500
2019-03-29 00:00:00-04:00,254.3867931441947,254.79215237439305,253.260749463698,254.46786499023438,82186800
2019-04-01 00:00:00-04:00,256.4677058809414,257.78291713150287,256.19743891736897,257.4856262207031,77617900
2019-04-02 00:00:00-04:00,257.67482041149606,257.84598124041696,256.81901626689137,257.61175537109375,40070400
2019-04-03 00:00:00-04:00,258.82786619830597,259.224235717059,257.4135489378142,258.0171203613281,68243200
2019-04-04 00:00:00-04:00,258.34142325877013,258.95398437326423,257.64779030482515,258.7017517089844,48997500
2019-04-05 00:00:00-04:00,259.3684117534433,260.0079968724831,259.08013797058265,259.9539489746094,58621700
2019-04-08 00:00:00-04:00,259.5304604848054,260.26013433041396,258.87284131289664,260.15203857421875,53566300
2019-04-09 00:00:00-04:00,259.1881932281539,259.51248056467637,258.26935161671037,258.81884765625,66142300
2019-04-10 00:00:00-04:00,259.2332389500564,259.7917796584995,258.81886261012613,259.7016906738281,52601500
2019-04-11 00:00:00-04:00,260.1881519539477,260.1971691008526,259.0621082428974,259.629638671875,55093100
2019-04-12 00:00:00-04:00,261.2420936009112,261.6654870591576,259.6746498365206,261.38623046875,69727800
2019-04-15 00:00:00-04:00,261.4583339542193,261.5574400967974,260.4133620858321,261.2151184082031,49596700
2019-04-16 00:00:00-04:00,262.09789766267414,262.15194555170166,260.791676198151,261.38623046875,52153200
2019-04-17 00:00:00-04:00,262.50331587264657,262.53033982323853,260.33230020408183,260.7467041015625,58268300
2019-04-18 00:00:00-04:00,261.33227507617437,261.5304599031866,260.03507029778615,261.26019287109375,68708500
2019-04-22 00:00:00-04:00,260.4943943046953,261.63844452957363,260.4043053322833,261.48529052734375,40160100
2019-04-23 00:00:00-04:00,261.8546696519358,264.07074319403506,261.62047128318324,263.8365173339844,52246600
2019-04-24 00:00:00-04:00,263.75550302834347,264.0888075995507,263.1069006901307,263.25103759765625,50392900
2019-04-25 00:00:00-04:00,263.151871189565,263.7464254877272,261.89972504731713,263.08880615234375,57770900
2019-04-26 00:00:00-04:00,263.13381259026437,264.38595848602097,262.3590804786365,264.31390380859375,50916400
2019-04-29 00:00:00-04:00,264.40410613029644,265.25089328238977,264.3140171264198,264.7283935546875,57197700
2019-04-30 00:00:00-04:00,264.38605342617814,265.1517686688588,262.97176337987406,264.8634948730469,81111700
2019-05-01 00:00:00-04:00,265.4939599180196,265.70116176157273,262.8635109334512,262.8725280761719,71671900
2019-05-02 00:00:00-04:00,262.7555016521478,263.67437079078803,260.8096950831011,262.3050842285156,65030200
2019-05-03 00:00:00-04:00,263.78246458162147,265.15172364225464,262.4131780296907,264.8724670410156,56543700
2019-05-06 00:00:00-04:00,260.56654394116345,264.22393212526833,260.2512461684707,263.78253173828125,107198100
2019-05-07 00:00:00-04:00,261.37723490411906,261.97178922380755,257.467614824318,259.37738037109375,144729900
2019-05-08 00:00:00-04:00,259.01708984375,260.728670867913,258.4225354370044,259.01708984375,91568300
2019-05-09 00:00:00-04:00,256.9450893542433,258.8368202163099,255.20645750355328,258.2332763671875,103471100
2019-05-10 00:00:00-04:00,257.2964978336447,260.28727674235887,254.30571892493052,259.53057861328125,112429300
2019-05-13 00:00:00-04:00,254.4137963184327,255.3776687368432,252.17069879596136,253.0084686279297,127290500
2019-05-14 00:00:00-04:00,254.0264654064371,256.82807669036634,253.90036279568258,255.29664611816406,77003200
2019-05-15 00:00:00-04:00,253.66603371953337,257.43151607626385,253.45883184669495,256.79193115234375,73956400
2019-05-16 00:00:00-04:00,257.49469006251053,260.53049981387437,257.4226353539373,259.1702575683594,76749600
2019-05-17 00:00:00-04:00,256.8640914521032,259.98097268898067,256.8460571586275,257.4946594238281,100353000
2019-05-20 00:00:00-04:00,255.89119291392836,257.6027739491999,255.04440579803455,255.7921142578125,62877600
2019-05-21 00:00:00-04:00,257.4856778560646,258.4766019386151,257.23344513426133,258.0982666015625,46847100
2019-05-22 00:00:00-04:00,257.1433677687246,258.26039439766816,256.82807001308,257.3055114746094,49482500
2019-05-23 00:00:00-04:00,255.08047828674498,255.12550904664772,252.74731860287093,254.16163635253906,98733800
2019-05-24 00:00:00-04:00,255.6028460403203,256.0172498237098,254.116474184375,254.73805236816406,55268100
2019-05-28 00:00:00-04:00,255.01735333950248,255.97223615216205,252.35088968290407,252.368896484375,70029400
2019-05-29 00:00:00-04:00,251.25190161916805,251.65726088805204,249.27005355583492,250.67535400390625,104972900
2019-05-30 00:00:00-04:00,251.43207058068407,252.26986811379584,250.26099595179164,251.36001586914062,62523800
2019-05-31 00:00:00-04:00,248.81063679481224,249.63938959568011,247.94581540525135,247.97283935546875,86862800
2019-06-03 00:00:00-04:00,248.0088483932753,249.12587484626778,246.0089938617991,247.3422393798828,96428000
2019-06-04 00:00:00-04:00,249.63933171869033,252.8463013603854,249.18891432529162,252.711181640625,77231900
2019-06-05 00:00:00-04:00,254.3326771964583,254.92723146390156,252.52201794105454,254.90020751953125,71169700
2019-06-06 00:00:00-04:00,255.19749740805958,257.2333653557435,254.54889525439398,256.5577392578125,69430400
2019-06-07 00:00:00-04:00,257.5757154656133,260.2061654606606,257.4045546359031,259.1251525878906,74272200
2019-06-10 00:00:00-04:00,260.6746596118022,261.98088155906305,260.22424204258215,260.3143310546875,60799100
2019-06-11 00:00:00-04:00,262.1339010391324,262.5032465939486,259.60255753363475,260.25115966796875,58641300
2019-06-12 00:00:00-04:00,260.0170178235672,260.5755311039681,259.27832655341695,259.79180908203125,47096300
2019-06-13 00:00:00-04:00,260.7015648429283,261.22406438040923,259.99891485458375,260.86370849609375,48945200
2019-06-14 00:00:00-04:00,260.5755310058594,261.1790750378197,259.8098157866652,260.5755310058594,52324700
2019-06-17 00:00:00-04:00,260.80971080142655,261.44030622903506,260.50343023385363,260.6745910644531,39205700
2019-06-18 00:00:00-04:00,262.4942892335855,264.4581026767264,262.1339332880597,263.40411376953125,85434800
2019-06-19 00:00:00-04:00,263.5393445167066,264.53026880172155,262.566454531344,263.998779296875,78674400
2019-06-20 00:00:00-04:00,266.6832283388617,266.92644391683694,264.0617949221299,266.52105712890625,116570000
2019-06-21 00:00:00-04:00,266.2512579710432,267.5094941837973,265.9163323811376,266.1335754394531,83309500
2019-06-24 00:00:00-04:00,266.34178300435536,266.6585865868795,265.65380982514523,265.8077087402344,47582700
2019-06-25 00:00:00-04:00,265.8619907313997,265.8891461105345,263.09203155963263,263.2006530761719,82028700
2019-06-26 00:00:00-04:00,264.09681645673555,264.6037352997455,262.82951934921067,262.9381408691406,51584900
2019-06-27 00:00:00-04:00,263.69855113116637,264.3774633381139,263.3183757652805,263.87054443359375,40355200
2019-06-28 00:00:00-04:00,264.84822100220697,265.7262820776857,264.3322686125038,265.2284240722656,59350900
2019-07-01 00:00:00-04:00,268.55960231230983,268.7768730392971,266.43233818876865,267.63629150390625,78705600
2019-07-02 00:00:00-04:00,267.5909984158022,268.38759324301185,266.7491538200057,268.3332824707031,61504500
2019-07-03 00:00:00-04:00,269.01219161006856,270.4967597025448,268.8673536772652,270.4786376953125,40898900
2019-07-05 00:00:00-04:00,269.247465934971,270.333736252286,267.9530136047552,270.1707763671875,51677300
2019-07-08 00:00:00-04:00,268.8583031221058,269.9898235013948,268.1431745073926,268.6863098144531,45841800
2019-07-09 00:00:00-04:00,267.5276691801684,269.31998001630495,267.47335840483174,269.0212707519531,41101300
2019-07-10 00:00:00-04:00,270.08936704826425,271.2571037412516,269.55529277783,270.3066101074219,58448500
2019-07-11 00:00:00-04:00,270.9493381022296,271.1846755452837,269.93550030905135,270.9402770996094,50826100
2019-07-12 00:00:00-04:00,271.4290973293695,272.2256920471457,271.12132712023003,272.15325927734375,40326000
2019-07-15 00:00:00-04:00,272.58773043678633,272.58773043678633,271.736825087093,272.2437438964844,33900000
2019-07-16 00:00:00-04:00,272.15322575697263,272.3614354132492,271.05792196743965,271.3656921386719,36650100
2019-07-17 00:00:00-04:00,271.3386284093714,271.50156073888,269.5191345214844,269.5191345214844,36036300
2019-07-18 00:00:00-04:00,269.02125784351875,270.8860013739702,268.57771065788086,270.50579833984375,51392600
2019-07-19 00:00:00-04:00,271.6010788909573,271.6282342722078,268.8311195033801,269.00311279296875,58678600
2019-07-22 00:00:00-04:00,269.40141995777003,270.2070757552025,268.88546764229045,269.6639404296875,43638100
2019-07-23 00:00:00-04:00,270.78647374069436,271.59210205078125,269.95366241592706,271.59210205078125,44564500
2019-07-24 00:00:00-04:00,270.8317320739579,272.86846923828125,270.741204897207,272.86846923828125,47213200
2019-07-25 00:00:00-04:00,272.41581648612396,272.4701272583008,270.7592550596967,271.5649108886719,55394100
2019-07-26 00:00:00-04:00,272.2529093648894,273.5835786563894,272.1261658014066,273.3844299316406,45084100
2019-07-29 00:00:00-04:00,273.26679981809065,273.38448239962065,272.3344277971472,272.8865966796875,38126500
2019-07-30 00:00:00-04:00,271.4833604302327,272.623941541799,271.103157518043,272.2165832519531,45849000
2019-07-31 00:00:00-04:00,272.46109378208786,272.6512091289259,267.2199103624136,269.238525390625,104245200
2019-08-01 00:00:00-04:00,269.3923878679063,272.35243534985585,266.0973871356964,266.89398193359375,142646600
2019-08-02 00:00:00-04:00,265.99779480478156,266.24219324196565,263.32739587533223,264.8843688964844,116749700
2019-08-05 00:00:00-04:00,260.7837200874932,260.89234160663744,255.01749757121055,256.91845703125,178745400
2019-08-06 00:00:00-04:00,258.81033515709356,260.738449845443,257.33482851295753,260.52117919921875,120711700
2019-08-07 00:00:00-04:00,257.4435115429368,261.4445797648899,255.30721432375586,260.6751403808594,140572300
2019-08-08 00:00:00-04:00,262.16880673520035,265.7896728515625,261.61663791246286,265.7896728515625,87713900
2019-08-09 00:00:00-04:00,264.8482175889276,265.4456637627405,262.19594001239,263.9792175292969,93730000
2019-08-12 00:00:00-04:00,262.476592043076,263.9701938764454,259.81525308542814,260.7657470703125,65527600
2019-08-13 00:00:00-04:00,260.46692626244254,266.26936599228577,260.1229396524817,264.8210144042969,94299800
2019-08-14 00:00:00-04:00,260.76570090814516,261.37218043993045,256.86422034542153,256.9909362792969,135622100
2019-08-15 00:00:00-04:00,257.87810111371556,258.5660745475403,255.62412069239232,257.6698913574219,99556600
2019-08-16 00:00:00-04:00,259.3263521875103,261.90619630989795,257.7241018009672,261.4717102050781,83018300
2019-08-19 00:00:00-04:00,264.4951407782686,265.3007688833208,263.8162285844009,264.6218566894531,53571800
2019-08-20 00:00:00-04:00,264.114903213662,264.64897742124305,262.46743083392226,262.5941467285156,51596400
2019-08-21 00:00:00-04:00,264.75771569107485,265.10167473504976,264.069742353098,264.7305603027344,49524700
2019-08-22 00:00:00-04:00,265.4365480911414,266.07018283661125,262.87477085408335,264.64898681640625,51666400
2019-08-23 00:00:00-04:00,263.34546766077995,265.0110618919458,256.60159698092207,257.8507995605469,149161500
2019-08-26 00:00:00-04:00,260.04148316459356,260.7023010253906,258.5116653687146,260.7023010253906,72423800
2019-08-27 00:00:00-04:00,262.09638348025754,262.4675255465736,258.9190648424156,259.679443359375,66668900
2019-08-28 00:00:00-04:00,259.0186503479312,261.670927937777,258.21299444093967,261.50799560546875,59696700
2019-08-29 00:00:00-04:00,264.0697022845135,265.37321597709513,263.0648978183525,264.8481750488281,57899400
2019-08-30 00:00:00-04:00,266.3327834648498,266.35087784873895,263.7981884696932,264.7305603027344,62901200
2019-09-03 00:00:00-04:00,263.02868486425206,263.94293446557975,261.85188719792905,263.18255615234375,69101400
2019-09-04 00:00:00-04:00,265.3551411107405,266.18792470473994,264.60379605038094,266.1698303222656,46887300
2019-09-05 00:00:00-04:00,268.65915054275484,270.50577188502655,266.133589357725,269.5915222167969,83258100
2019-09-06 00:00:00-04:00,269.9083317683097,270.4424060217157,269.22941960508075,269.7996826171875,49584300
2019-09-09 00:00:00-04:00,270.7864219040724,270.8769214356232,268.99408365421084,269.9355163574219,51260300
2019-09-10 00:00:00-04:00,269.1751580163531,269.9355641661296,267.9169214798469,269.8721923828125,57947100
2019-09-11 00:00:00-04:00,270.17988445721164,271.87263435713766,269.52812767822877,271.7911682128906,68821100
2019-09-12 00:00:00-04:00,272.69635808283294,273.7916618607953,271.9359798516439,272.7325744628906,72908700
2019-09-13 00:00:00-04:00,273.1761761691998,273.52922378912524,272.1804327059594,272.55157470703125,62104800
2019-09-16 00:00:00-04:00,271.4200409627346,272.5968386795519,271.06702098519503,271.709716796875,58191200
2019-09-17 00:00:00-04:00,271.5105831463322,272.4882046094224,271.33858983685184,272.397705078125,41475500
2019-09-18 00:00:00-04:00,272.0084421096551,272.6692599657147,269.97170539749584,272.5606384277344,73375800
2019-09-19 00:00:00-04:00,272.9498693706403,273.9456128239517,272.20758537589813,272.5425109863281,76560500
2019-09-20 00:00:00-04:00,273.1463237989638,273.4282622508574,270.46362073249094,271.2547912597656,89565000
2019-09-23 00:00:00-04:00,270.5909570013887,271.90959322004414,270.336327054296,271.191162109375,43476800
2019-09-24 00:00:00-04:00,272.2824122840167,272.67344612254635,268.09918278912005,269.0631408691406,94869400
2019-09-25 00:00:00-04:00,269.1450611127477,271.10025862379086,267.66273993263906,270.6546630859375,71854000
2019-09-26 00:00:00-04:00,270.6637140924757,270.87285754850967,268.6812361680686,270.0907897949219,56179700
2019-09-27 00:00:00-04:00,270.8455691998778,270.9547201008358,267.08068181796534,268.6357421875,84746600
2019-09-30 00:00:00-04:00,269.1541465618406,270.59098115887195,269.1086878271732,269.88165283203125,51662400
2019-10-01 00:00:00-04:00,270.76367044606576,271.4184369525393,266.45314046745057,266.67138671875,88242400
2019-10-02 00:00:00-04:00,265.08904970256856,265.09815254736196,260.6693965347672,261.9607238769531,122539500
2019-10-03 00:00:00-04:00,261.7334246319195,264.1342448983291,259.01433776802537,264.1069641113281,85278800
2019-10-04 00:00:00-04:00,264.7617829260246,267.93556870041675,264.70719358868433,267.6809387207031,65091200
2019-10-07 00:00:00-04:00,266.88058737396443,268.50841485168297,266.24399873388415,266.5259094238281,59610500
2019-10-08 00:00:00-04:00,264.67077779882845,265.40738677887896,262.35179996128653,262.38818359375,95708100
2019-10-09 00:00:00-04:00,264.4070675955947,265.81662125732413,263.7795817068035,264.87994384765625,62359400
2019-10-10 00:00:00-04:00,264.7980323882292,267.55350232118553,264.63434769975464,266.67138671875,55296300
2019-10-11 00:00:00-04:00,269.4268712759371,271.6730815760667,269.30867305178435,269.43597412109375,98720400
2019-10-14 00:00:00-04:00,269.1177195999643,269.79069193177,268.79035015685406,269.13592529296875,40394800
2019-10-15 00:00:00-04:00,270.1817208062417,272.54615738895194,270.06349481421915,271.8004455566406,46754500
2019-10-16 00:00:00-04:00,271.3365803040101,272.0550111800969,270.92736860439646,271.3638610839844,48928200
2019-10-17 00:00:00-04:00,272.5280292964442,273.03728928971805,271.4731256667803,272.1642761230469,45736600
2019-10-18 00:00:00-04:00,271.62760585650597,272.2732695129562,270.1180045415431,270.97283935546875,64304000
2019-10-21 00:00:00-04:00,272.2915709810018,273.0099743891221,271.85505057590547,272.8099060058594,39048600
2019-10-22 00:00:00-04:00,273.34640214246485,273.637415698397,271.8277254489955,271.9186706542969,48594700
2019-10-23 00:00:00-04:00,271.6639775955633,272.76433939201576,271.45480644724023,272.70977783203125,34352200
2019-10-24 00:00:00-04:00,273.64653848531685,273.792045273886,272.32790229380925,273.15545654296875,35453100
2019-10-25 00:00:00-04:00,272.58249491439386,274.81963026068695,272.52793334522363,274.27398681640625,45205400
2019-10-28 00:00:00-04:00,275.4926378342722,276.3201921595279,275.4653570434433,275.82000732421875,42147000
2019-10-29 00:00:00-04:00,275.54713265499714,276.66570031313864,275.4198038269224,275.73809814453125,44284900
2019-10-30 00:00:00-04:00,275.93820126006324,276.95672100272753,274.62866794732867,276.5838928222656,49643900
2019-10-31 00:00:00-04:00,276.5747934558149,276.5747934558149,274.39224715798696,275.8472595214844,69053800
2019-11-01 00:00:00-04:00,277.2931233292428,278.4480466031733,277.12941090841093,278.402587890625,71141500
2019-11-04 00:00:00-05:00,279.95769948115407,280.0941033965786,279.1483233286738,279.52117919921875,60606900
2019-11-05 00:00:00-05:00,279.721326580286,280.02144303161515,278.92105304685475,279.2120666503906,42933200
2019-11-06 00:00:00-05:00,279.2120313794404,279.5485036742687,278.32991558505597,279.27569580078125,46487100
2019-11-07 00:00:00-05:00,280.6125210197655,281.59465715586936,279.78496676724404,280.2578430175781,54272300
2019-11-08 00:00:00-05:00,279.9121579980025,281.0034446120877,279.2119328680502,280.9488830566406,49032100
2019-11-11 00:00:00-05:00,279.56674332282523,280.5852631776595,279.4303116169297,280.4124755859375,35797300
2019-11-12 00:00:00-05:00,280.7762213895236,281.9038643775972,280.230577837926,281.0035705566406,46484600
2019-11-13 00:00:00-05:00,280.01220709432744,281.4945274456718,279.78485802823343,281.0943908691406,53917700
2019-11-14 00:00:00-05:00,280.8126005592483,281.58559326566467,280.17601180041527,281.50372314453125,51219900
2019-11-15 00:00:00-05:00,282.8405183461568,283.5862302129895,282.1493958072757,283.540771484375,62023600
2019-11-18 00:00:00-05:00,283.3043130077444,283.9863604368472,282.8496147216759,283.7499084472656,49228000
2019-11-19 00:00:00-05:00,284.35010771793173,284.35921056429345,283.0223965204034,283.6680603027344,67804700
2019-11-20 00:00:00-05:00,283.07699087413437,283.5953536303308,281.05812918125986,282.6131896972656,79406200
2019-11-21 00:00:00-05:00,282.72235757531104,282.8314807405151,281.3582625050897,282.15850830078125,54664700
2019-11-22 00:00:00-05:00,282.90420623191045,283.0406101816487,281.77656324396247,282.7859802246094,44850200
2019-11-25 00:00:00-05:00,283.7135229082867,284.9775695800781,283.7135229082867,284.9775695800781,48647200
2019-11-26 00:00:00-05:00,285.0139498893716,285.80512037479554,284.69565557558855,285.62322998046875,37569000
2019-11-27 00:00:00-05:00,286.1052554908473,286.8964538574219,285.88700918425144,286.8964538574219,44444600
2019-11-29 00:00:00-05:00,286.3325849809778,286.5781398116173,285.60507884056364,285.8324279785156,36592700
2019-12-02 00:00:00-05:00,286.0871227294909,286.1507871631629,282.9770013590079,283.4044189453125,75767800
2019-12-03 00:00:00-05:00,280.68527170644836,281.58559326566467,279.302998783299,281.50372314453125,73941700
2019-12-04 00:00:00-05:00,282.54947817999374,283.8408055521402,282.2039031007338,283.2406005859375,49080000
2019-12-05 00:00:00-05:00,283.9409017092727,283.9590796497863,282.44037516318184,283.7499084472656,40709000
2019-12-06 00:00:00-05:00,285.65968831162513,286.7418726099388,285.650585463755,286.34173583984375,48927000
2019-12-09 00:00:00-05:00,285.95078840854376,286.62373329243644,285.36876102051184,285.4415283203125,34838500
2019-12-10 00:00:00-05:00,285.38690178003736,286.05074366224494,284.4684021590699,285.1231689453125,52649800
2019-12-11 00:00:00-05:00,285.5778171170683,286.1871250585876,285.04127644599606,285.9324951171875,53429100
2019-12-12 00:00:00-05:00,285.941651042495,289.1791016780048,285.7052267281645,288.39703369140625,96389600
2019-12-13 00:00:00-05:00,288.1604321507903,289.7973623184911,287.3874396620907,288.5696716308594,81503900
2019-12-16 00:00:00-05:00,290.2975551457974,291.14328723980907,288.5060429102938,290.55218505859375,82749700
2019-12-17 00:00:00-05:00,290.93420015250655,291.2342888479106,290.5340633902449,290.61590576171875,61097700
2019-12-18 00:00:00-05:00,291.0068585533776,291.2342076616224,290.57944111977423,290.6340026855469,48133000
2019-12-19 00:00:00-05:00,290.8250365559366,291.898145691162,290.57040660492686,291.82537841796875,85310500
2019-12-20 00:00:00-05:00,292.8580962191564,294.2380456575413,291.88027877252716,293.1048583984375,147142100
2019-12-23 00:00:00-05:00,293.89070837165036,293.945538202169,293.4063596093835,293.5525817871094,52990000
2019-12-24 00:00:00-05:00,293.7810258479753,293.82670807350945,293.2601146095581,293.56170654296875,20270000
2019-12-26 00:00:00-05:00,293.9454926967339,295.13353724845075,293.9363729857451,295.1243896484375,30911200
2019-12-27 00:00:00-05:00,295.85550805385674,295.9103378824698,294.52126907589263,295.0513000488281,42528800
2019-12-30 00:00:00-05:00,295.13348547956235,295.27056001059447,292.9401814269704,293.4245300292969,49729100
2019-12-31 00:00:00-05:00,292.9219282002029,294.38412167588007,292.5746541122148,294.1373596191406,57077300
2020-01-02 00:00:00-05:00,295.67275187158805,296.906478796011,294.7497366062965,296.88818359375,59151200
2020-01-03 00:00:00-05:00,293.49777150755784,295.7641735797391,293.44294167338677,294.6401062011719,77709700
2020-01-06 00:00:00-05:00,292.88539410667613,295.84634385164514,292.7665868662051,295.76409912109375,55653900
2020-01-07 00:00:00-05:00,295.1974966361732,295.6727256283345,294.48468103695666,294.9324951171875,40496400
2020-01-08 00:00:00-05:00,295.1245060931083,297.7198876196762,294.87777179661947,296.50445556640625,68296000
2020-01-09 00:00:00-05:00,298.0670758368869,298.5879870903448,297.48218715461246,298.5148620605469,48473300
2020-01-10 00:00:00-05:00,299.0997799160431,299.2551218137174,297.1897996894312,297.6558532714844,53029300
2020-01-13 00:00:00-05:00,298.2773104255387,299.71206160755526,297.84779146443003,299.70294189453125,47086800
2020-01-14 00:00:00-05:00,299.264238992548,300.31518120708546,298.6884979136288,299.2459716796875,62832800
2020-01-15 00:00:00-05:00,299.1546261328861,300.6807697217704,299.07238137860776,299.9222717285156,72056600
2020-01-16 00:00:00-05:00,301.3021641332184,302.4170837402344,301.07369722923175,302.4170837402344,54050300
2020-01-17 00:00:00-05:00,303.1300229930702,303.5686617786413,302.3532296249044,303.3584899902344,95846000
2020-01-21 00:00:00-05:00,302.39877129641013,303.5685206625626,302.32567416247394,302.7643127441406,77742400
2020-01-22 00:00:00-05:00,303.6233480257216,304.2722140708887,302.64553093599403,302.8008728027344,48914900
2020-01-23 00:00:00-05:00,302.15198966510025,303.55935330142336,301.0370702966662,303.1481018066406,51963000
2020-01-24 00:00:00-05:00,303.80614634423307,303.88839108132504,299.1636833310754,300.4522399902344,87578400
2020-01-27 00:00:00-05:00,295.20662007158137,297.1165998171226,294.86849355577584,295.6361389160156,84062500
2020-01-28 00:00:00-05:00,297.0617682289767,299.6114663707145,295.72752948381543,298.7341613769531,63834000
2020-01-29 00:00:00-05:00,300.0958426351734,300.32430953188833,298.2863747731424,298.4874267578125,53888900
2020-01-30 00:00:00-05:00,296.4220989348696,299.66634584075405,295.67274865407313,299.4561462402344,75491800
2020-01-31 00:00:00-05:00,298.8348117216408,298.9901815401948,293.1048698672145,294.01873779296875,113845600
2020-02-03 00:00:00-05:00,295.49906033977834,298.0670257718115,295.38025310308274,296.2027282714844,69083000
2020-02-04 00:00:00-05:00,299.8126259633462,301.58553178633565,299.4927666447389,300.71734619140625,62573200
2020-02-05 00:00:00-05:00,303.65082382168174,304.4002020615823,302.1886577494263,304.19000244140625,65951100
2020-02-06 00:00:00-05:00,305.14958457567815,305.40546643081,304.1351768681348,305.21356201171875,50359700
2020-02-07 00:00:00-05:00,304.153385374973,305.22259472273987,303.0384659191935,303.5867919921875,64139400
2020-02-10 00:00:00-05:00,302.70035366918944,305.91715735245873,302.66379115886144,305.8531799316406,42070000
2020-02-11 00:00:00-05:00,307.2057149525741,307.991627648604,305.8531809561454,306.38323974609375,54864500
2020-02-12 00:00:00-05:00,307.81806277084456,308.5674410211826,307.4525212476893,308.3572692871094,43992700
2020-02-13 00:00:00-05:00,306.9315460120865,308.99689562686603,306.6573968990736,308.0281982421875,54501900
2020-02-14 00:00:00-05:00,308.4394227537769,308.6404747153644,307.24225858355834,308.52166748046875,64582200
2020-02-18 00:00:00-05:00,307.5256020605576,308.58569184757795,306.3375574198674,307.7266540527344,57226200
2020-02-19 00:00:00-05:00,308.69538196134926,309.87425122864335,308.4120852020123,309.197998046875,48814700
2020-02-20 00:00:00-05:00,308.64963919276863,309.4721423570291,304.9393389090685,307.9277038574219,74163400
2020-02-21 00:00:00-05:00,306.5751794829659,306.8858911350751,303.93408860649663,304.756591796875,113788200
2020-02-24 00:00:00-05:00,295.307216805096,304.82970245486194,293.5708458942109,294.64923095703125,161088400
2020-02-25 00:00:00-05:00,296.0382130274045,296.6504885783915,284.8433371792398,285.72064208984375,218913200
2020-02-26 00:00:00-05:00,287.1188970838777,290.71038982346295,283.938655892988,284.66973876953125,194773800
2020-02-27 00:00:00-05:00,279.14996516623097,284.72456262234533,271.8847351074219,271.8847351074219,284353500
2020-02-28 00:00:00-05:00,263.83362436216396,272.23207101783856,260.94579899354517,270.7424621582031,384975800
2020-03-02 00:00:00-05:00,272.5244617816566,282.53132361972916,269.0974581232793,282.46734619140625,238703600
2020-03-03 00:00:00-05:00,282.8420313278847,286.8082134931983,271.93959720140725,274.3796081542969,300139100
2020-03-04 00:00:00-05:00,279.75319881257633,286.1320059219411,277.20349991147214,285.91265869140625,176613400
2020-03-05 00:00:00-05:00,278.71135042930734,281.9007394258582,274.1694273459628,276.40838623046875,186366800
2020-03-06 00:00:00-05:00,267.9002831419246,273.0453622263488,265.23180535005173,271.83905029296875,228667200
2020-03-09 00:00:00-04:00,251.58769550685614,259.71199044908684,249.89706305118028,250.60987854003906,309417300
2020-03-10 00:00:00-04:00,260.1232192072673,263.6690011437003,249.94272341173854,263.57763671875,276444100
2020-03-11 00:00:00-04:00,256.5225969621083,257.6557836428945,247.5484121689221,250.72865295410156,255316300
2020-03-12 00:00:00-04:00,233.95011542645673,243.69194779831977,226.3467299817304,226.7397003173828,392220700
2020-03-13 00:00:00-04:00,240.4294577708272,248.09682141327602,227.1144121941133,246.12286376953125,329566100
2020-03-16 00:00:00-04:00,220.4065784730682,234.7725780910604,216.91561153342053,219.19114685058594,297240000
2020-03-17 00:00:00-04:00,223.93410499439116,234.1054695359692,216.65059323263955,231.02572631835938,262070500
2020-03-18 00:00:00-04:00,215.90124320983887,226.97731522464503,208.38011597518343,219.3282470703125,327597100
2020-03-19 00:00:00-04:00,218.64279772577996,226.0725449069811,212.2183103648007,219.7942657470703,289322000
2020-03-20 00:00:00-04:00,222.94359769257548,224.7269281094163,210.0466430097641,210.32241821289062,347158800
2020-03-23 00:00:00-04:00,209.76174689567557,211.131407928482,200.63367034211038,204.94491577148438,326025200
2020-03-24 00:00:00-04:00,215.4886054086695,224.38687102789407,214.91868012837566,223.51358032226562,235494500
2020-03-25 00:00:00-04:00,225.09469216308332,235.64759611425822,220.38817953286798,226.85963439941406,299430300
2020-03-26 00:00:00-04:00,229.36911860691484,241.57662927963491,228.93707402575518,240.10586547851562,257632800
2020-03-27 00:00:00-04:00,232.8162667433577,239.74734053233655,230.77554977075565,232.9541473388672,224341200
2020-03-30 00:00:00-04:00,235.05000243161496,241.23649258023633,233.0552504528324,240.5194854736328,171369500
2020-03-31 00:00:00-04:00,239.5175603608972,242.0638491887975,235.52805566114748,236.9344940185547,194881100
2020-04-01 00:00:00-04:00,227.95351498436278,236.85178045649488,224.20300778799435,226.27130126953125,189554600
2020-04-02 00:00:00-04:00,225.38877677619993,232.27388514188416,224.83722638514368,231.49253845214844,177660400
2020-04-03 00:00:00-04:00,230.50895788891833,232.8622275477319,225.41636693712175,228.14651489257812,135561200
2020-04-06 00:00:00-04:00,237.01728530002973,245.43754294883286,228.12821941648798,243.47035217285156,188061200
2020-04-07 00:00:00-04:00,252.06515907675276,252.8189437055567,243.49785113917028,243.7184600830078,201427200
2020-04-08 00:00:00-04:00,246.31990229743062,253.71061054645543,243.82876611393948,251.8997039794922,153774500
2020-04-09 00:00:00-04:00,255.1630179533185,258.4906954182596,253.223432045882,255.73297119140625,189999200
2020-04-13 00:00:00-04:00,254.75852789066585,255.09864265720722,249.4912655448582,253.39804077148438,114839100
2020-04-14 00:00:00-04:00,258.2884549436128,261.8918654699185,253.26020343605688,260.87152099609375,134143400
2020-04-15 00:00:00-04:00,255.1538331068728,261.0093961292997,253.21421923389877,255.3284912109375,121775000
2020-04-16 00:00:00-04:00,256.60628411021946,257.4152211975013,253.49006970924398,256.5603332519531,131798300
2020-04-17 00:00:00-04:00,262.33311040568213,264.09803815159717,259.5937609848719,263.4913635253906,146684800
2020-04-20 00:00:00-04:00,259.78676762850023,263.629217542873,258.628542678586,258.8491516113281,100109300
2020-04-21 00:00:00-04:00,254.3817345361201,255.58593877116283,250.0520864620385,250.98973083496094,126385700
2020-04-22 00:00:00-04:00,255.87090205979615,258.3068866614787,254.5471919266126,256.5603332519531,92951600
2020-04-23 00:00:00-04:00,257.8380651634286,261.00945987704335,256.2385937703153,256.54193115234375,104709700
2020-04-24 00:00:00-04:00,258.0586753592096,260.78882372538203,256.00875672334155,260.1177673339844,85063200
2020-04-27 00:00:00-04:00,262.09412629154366,264.98973134296574,261.6345055515394,263.8682556152344,77896600
2020-04-28 00:00:00-04:00,267.51767499536015,267.8669912848749,262.35154179491997,262.6549072265625,105270000
2020-04-29 00:00:00-04:00,267.9864125643177,271.0658765011641,266.9568668064149,269.5307312011719,118745600
2020-04-30 00:00:00-04:00,268.1519197995434,269.63191314520935,265.2838909183048,267.0212707519531,122901700
2020-05-01 00:00:00-04:00,262.2688409907654,267.18678958026203,258.78490717517025,259.9523620605469,125180000
2020-05-04 00:00:00-04:00,258.06781222922524,260.97261831344605,256.58784709475344,260.6692810058594,80873200
2020-05-05 00:00:00-04:00,263.4913676039255,265.8905741855777,260.79796898937275,263.07769775390625,79569900
2020-05-06 00:00:00-04:00,264.77830538088773,265.1643710660051,260.8623279708527,261.29437255859375,73632600
2020-05-07 00:00:00-04:00,264.5117718579719,266.37783119413643,263.9418465513149,264.4474182128906,75250400
2020-05-08 00:00:00-04:00,267.58198598128706,269.2917896381727,266.45130891700745,268.8229675292969,76452400
2020-05-11 00:00:00-04:00,266.89254797828886,270.2569749098558,266.4697047839562,268.87811279296875,79514200
2020-05-12 00:00:00-04:00,270.0639458677684,270.47758767684087,263.3810427599695,263.5189514160156,95870800
2020-05-13 00:00:00-04:00,262.95817645676516,263.9969236633219,256.43155730782263,258.8583679199219,144721100
2020-05-14 00:00:00-04:00,256.4224143490226,262.08491700872327,250.94371509495167,261.95623779296875,121977900
2020-05-15 00:00:00-04:00,259.5661635119153,263.2063512347929,258.61934608730513,263.160400390625,111146300
2020-05-18 00:00:00-04:00,269.383676574657,272.78488091937567,269.0619645324173,271.17620849609375,119703800
2020-05-19 00:00:00-04:00,270.5787601052246,272.28853594964113,268.3725859611599,268.3909606933594,95189300
2020-05-20 00:00:00-04:00,271.9299729869196,273.81440646458674,271.70016265778855,272.9503173828125,85861700
2020-05-21 00:00:00-04:00,272.82173390080567,273.63067103163144,269.9720792092253,271.06597900390625,78293900
2020-05-22 00:00:00-04:00,270.78095292638466,271.75534659131654,269.5399713937195,271.5806884765625,63958200
2020-05-26 00:00:00-04:00,277.54654029417327,277.7855520274972,271.59904750423533,274.92669677734375,88951400
2020-05-27 00:00:00-04:00,277.7211395250684,279.0540504510923,272.8951233524511,279.01727294921875,104817400
2020-05-28 00:00:00-04:00,280.04697433071186,282.060115869461,277.8315984987038,278.5026550292969,90405200
2020-05-29 00:00:00-04:00,278.03378746198035,280.3318913047763,275.2852642429645,279.74359130859375,119090800
2020-06-01 00:00:00-04:00,279.10016829764464,281.4810010010921,278.5853951754415,280.8742980957031,55758300
2020-06-02 00:00:00-04:00,281.7934214913829,283.24583851794176,280.4605383804992,283.1998596191406,74267200
2020-06-03 00:00:00-04:00,285.18541958591584,287.92476883249293,284.909658409725,286.96875,92567600
2020-06-04 00:00:00-04:00,285.98515548879453,287.7225350605196,284.1190967189892,286.2149658203125,75794400
2020-06-05 00:00:00-04:00,291.6110422228221,295.324758335141,291.5466885738241,293.5506286621094,150524700
2020-06-08 00:00:00-04:00,294.35949682860377,297.2918792842742,293.817147742069,297.0988464355469,73641200
2020-06-09 00:00:00-04:00,294.43303648292283,297.17238620785696,293.5689472426089,294.88348388671875,77479200
2020-06-10 00:00:00-04:00,295.4626446212481,296.35431008693706,292.52106030785467,293.2380676269531,95000800
2020-06-11 00:00:00-04:00,286.306935800571,286.94121464894255,275.7816379696527,276.3331604003906,209243600
2020-06-12 00:00:00-04:00,283.3469673510181,284.11912678025476,274.48549461766504,279.6424255371094,194678900
2020-06-15 00:00:00-04:00,273.9522736793171,283.38369810345534,272.7756459737203,282.2530212402344,135782700
2020-06-16 00:00:00-04:00,290.0022666173974,290.1493485974371,282.8229940315134,287.6857604980469,137627500
2020-06-17 00:00:00-04:00,288.7061896286449,289.000353646456,285.75540416445665,286.4908142089844,83398900
2020-06-18 00:00:00-04:00,284.9740877759043,287.0791307706854,284.5144669914152,286.60113525390625,80828700
2020-06-19 00:00:00-04:00,290.0689386157883,290.26282089573067,283.01501607269654,284.9631652832031,135549600
2020-06-22 00:00:00-04:00,284.3630116638021,287.1882662143913,283.21814537378975,286.791259765625,74649400
2020-06-23 00:00:00-04:00,289.4411072237713,290.3736357062622,287.70532390749855,288.111572265625,68471200
2020-06-24 00:00:00-04:00,286.07107366384247,286.6896879902903,278.92484547295174,280.7621765136719,132813500
2020-06-25 00:00:00-04:00,280.18973880894407,284.0398556852311,278.16773923870545,283.7720947265625,89468000
2020-06-26 00:00:00-04:00,282.67343082724625,282.88579689027085,276.45048811590635,277.0321350097656,127961000
2020-06-29 00:00:00-04:00,278.2878382488589,281.24233868339707,275.9980771665016,281.1038513183594,79773300
2020-06-30 00:00:00-04:00,280.66983265552534,286.4034616691279,280.5128897413489,284.70458984375,113394800
2020-07-01 00:00:00-04:00,285.8218083059018,287.9638397462947,285.3601650563241,286.69891357421875,72396500
2020-07-02 00:00:00-04:00,290.1336499523645,291.4816690368275,287.6130948915451,288.2778625488281,69344200
2020-07-06 00:00:00-04:00,292.10022962286325,293.3097330320879,291.3523695965938,292.7280578613281,61713800
2020-07-07 00:00:00-04:00,291.1861571430053,293.16197598302176,289.3303419029436,289.7088928222656,82910000
2020-07-08 00:00:00-04:00,290.4752073276655,292.0355640626978,288.71175457352604,291.9247741699219,54638600
2020-07-09 00:00:00-04:00,292.53421733241225,292.77428094232584,286.84676666050206,290.262939453125,83354200
2020-07-10 00:00:00-04:00,290.1981838415168,293.49432348020605,288.76710100613167,293.2265625,57550400
2020-07-13 00:00:00-04:00,295.57181728865015,297.95388491153363,290.0320963106647,290.6876220703125,102997500
2020-07-14 00:00:00-04:00,289.26569521963995,295.2301472460135,288.06543384919064,294.45458984375,93657000
2020-07-15 00:00:00-04:00,297.6768282673625,298.25850331831754,294.77769489481517,297.1597900390625,87196500
2020-07-16 00:00:00-04:00,295.25786563140133,296.6335538163291,294.61155366216747,296.18115234375,54622500
2020-07-17 00:00:00-04:00,297.1875241733961,297.82459424337384,295.21167713283364,297.039794921875,62774900
2020-07-20 00:00:00-04:00,296.7720261466081,300.18819807974637,296.02416620162734,299.4403381347656,56308800
2020-07-21 00:00:00-04:00,301.40695821426857,301.8501178028075,299.08949955212785,300.0774230957031,57292200
2020-07-22 00:00:00-04:00,299.7172780341707,302.0993731333049,299.60648815541464,301.7854309082031,57792900
2020-07-23 00:00:00-04:00,301.42543801668506,302.12714499020143,296.81824597309316,298.1846923828125,75738000
2020-07-24 00:00:00-04:00,296.32882749424476,297.28902521270993,294.7592290992445,296.2641906738281,73766600
2020-07-27 00:00:00-04:00,296.95669073754914,298.60013985296814,296.16264956413676,298.4247131347656,48293000
2020-07-28 00:00:00-04:00,297.6953350650081,298.8125323008997,296.23655442203676,296.5320129394531,57495000
2020-07-29 00:00:00-04:00,297.40906485580297,300.74214401894255,297.37212550366144,300.1789245605469,48454200
2020-07-30 00:00:00-04:00,297.20600271794535,299.5234615044289,295.11939379817784,299.10797119140625,61861700
2020-07-31 00:00:00-04:00,300.8990939222795,301.5731032762325,296.6796674453573,301.4715270996094,84986800
2020-08-03 00:00:00-04:00,303.13349796893095,304.33375941571626,302.5887621937607,303.56744384765625,53077900
2020-08-04 00:00:00-04:00,302.7087180143602,304.7399597167969,302.7087180143602,304.7399597167969,41917900
2020-08-05 00:00:00-04:00,306.0418321331255,306.89126826301356,305.7740711107244,306.6327209472656,42697700
2020-08-06 00:00:00-04:00,306.05108949352723,308.8024658628492,305.72793350897297,308.68243408203125,43679400
2020-08-07 00:00:00-04:00,307.7128833454353,309.1901471875092,306.8080525502548,308.9039306640625,57308300
2020-08-10 00:00:00-04:00,309.3564462990686,310.0119719811735,307.41753855083357,309.82733154296875,44282100
2020-08-11 00:00:00-04:00,311.00910310173,311.64617312266336,306.5403992490115,307.269775390625,69601100
2020-08-12 00:00:00-04:00,309.7073204785493,312.3294515588477,309.6796230021421,311.55389404296875,53774400
2020-08-13 00:00:00-04:00,310.78750691268493,312.3017105491452,310.0673444500074,310.9906311035156,41816100
2020-08-14 00:00:00-04:00,310.6028714247222,311.5353999760587,309.87346706744495,310.9998779296875,47260400
2020-08-17 00:00:00-04:00,312.01555148156046,312.384860575776,311.0091722248201,311.98785400390625,35481000
2020-08-18 00:00:00-04:00,312.38486227984396,313.08656928621576,310.7875659224632,312.661865234375,38733900
2020-08-19 00:00:00-04:00,313.04031505654325,313.5573533060185,310.79673534794836,311.3599548339844,68054200
2020-08-20 00:00:00-04:00,309.6334275776199,312.80953621709097,309.5041820857971,312.3294372558594,42207800
2020-08-21 00:00:00-04:00,311.99699218231325,313.65889664211295,311.6553525028336,313.43731689453125,55106600
2020-08-24 00:00:00-04:00,315.87475725095965,316.68725383901455,313.40959819669,316.6134033203125,48588700
2020-08-25 00:00:00-04:00,317.176669274047,317.804497448592,316.01331905096947,317.7214050292969,38463400
2020-08-26 00:00:00-04:00,318.3123656667442,321.1745322009073,317.76762983680743,320.90679931640625,50790200
2020-08-27 00:00:00-04:00,321.7746114341692,323.05796511433385,319.94649388256835,321.6083984375,58034100
2020-08-28 00:00:00-04:00,322.6332589850596,323.8150646592131,321.4422114288014,323.685791015625,48588900
2020-08-31 00:00:00-04:00,323.47343998768525,324.350545281418,322.2823924798507,322.5132141113281,66099200
2020-09-01 00:00:00-04:00,323.3442042226388,325.65242080777375,322.4486150605475,325.5508728027344,54908700
2020-09-02 00:00:00-04:00,327.46208615275333,331.22908325949226,326.31719155514446,330.2596435546875,69540000
2020-09-03 00:00:00-04:00,328.57007064811114,329.04095593493463,316.3088230099574,318.89404296875,148011100
2020-09-04 00:00:00-04:00,319.5772119329768,321.14678232846006,309.1809952615708,316.2903137207031,139156300
2020-09-08 00:00:00-04:00,310.8798493187982,316.3549607309717,307.3436737413122,307.6483459472656,114465300
2020-09-09 00:00:00-04:00,311.65545119972245,316.18879281443327,310.7875593448871,313.7236328125,91462300
2020-09-10 00:00:00-04:00,315.5978402401596,316.25336585308577,307.3159581046872,308.27618408203125,90569500
2020-09-11 00:00:00-04:00,310.05812950649084,311.11990351849477,305.6078810919823,308.4331359863281,84680200
2020-09-14 00:00:00-04:00,311.6000466817608,314.26835900337574,308.58090905163016,312.4956359863281,65605700
2020-09-15 00:00:00-04:00,314.9515989909545,315.7825515027897,312.5048945263648,314.0744934082031,52920900
2020-09-16 00:00:00-04:00,315.3116771386732,316.74276037655795,312.55103050748136,312.8280334472656,82096000
2020-09-17 00:00:00-04:00,307.97150659133644,311.79392701921023,307.4452264147787,310.07659912109375,91523300
2020-09-18 00:00:00-04:00,310.88219558209073,310.993428984105,304.02252899495534,306.5068359375,105877900
2020-09-21 00:00:00-04:00,301.9182014330189,303.2437795741085,298.2380798999571,303.095458984375,99450800
2020-09-22 00:00:00-04:00,304.57862001536944,306.73847660305466,302.0664772931383,306.1822814941406,63612100
2020-09-23 00:00:00-04:00,306.7384591067574,307.0165707899801,298.58102560551066,299.08160400390625,93112200
2020-09-24 00:00:00-04:00,297.76532620085055,302.93787621508653,296.4489985751981,299.87884521484375,76681300
2020-09-25 00:00:00-04:00,299.0259943751535,305.5148717009548,298.1546568746652,304.7269592285156,71069400
2020-09-28 00:00:00-04:00,308.8891253586317,310.5020659374077,307.8972472441894,309.7882995605469,64584600
2020-09-29 00:00:00-04:00,309.58428208482565,310.3258566144469,307.4058680063376,308.1011047363281,51304000
2020-09-30 00:00:00-04:00,308.76851822648564,313.58883730414396,308.57385987247454,310.4371032714844,104081100
2020-10-01 00:00:00-04:00,313.03270872151455,314.0060289873834,310.5484025217798,312.43017578125,88698700
2020-10-02 00:00:00-04:00,307.48016945972887,312.4024452784228,307.0073992354619,309.4638977050781,89431100
2020-10-05 00:00:00-04:00,311.52187312353743,315.13710079904007,311.4755352939473,314.95172119140625,45713100
2020-10-06 00:00:00-04:00,315.0905952451243,317.1855845500535,309.96438363528426,310.4742126464844,90128900
2020-10-07 00:00:00-04:00,313.43135342172144,316.6850714131168,313.40354507518236,315.87860107421875,56999600
2020-10-08 00:00:00-04:00,317.81598305879504,318.7429656383515,316.89825106833507,318.6780700683594,45242500
2020-10-09 00:00:00-04:00,320.32811028649445,321.9874170889095,319.7070477762188,321.52392578125,59528600
2020-10-12 00:00:00-04:00,324.06375415372054,328.1702791470719,323.572454643108,326.6963806152344,80388500
2020-10-13 00:00:00-04:00,326.55736813172996,326.73349705593574,323.60029192754826,324.5643615722656,73255500
2020-10-14 00:00:00-04:00,325.1391526992879,326.2329853972063,321.7927590329618,322.5250549316406,57727900
2020-10-15 00:00:00-04:00,318.6131625602973,322.6084550653457,318.07552513157503,322.1264343261719,60357700
2020-10-16 00:00:00-04:00,323.4798383039487,325.1391450693449,321.7556642567683,321.9317932128906,89501900
2020-10-19 00:00:00-04:00,323.19247265299344,323.8228140214689,316.13814875888556,317.0373229980469,68425600
2020-10-20 00:00:00-04:00,318.3814276529497,321.5517205103544,317.62132344041964,318.3072814941406,60051900
2020-10-21 00:00:00-04:00,318.2609093352829,320.43007341653833,317.39882234537475,317.7047424316406,63575000
2020-10-22 00:00:00-04:00,317.91796352473176,320.03148284713905,315.77663585423755,319.4474792480469,55399300
2020-10-23 00:00:00-04:00,320.6710851896819,320.7267018827422,318.0755452159894,320.53204345703125,49143900
2020-10-26 00:00:00-04:00,317.14850435705404,317.93644508302657,311.11383966511926,314.60858154296875,91473000
2020-10-27 00:00:00-04:00,314.95160893898276,315.285309087353,313.31083167503937,313.5240478515625,65994100
2020-10-28 00:00:00-04:00,307.8508304573768,313.551765999517,302.3167449414249,302.80804443359375,127094300
2020-10-29 00:00:00-04:00,303.03995915634096,309.05606864677685,301.3528436229615,305.88580322265625,90597700
2020-10-30 00:00:00-04:00,304.30980936954535,305.61685806950385,299.0445556385391,302.6968688964844,120287300
2020-11-02 00:00:00-05:00,306.08966064453125,308.0919181320214,303.34577182679664,306.08966064453125,86068300
2020-11-03 00:00:00-05:00,309.3248822711989,313.5519214322437,306.1731465162822,311.4940185546875,93294200
2020-11-04 00:00:00-05:00,315.97132271954166,322.5343763512185,314.7940648255847,318.4556579589844,126959700
2020-11-05 00:00:00-05:00,323.7394296519222,326.4740399373296,323.38717169903396,324.6664123535156,82039700
2020-11-06 00:00:00-05:00,324.3789774456897,325.843625628691,322.2654584902254,324.5921936035156,74973000
2020-11-09 00:00:00-05:00,337.39386942742516,337.7739357009492,328.20746815703154,328.67095947265625,172304200
2020-11-10 00:00:00-05:00,327.6791073823705,329.24571041717456,324.9167170262264,328.18896484375,85552000
2020-11-11 00:00:00-05:00,330.37658868596975,331.4518918826983,329.13443541283425,330.62689208984375,58649000
2020-11-12 00:00:00-05:00,329.6164079973696,330.67318157201504,325.6118653025927,327.4194641113281,67546200
2020-11-13 00:00:00-05:00,329.32913773288357,332.69408950193605,328.81002967758116,331.9525146484375,62892200
2020-11-16 00:00:00-05:00,334.6222008625587,336.29075828534565,333.3336814245421,336.0960998535156,74541100
2020-11-17 00:00:00-05:00,333.68588866910596,335.49351584362677,332.17490268135197,334.2884216308594,66111000
2020-11-18 00:00:00-05:00,334.55725327164475,335.1041695450707,330.2282326036911,330.26531982421875,70591300
2020-11-19 00:00:00-05:00,329.63497720915376,332.02657957234703,328.29084129066734,331.6557922363281,59940900
2020-11-20 00:00:00-05:00,331.3962999206507,331.6002372367879,329.31058894212913,329.3847351074219,70417300
2020-11-23 00:00:00-05:00,331.1923723183577,332.61993357318823,328.958340654461,331.3592224121094,63230600
2020-11-24 00:00:00-05:00,333.9083212958037,337.24546358278957,333.05551333256483,336.69854736328125,62415900
2020-11-25 00:00:00-05:00,336.6152178939342,336.643026242167,335.08570216259716,336.1795349121094,45330900
2020-11-27 00:00:00-05:00,337.2732938319882,337.5884644727242,336.1052868833564,337.11572265625,28514100
2020-11-30 00:00:00-05:00,336.33708795881,336.6059208367198,332.9443565005629,335.6233215332031,83872700
2020-12-01 00:00:00-05:00,338.8770642217867,340.8329840925718,338.2837817293062,339.294189453125,74231400
2020-12-02 00:00:00-05:00,338.18177783063066,340.16550576049775,337.6070531807557,340.0079345703125,45927000
2020-12-03 00:00:00-05:00,339.9059738069598,341.30572658893556,338.81214112571735,339.9152526855469,62882000
2020-12-04 00:00:00-05:00,340.49915721669635,342.84442138671875,340.4064533255807,342.84442138671875,50749900
2020-12-07 00:00:00-05:00,342.07508856328803,342.6312837481267,340.8700225705228,342.1399841308594,48944300
2020-12-08 00:00:00-05:00,340.8700252302088,343.7065895768302,340.8236874183033,343.1411437988281,42458900
2020-12-09 00:00:00-05:00,343.79918340254324,343.95675454397633,339.22916767292827,340.0634460449219,74098300
2020-12-10 00:00:00-05:00,338.6915597157027,340.9997368715385,337.8201939843313,339.9522705078125,57735400
2020-12-11 00:00:00-05:00,338.25581936736404,339.9614633227397,336.7355831787861,339.5535888671875,57698600
2020-12-14 00:00:00-05:00,341.7227861576118,342.7980607861549,337.8572573213051,338.03338623046875,69216200
2020-12-15 00:00:00-05:00,340.57342135002625,342.603515625,339.20150512752514,342.603515625,63865300
2020-12-16 00:00:00-05:00,342.8166942477022,344.058847472952,341.93604950739774,343.1411437988281,58420500
2020-12-17 00:00:00-05:00,344.78191409140845,345.2639348642844,343.956885989985,345.05999755859375,64119500
2020-12-18 00:00:00-05:00,345.3485390064458,345.5161002847388,341.67133885477017,343.6821594238281,136542300
2020-12-21 00:00:00-05:00,339.7629846416698,352.3212752668946,337.0260363965949,342.453369140625,96386700
2020-12-22 00:00:00-05:00,342.7791666961401,342.8908742196503,340.7497375927771,341.87615966796875,47949000
2020-12-23 00:00:00-05:00,342.844396393639,344.091844631818,341.8576085573205,342.1834411621094,46201400
2020-12-24 00:00:00-05:00,342.6581766510882,343.5425753213041,342.0717120912017,343.5146484375,26457900
2020-12-28 00:00:00-05:00,346.06540553732583,346.8567051409463,345.4416956497775,346.4657287597656,39000400
2020-12-29 00:00:00-05:00,347.9924184877755,348.1692982115266,345.2182250819667,345.8047180175781,53680500
2020-12-30 00:00:00-05:00,346.6238366143544,347.3313552892653,345.90702792150677,346.2980041503906,49455300
2020-12-31 00:00:00-05:00,346.1026197103733,348.78371400805713,345.59061740637577,348.0575866699219,78520700
2021-01-04 00:00:00-05:00,349.38886325350404,349.51920765992713,339.6233739583343,343.3191833496094,110210800
2021-01-05 00:00:00-05:00,342.6767263731801,346.77282927866395,342.6301626387799,345.6836242675781,66426200
2021-01-06 00:00:00-05:00,344.17558324644114,350.9434912559952,343.62633562425066,347.7503662109375,107997700
2021-01-07 00:00:00-05:00,350.12425147477427,353.66178899148537,349.9473717579539,352.91705322265625,68766800
2021-01-08 00:00:00-05:00,354.3041182519428,355.14195305315735,351.05516813608017,354.9278564453125,71677200
2021-01-11 00:00:00-05:00,351.7533583363595,354.294789546003,351.6323323911676,352.53533935546875,51034700
2021-01-12 00:00:00-05:00,352.7216602807601,353.6246391495682,350.36636956405766,352.60992431640625,52547700
2021-01-13 00:00:00-05:00,352.53532382507234,354.5554342663169,351.7533428404121,353.5593566894531,45303600
2021-01-14 00:00:00-05:00,354.3041831146207,354.80689545132014,351.9861664446019,352.3212890625,49989100
2021-01-15 00:00:00-05:00,350.7014344796534,351.5020240301078,347.8900242126763,349.75189208984375,107160000
2021-01-19 00:00:00-05:00,352.2095511727949,353.0380960342888,350.72936958492306,352.4981384277344,51233300
2021-01-20 00:00:00-05:00,354.7882275407677,358.21408610198193,354.39725118743416,357.3762512207031,61836100
2021-01-21 00:00:00-05:00,357.93482091297085,358.36307102761856,356.780471791413,357.70208740234375,47840100
2021-01-22 00:00:00-05:00,355.8494812219019,357.5996414893799,355.4677949159223,356.43597412109375,52860500
2021-01-25 00:00:00-05:00,357.17146221981005,358.1954668974896,352.3212755983803,357.84173583984375,70402000
2021-01-26 00:00:00-05:00,358.79125051568155,359.2008637189769,357.0504086066009,357.28314208984375,42665300
2021-01-27 00:00:00-05:00,353.95968803310404,354.05278710492604,346.31672868098127,348.55096435546875,123351100
2021-01-28 00:00:00-05:00,350.3662492978682,355.5515576481308,349.928737662884,351.5485534667969,94198100
2021-01-29 00:00:00-05:00,349.6867328043069,350.65491209093165,342.83504399028214,344.5107421875,126765100
2021-02-01 00:00:00-05:00,347.9086469202224,351.27862337041176,344.7993308471236,350.24530029296875,75817600
2021-02-02 00:00:00-05:00,353.42907659511883,356.75251769171075,350.32907897038325,355.1978454589844,64450700
2021-02-03 00:00:00-05:00,356.02635940269215,357.19934519602856,354.20173693182824,355.47711181640625,52427100
2021-02-04 00:00:00-05:00,356.5104377825251,359.56389983293474,355.5888223142449,359.5173645019531,47142600
2021-02-05 00:00:00-05:00,361.3885805309923,361.6399224767463,359.47085881489795,360.9324035644531,48669800
2021-02-08 00:00:00-05:00,362.38465454642807,363.5855673167599,361.52821120762786,363.5390319824219,38365200
2021-02-09 00:00:00-05:00,362.7011247326708,363.89274733764177,362.2915399745202,363.29693603515625,35551100
2021-02-10 00:00:00-05:00,365.0378462808228,365.18679913439,360.7369356197839,363.13873291015625,59154400
2021-02-11 00:00:00-05:00,364.2185830573535,364.637514691375,361.29546527923713,363.7251892089844,42913300
2021-02-12 00:00:00-05:00,362.9245980037026,365.7639351240039,362.8501073798465,365.52191162109375,50593300
2021-02-16 00:00:00-05:00,366.75064515255275,366.94616169138556,364.48848300185534,365.2052917480469,50972400
2021-02-17 00:00:00-05:00,363.4552435609881,365.54052650809217,362.44050055956217,365.2891845703125,52290600
2021-02-18 00:00:00-05:00,362.68256763974955,364.479263411607,360.9603340863235,363.7345275878906,59712800
2021-02-19 00:00:00-05:00,364.9912762762247,365.27986352452217,362.645304567679,363.0921630859375,83241000
2021-02-22 00:00:00-05:00,360.3273043244353,362.7104930424211,360.0293986322245,360.29937744140625,67414200
2021-02-23 00:00:00-05:00,358.0930892269746,362.0868041909318,353.9411313866223,360.7369384765625,107284100
2021-02-24 00:00:00-05:00,359.64763206401153,365.1401640532169,358.6608445373059,364.7119140625,72433900
2021-02-25 00:00:00-05:00,363.4459121163381,364.81438610383606,354.4810139951626,355.9239501953125,146670500
2021-02-26 00:00:00-05:00,357.8044418312601,358.9494723193458,352.1071310412466,354.0899963378906,152701600
2021-03-01 00:00:00-05:00,358.9587703830817,363.92066358275525,354.2854928063855,362.6731872558594,105348800
2021-03-02 00:00:00-05:00,362.8966319883141,363.1293654455315,359.3404579436692,359.8431701660156,79595300
2021-03-03 00:00:00-05:00,359.1449892511198,360.11314003050495,354.9743952442966,355.0768127441406,119940200
2021-03-04 00:00:00-05:00,354.89061115902405,357.47860618196836,346.19569221992555,350.68280029296875,183433000
2021-03-05 00:00:00-05:00,354.1830824863514,358.18611506318695,346.90320141461257,357.1341552734375,152039600
2021-03-08 00:00:00-05:00,358.09305771331407,360.9044680233819,355.0768407972248,355.3561096191406,123149200
2021-03-09 00:00:00-05:00,359.2008783576128,362.9804680067196,358.69816605856334,360.4297180175781,113633600
2021-03-10 00:00:00-05:00,362.77560474978924,364.367493636716,361.3605955625039,362.6731872558594,109899400
2021-03-11 00:00:00-05:00,365.14010892092347,368.3238860347193,364.683932122285,366.3503112792969,86245000
2021-03-12 00:00:00-05:00,364.9912312984389,366.98341490924895,364.18132341690256,366.8437805175781,64653600
2021-03-15 00:00:00-04:00,367.0951358060423,369.2921544845288,364.9539992961072,369.031494140625,73427200
2021-03-16 00:00:00-04:00,369.645957368341,370.353447865086,367.7933794539433,368.5660705566406,73722500
2021-03-17 00:00:00-04:00,367.2813248264547,370.6233738852898,366.1362659817345,369.8227844238281,97959300
2021-03-18 00:00:00-04:00,367.23478757465904,369.3200702632121,363.76239416037566,364.4419860839844,115349100
2021-03-19 00:00:00-04:00,364.1412265877475,365.7196598344972,361.5914432269456,363.76763916015625,113624500
2021-03-22 00:00:00-04:00,364.28139952570655,368.0546989422797,364.2253628242193,366.6723937988281,73778600
2021-03-23 00:00:00-04:00,366.0372793939017,367.48494163658637,363.0018346568089,363.786376953125,90686600
2021-03-24 00:00:00-04:00,365.1873437728255,366.8218139815274,361.8903850062456,361.93707275390625,97588600
2021-03-25 00:00:00-04:00,360.4987572580339,364.76703777153006,358.556056717537,363.9731750488281,116128600
2021-03-26 00:00:00-04:00,365.1219010982299,370.24013727057377,364.52416690819587,369.8385314941406,114409100
2021-03-29 00:00:00-04:00,368.362923730932,370.557789685478,366.87789404327793,369.6518249511719,108107600
2021-03-30 00:00:00-04:00,368.38151862967413,369.3435197999662,367.0739198714649,368.6710510253906,76262200
2021-03-31 00:00:00-04:00,369.24092359240973,371.725322383462,369.2129052358639,370.1655578613281,112734200
2021-04-01 00:00:00-04:00,372.0988995028792,374.21905959918587,371.89342205968876,374.1629943847656,99682900
2021-04-05 00:00:00-04:00,376.82474984617124,380.0750207457854,376.7500437520767,379.5332946777344,91684800
2021-04-06 00:00:00-04:00,378.97289240238507,380.35516878606614,378.6366437530473,379.3091125488281,62021000
2021-04-07 00:00:00-04:00,379.141055188101,380.0937075716996,378.6834126464064,379.7481384277344,55836300
2021-04-08 00:00:00-04:00,380.99967367195654,381.60675691392385,380.06569068342264,381.55072021484375,57863100
2021-04-09 00:00:00-04:00,381.4293215703808,384.4927845941178,381.3078992229351,384.32464599609375,61104600
2021-04-12 00:00:00-04:00,383.72686723274467,384.73555618947427,383.11978406878455,384.4647216796875,56704900
2021-04-13 00:00:00-04:00,384.36203264890395,386.2299986965263,383.9790961887934,385.6042175292969,56551000
2021-04-14 00:00:00-04:00,385.5761956165632,386.6316009841835,383.7455968876172,384.2873229980469,61659900
2021-04-15 00:00:00-04:00,386.4261388821726,388.6863904096903,386.3794511307246,388.41552734375,60229800
2021-04-16 00:00:00-04:00,389.7043961665137,390.3208283501207,388.28475230611167,389.7137451171875,82037300
2021-04-19 00:00:00-04:00,388.7797715143714,389.2280651111477,386.4728323712962,387.799072265625,78498500
2021-04-20 00:00:00-04:00,386.5849297445035,387.68702290879025,383.4840991609738,384.9598083496094,81851800
2021-04-21 00:00:00-04:00,384.343304744254,388.80774177837327,384.20318450969165,388.6022644042969,66793000
2021-04-22 00:00:00-04:00,388.4341116710418,389.2653415229148,383.9883445217175,385.0530700683594,97582800
2021-04-23 00:00:00-04:00,385.6135180559668,390.6383506535276,385.5388119647193,389.22802734375,73209200
2021-04-26 00:00:00-04:00,389.88182724622914,390.61033277407387,389.29341345395136,390.04058837890625,52182400
2021-04-27 00:00:00-04:00,390.33954048578113,390.5356974540181,388.817143509979,389.95660400390625,51303100
2021-04-28 00:00:00-04:00,390.22751049909505,391.34830171724354,389.37758238419826,389.8445739746094,51238900
2021-04-29 00:00:00-04:00,392.5717326349584,392.94532012603673,388.94787411541165,392.3288879394531,78544300
2021-04-30 00:00:00-04:00,390.05926790428015,390.90919573054396,388.8544220293682,389.75103759765625,85527000
2021-05-03 00:00:00-04:00,391.740486180178,392.1234226337819,390.09669546817264,390.5917053222656,68128300
2021-05-04 00:00:00-04:00,388.60228003315905,389.09728984022036,384.49276088924864,388.1819763183594,101591200
2021-05-05 00:00:00-04:00,389.8257718711052,390.05926758682625,387.74297982583107,388.3033752441406,60162200
2021-05-06 00:00:00-04:00,388.3781117451592,391.5349786293804,386.3700541332892,391.40423583984375,74321400
2021-05-07 00:00:00-04:00,392.17019603570935,394.9067598070732,391.488378079509,394.2529602050781,67733800
2021-05-10 00:00:00-04:00,394.60777566622943,394.83192244153906,390.22739358037734,390.34881591796875,81852400
2021-05-11 00:00:00-04:00,385.8283743617133,387.85510146471046,382.9890581244751,386.8650817871094,116888000
2021-05-12 00:00:00-04:00,384.0818451111226,385.35204832878026,377.3291376588085,378.64605712890625,134811000
2021-05-13 00:00:00-04:00,380.19647206863493,385.12790123879364,380.14975581622974,383.1945495605469,106394000
2021-05-14 00:00:00-04:00,385.93109523135814,389.9285412046908,385.9030768823611,389.07861328125,82201600
2021-05-17 00:00:00-04:00,387.96716817788194,388.9011510722619,386.0711555395105,388.08856201171875,65129200
2021-05-18 00:00:00-04:00,388.3500329372669,388.59287758375297,384.5860834311973,384.744873046875,59810200
2021-05-19 00:00:00-04:00,380.0563698240923,383.9136956201269,378.57131179137997,383.7362365722656,106467100
2021-05-20 00:00:00-04:00,384.6142002311314,389.1253542262279,384.4928063797059,387.8644714355469,78022200
2021-05-21 00:00:00-04:00,389.3495165134627,390.59172995398563,387.08929345333263,387.54693603515625,76578700
2021-05-24 00:00:00-04:00,389.7883542138852,392.5716330467141,389.5455095799852,391.49755859375,51376700
2021-05-25 00:00:00-04:00,392.5810493076067,392.9359673967326,390.0499634392748,390.6290283203125,57451400
2021-05-26 00:00:00-04:00,391.21742785148024,391.90856610321015,390.1807204738854,391.40423583984375,43088600
2021-05-27 00:00:00-04:00,392.4316813954646,392.94536068585694,391.3295597041095,391.6097717285156,56707700
2021-05-28 00:00:00-04:00,393.1788696655476,393.44038379537267,392.0767764400637,392.3102722167969,58520200
2021-06-01 00:00:00-04:00,394.67320566118025,394.81329741149153,391.525687491623,391.96466064453125,54216600
2021-06-02 00:00:00-04:00,392.6183914671472,393.4216315915621,391.60970246523397,392.5810241699219,49097100
2021-06-03 00:00:00-04:00,390.26471419783354,392.26342254537116,388.79835437798243,391.12396240234375,58138800
2021-06-04 00:00:00-04:00,392.97323707370083,394.9999921567434,391.18932662350056,394.70111083984375,55938800
2021-06-07 00:00:00-04:00,394.69176366588977,394.869222667166,393.38419352718944,394.31817626953125,51555000
2021-06-08 00:00:00-04:00,395.17753710589864,395.2709411073429,392.57174503386995,394.40234375,47134300
2021-06-09 00:00:00-04:00,395.24292720536323,395.31766180851946,393.58978752250255,393.8139343261719,48436300
2021-06-10 00:00:00-04:00,395.0374175201594,396.59718157596666,393.72049815041606,395.6445007324219,51020100
2021-06-11 00:00:00-04:00,396.1955848814836,396.410382721431,394.90668383020704,396.2983093261719,45570800
2021-06-14 00:00:00-04:00,396.4103860815458,397.2883323557152,395.1682012696967,397.18560791015625,42358500
2021-06-15 00:00:00-04:00,397.33497736676,397.37231615686954,395.57908513324,396.45703125,51508500
2021-06-16 00:00:00-04:00,396.5972776541553,396.8214244938092,392.1982249085213,394.2436218261719,80386100
2021-06-17 00:00:00-04:00,393.832609480347,395.0934636810587,391.6377438115296,394.11279296875,90949700
2021-06-18 00:00:00-04:00,390.8294393593685,391.5228387958726,388.5899319002041,388.79608154296875,118676300
2021-06-21 00:00:00-04:00,390.55768603100165,394.54947970964827,389.74246700562156,394.362060546875,72822000
2021-06-22 00:00:00-04:00,394.35264939802,397.30431488608144,393.6311114680384,396.4703369140625,57700300
2021-06-23 00:00:00-04:00,396.5453419827774,397.35118140093033,395.908162638729,395.99249267578125,49445400
2021-06-24 00:00:00-04:00,398.13837392933584,398.7567942864678,397.88535518708557,398.33514404296875,45110300
2021-06-25 00:00:00-04:00,399.08471063989845,400.1997887962621,398.75674142988316,399.75,58129500
2021-06-28 00:00:00-04:00,400.2747165613677,400.7244767038043,399.0753085212979,400.5558166503906,53159600
2021-06-29 00:00:00-04:00,400.9400834258965,401.5772628150839,400.2373044711945,400.77142333984375,35970500
2021-06-30 00:00:00-04:00,400.3122760719077,401.78343362434913,400.28416605608436,401.1087646484375,64827900
2021-07-01 00:00:00-04:00,401.86762921225574,403.48871583874467,401.80202966523314,403.32940673828125,53441000
2021-07-02 00:00:00-04:00,404.4914967088667,406.7684938220398,403.4138793575893,406.41241455078125,57697700
2021-07-06 00:00:00-04:00,406.4686076794865,406.68413685470637,402.9359824093808,405.672119140625,68710400
2021-07-07 00:00:00-04:00,406.35618496076756,407.38693319644403,404.3415575796705,407.1058044433594,63549500
2021-07-08 00:00:00-04:00,401.78335917623605,404.54763413664995,400.60268153812575,403.78863525390625,97595200
2021-07-09 00:00:00-04:00,405.29729335492465,408.39888874783514,403.59187628680496,408.0990295410156,76238600
2021-07-12 00:00:00-04:00,408.01462234463963,409.8137486491912,407.5835926889374,409.56072998046875,52889600
2021-07-13 00:00:00-04:00,408.7736811446095,410.27294851905754,407.9022421705888,408.16461181640625,52911300
2021-07-14 00:00:00-04:00,409.8606191747878,410.3478974784806,407.5274025459791,408.7736511230469,64130400
2021-07-15 00:00:00-04:00,407.43375298751454,408.10842192602513,405.4753457373174,407.3775329589844,55126400
2021-07-16 00:00:00-04:00,408.55826493610124,408.60510543403905,403.78874124223563,404.1822814941406,75874700
2021-07-19 00:00:00-04:00,399.35644496226297,404.24778712950507,395.40214130525,398.2132568359375,147987000
2021-07-20 00:00:00-04:00,398.87858854389634,405.19424821912867,398.0821000063619,403.91986083984375,99608200
2021-07-21 00:00:00-04:00,405.1192467876088,407.33067265477706,403.8729980876093,407.1900939941406,64724400
2021-07-22 00:00:00-04:00,407.36814723384765,408.28645534613815,406.3842681533673,408.0428161621094,47878500
2021-07-23 00:00:00-04:00,409.9731072389194,412.5780733348413,409.28908738037114,412.2407531738281,63766600
2021-07-26 00:00:00-04:00,411.6503882088871,413.26209560038063,411.6035477215418,413.2527160644531,43719200
2021-07-27 00:00:00-04:00,412.21274448918837,412.24085450951605,408.5395397881605,411.3694152832031,67397100
2021-07-28 00:00:00-04:00,411.99717221467273,412.57813163816985,409.7763950523972,411.20068359375,52472400
2021-07-29 00:00:00-04:00,412.12830695326727,413.9836250033735,412.11892741688575,412.9060363769531,47435300
2021-07-30 00:00:00-04:00,410.33858897512397,412.35321630587856,410.20738984106623,410.90081787109375,68951200
2021-08-02 00:00:00-04:00,412.61555230549715,413.16840161930367,409.68261706413523,410.0386962890625,58783300
2021-08-03 00:00:00-04:00,410.8352061543172,413.49639234731455,408.642539261414,413.37457275390625,58053900
2021-08-04 00:00:00-04:00,412.0908364864167,413.34646478534535,411.1069573898092,411.3412170410156,46732200
2021-08-05 00:00:00-04:00,412.5030891792091,414.0304665079831,412.1844995210822,413.9461364746094,38969700
2021-08-06 00:00:00-04:00,414.26472732503214,415.0518362349307,413.9835986168319,414.6301574707031,46930000
2021-08-09 00:00:00-04:00,414.60205680992107,414.92064647614995,413.5244682278816,414.2928466796875,41222600
2021-08-10 00:00:00-04:00,414.74262797604996,415.52038600343246,414.05860812109773,414.8082275390625,43339300
2021-08-11 00:00:00-04:00,415.87641776811984,415.9326377882429,414.7519601733688,415.83892822265625,44034300
2021-08-12 00:00:00-04:00,415.68905723891174,417.22581426197354,414.78950819398324,417.0852355957031,38909400
2021-08-13 00:00:00-04:00,417.5349995492506,417.86296875743454,417.0477498031309,417.84423828125,39470300
2021-08-16 00:00:00-04:00,416.5418093350096,418.9593565822655,414.98632167204744,418.82818603515625,73740000
2021-08-17 00:00:00-04:00,416.27000163869883,416.9446705471954,413.0934557834653,416.0826110839844,92673900
2021-08-18 00:00:00-04:00,415.07059964436183,416.6354666486862,411.2849843863083,411.5285949707031,89351900
2021-08-19 00:00:00-04:00,408.80177618265736,413.36517769933806,408.6612261268582,412.1657409667969,92812200
2021-08-20 00:00:00-04:00,412.51249736786883,415.7733732693985,412.0252190130029,415.4454040527344,72008700
2021-08-23 00:00:00-04:00,417.132066923601,420.00878201499984,415.52035954108516,419.099853515625,54973000
2021-08-24 00:00:00-04:00,419.76513671875,420.2992555252089,419.2497769837676,419.76513671875,38744700
2021-08-25 00:00:00-04:00,419.95253575464955,421.1612947689073,419.5776974968097,420.64593505859375,40529700
2021-08-26 00:00:00-04:00,420.3648902398338,420.599149899653,418.0691627312955,418.1628723144531,57829600
2021-08-27 00:00:00-04:00,418.9687063675384,422.2764515773078,418.9124863376052,421.9016418457031,77235100
2021-08-30 00:00:00-04:00,422.5762802722132,424.5440669661629,422.33264109600447,423.7569580078125,48357400
2021-08-31 00:00:00-04:00,423.6632387027082,424.0005588501911,422.5294300788062,423.1291198730469,59300200
2021-09-01 00:00:00-04:00,424.0661623524176,424.58152211457764,423.11974426960506,423.35400390625,48721400
2021-09-02 00:00:00-04:00,424.7783747777005,425.462394702092,423.45714682758916,424.65655517578125,42501000
2021-09-03 00:00:00-04:00,423.5226862527916,425.068794112329,423.1197379507082,424.55340576171875,47170500
2021-09-07 00:00:00-04:00,424.20675973967593,424.3004693240175,422.3607924531319,423.03546142578125,51671500
2021-09-08 00:00:00-04:00,422.5013195727054,423.2322084875442,420.599103890751,422.5200500488281,56181900
2021-09-09 00:00:00-04:00,422.32328581858627,424.0755433312676,420.46793919543404,420.7115783691406,57970400
2021-09-10 00:00:00-04:00,422.6418302154465,423.06348035998116,417.272589605885,417.3944091796875,89948200
2021-09-13 00:00:00-04:00,420.3929721292917,420.65534176904265,416.1481602138,418.462646484375,83738600
2021-09-14 00:00:00-04:00,419.9057840546144,420.1119337155956,415.31430007401667,416.2044982910156,78197100
2021-09-15 00:00:00-04:00,416.62612251723135,420.17750702921626,415.520423766594,419.6808776855469,78792200
2021-09-16 00:00:00-04:00,419.15605298019295,420.1305523944603,416.0638088883506,419.0155029296875,77786700
2021-09-17 00:00:00-04:00,418.2428908298914,418.6658919018536,414.5767094129711,414.9339294433594,118425000
2021-09-20 00:00:00-04:00,408.8048283528595,410.38408955076596,403.1457660287209,408.01519775390625,166445500
2021-09-21 00:00:00-04:00,410.3559338587685,411.65319451439296,407.103401321114,407.62982177734375,92526100
2021-09-22 00:00:00-04:00,409.9046386502538,413.64601007748894,407.74255702757415,411.6061096191406,102350100
2021-09-23 00:00:00-04:00,413.4768249344985,418.21463714747955,413.2418148065021,416.6071472167969,76396000
2021-09-24 00:00:00-04:00,414.97146438680744,418.00780541065916,414.7552447526697,417.2933654785156,62094800
2021-09-27 00:00:00-04:00,416.25940022123115,417.4250414535586,415.40395978249387,416.099609375,61371100
2021-09-28 00:00:00-04:00,413.3264910581115,413.65551103539497,406.98121643473854,407.7144470214844,130436300
2021-09-29 00:00:00-04:00,409.09622503378733,410.83530568589765,407.8365742138815,408.4006042480469,82329200
2021-09-30 00:00:00-04:00,409.8764201598323,410.58145048611453,403.0705365902038,403.4089660644531,140506000
2021-10-01 00:00:00-04:00,405.1386734490561,409.8858665977476,401.61352150069314,408.20318603515625,129240100
2021-10-04 00:00:00-04:00,407.0375892196289,407.9400201839394,400.79570572105376,402.93902587890625,128570000
2021-10-05 00:00:00-04:00,404.4430304326626,409.3782432393912,403.64401892844825,407.1315612792969,90682500
2021-10-06 00:00:00-04:00,403.5312059070278,409.0304489893108,401.90495407806975,408.8236389160156,113032200
2021-10-07 00:00:00-04:00,412.1043841974191,415.1970969045478,411.92577420062315,412.3581848144531,72437500
2021-10-08 00:00:00-04:00,413.1289992900791,413.5144193283019,410.9762985644965,411.6061096191406,74557400
2021-10-11 00:00:00-04:00,410.9480912711501,413.86222243707743,408.56038046823124,408.6261901855469,65233300
2021-10-12 00:00:00-04:00,409.5474922480039,409.951702812476,406.8307612007708,407.6203918457031,71181200
2021-10-13 00:00:00-04:00,408.6449718376633,409.9046225853422,405.6650597065649,409.0867919921875,72974000
2021-10-14 00:00:00-04:00,412.7529748558683,416.1183359496485,412.28295460047235,415.9679260253906,70236800
2021-10-15 00:00:00-04:00,418.0830234599393,419.50249383265776,417.4625932709582,419.1358642578125,66260200
2021-10-18 00:00:00-04:00,417.34974716147195,420.7150792484789,416.6917073911921,420.3766784667969,62213200
2021-10-19 00:00:00-04:00,422.0030022074686,423.68565408047556,421.39195292020696,423.619873046875,46996800
2021-10-20 00:00:00-04:00,424.0805016742407,425.5845723051379,423.96770139728164,425.28375244140625,49571600
2021-10-21 00:00:00-04:00,424.6821246218787,426.6186059313377,424.2497139854905,426.39300537109375,41305400
2021-10-22 00:00:00-04:00,425.9606119788899,427.40828257050583,424.0053114184127,425.9512023925781,58845100
2021-10-25 00:00:00-04:00,427.04163242690424,428.5644935725112,425.26497065295007,428.2354736328125,45214500
2021-10-26 00:00:00-04:00,429.78648871271434,430.9991201914676,428.24480866378605,428.6208190917969,56075100
2021-10-27 00:00:00-04:00,429.0814956872959,429.7489164065924,426.6467655584889,426.72198486328125,72438000
2021-10-28 00:00:00-04:00,428.1508248045862,430.91454608380144,428.1414439075538,430.83935546875,51437900
2021-10-29 00:00:00-04:00,428.53625110147857,432.00500278448646,428.244840846289,431.7135925292969,70162400
2021-11-01 00:00:00-04:00,432.70065934906575,433.07669852419264,430.7265971184563,432.4562683105469,48433600
2021-11-02 00:00:00-04:00,432.62542031361994,434.51491081247156,432.4938008795022,434.2046813964844,48908400
2021-11-03 00:00:00-04:00,433.6406702124122,437.25983186693117,433.19885003088245,436.8556213378906,52509800
2021-11-04 00:00:00-04:00,437.4572570913363,438.9989373652711,437.10944667746986,438.9143371582031,52847100
2021-11-05 00:00:00-04:00,441.14228636490327,442.4301374982926,438.92380414430136,440.437255859375,66390600
2021-11-08 00:00:00-05:00,441.5370209098921,442.0352412122443,440.1269602027339,440.81317138671875,50405200
2021-11-09 00:00:00-05:00,441.1798210293701,441.41483115793073,437.946079365355,439.35614013671875,51149100
2021-11-10 00:00:00-05:00,437.6640656796384,439.35615587855733,434.3363427951768,435.82159423828125,69429700
2021-11-11 00:00:00-05:00,437.31627671722447,437.3914960298939,435.94382548251065,435.9626159667969,34848500
2021-11-12 00:00:00-05:00,437.2316347180003,439.80733651939306,436.2821846286871,439.2527160644531,53466700
2021-11-15 00:00:00-05:00,440.54060690132917,440.7003977259758,438.2751057858588,439.40313720703125,46980500
2021-11-16 00:00:00-05:00,439.1399817843683,442.27971409763927,439.06479115534836,441.14227294921875,48857500
2021-11-17 00:00:00-05:00,440.8790082432791,441.0576182388675,439.4501569663317,440.0705871582031,47858300
2021-11-18 00:00:00-05:00,441.1046072166389,441.8284567817868,438.3784954289363,441.56524658203125,50625600
2021-11-19 00:00:00-05:00,441.4524364328998,442.70270645083684,440.4090051747564,440.775634765625,57315600
2021-11-22 00:00:00-05:00,442.65567024625074,445.1467717517106,439.32791895320247,439.53472900390625,72762000
2021-11-23 00:00:00-05:00,439.2057132997234,440.9729939884895,436.6018115031317,440.1175537109375,73206500
2021-11-24 00:00:00-05:00,438.1152611459688,441.4148123907597,437.29743052339023,441.2926025390625,61858800
2021-11-26 00:00:00-05:00,434.61831023205275,436.0847710795946,430.32231837166336,431.45037841796875,112669600
2021-11-29 00:00:00-05:00,436.2446690099577,438.5853610359219,434.0449773431906,436.7428894042969,86268800
2021-11-30 00:00:00-05:00,434.29870556860726,436.2069866122317,428.0004228222706,428.2448425292969,148559600
2021-12-01 00:00:00-05:00,433.9603158081163,436.8086374124799,423.290850257439,423.4882507324219,131939200
2021-12-02 00:00:00-05:00,423.7044637690375,431.54439807571686,423.3096341374703,429.9745178222656,127637800
2021-12-03 00:00:00-05:00,431.638417799551,432.7006394884692,422.0030024782896,426.2331848144531,137331600
2021-12-06 00:00:00-05:00,428.78064745203505,433.1612393139571,426.36473665327475,431.2811584472656,98977500
2021-12-07 00:00:00-05:00,436.5641964227451,440.76617845486504,431.14955415645403,440.2021484375,95484700
2021-12-08 00:00:00-05:00,440.5970169214314,441.8190581603877,438.83911699656346,441.3678283691406,72238800
2021-12-09 00:00:00-05:00,440.0799091515518,441.4711792762943,438.1904474482316,438.3878479003906,61272600
2021-12-10 00:00:00-05:00,441.0952068137605,442.665058357532,438.53829554873346,442.5146484375,77159800
2021-12-13 00:00:00-05:00,441.99766876550603,442.3454791791736,438.3126971846737,438.5947265625,87724700
2021-12-14 00:00:00-05:00,435.3233478323497,437.8144493976514,432.6536362786152,435.5771484375,97264100
2021-12-15 00:00:00-05:00,435.6335728638,442.6274476583098,433.1142425689226,442.383056640625,116899300
2021-12-16 00:00:00-05:00,444.23497726904446,444.5169779638093,436.930843709259,438.48193359375,116568600
2021-12-17 00:00:00-05:00,435.400025670144,438.40929266529145,432.1077672413191,433.8152160644531,135511600
2021-12-20 00:00:00-05:00,428.7305989396733,429.59845850346267,425.5798363191293,429.2022705078125,107134800
2021-12-21 00:00:00-05:00,432.62657449075914,436.9659586009306,430.4568968299471,436.824462890625,69806300
2021-12-22 00:00:00-05:00,436.569793417211,441.30536576361067,436.3716706238864,441.1921691894531,58890200
2021-12-23 00:00:00-05:00,442.19203501921226,445.43713726995674,442.08828110682884,443.9372253417969,56439700
2021-12-27 00:00:00-05:00,445.3145747017814,450.26712634622396,445.26741905868244,450.219970703125,56808600
2021-12-28 00:00:00-05:00,450.65389822973356,451.6821388256294,449.0879451201847,449.85205078125,47274600
2021-12-29 00:00:00-05:00,449.9558186671151,451.44628815269533,448.955877247608,450.427490234375,54503000
2021-12-30 00:00:00-05:00,450.85201915066745,451.8614033073912,448.7200830453062,449.18231201171875,55329000
2021-12-31 00:00:00-05:00,448.69175768390534,449.8426087104167,447.7767136605498,448.0502624511719,65237400
2022-01-03 00:00:00-05:00,449.3142615710116,450.7764605012531,447.0030884828913,450.6443786621094,72668200
2022-01-04 00:00:00-05:00,452.06889544831097,452.78584543871375,448.635112640116,450.4934997558594,71178700
2022-01-05 00:00:00-05:00,450.1255683158479,450.8991165177179,441.7486775164381,441.843017578125,104538900
2022-01-06 00:00:00-05:00,441.38076184676675,444.14474987590535,439.06011738234776,441.42791748046875,86858900
2022-01-07 00:00:00-05:00,441.4373722231892,442.61655098349416,438.32432302285764,439.6827392578125,85111600
2022-01-10 00:00:00-05:00,436.4847981906603,439.3525400552865,430.73040038903787,439.1355895996094,119362000
2022-01-11 00:00:00-05:00,438.8715061877595,443.2297465587139,435.87165335018614,443.1354064941406,74303100
2022-01-12 00:00:00-05:00,444.8711475087788,446.38994479619777,442.3712941726711,444.33343505859375,67605400
2022-01-13 00:00:00-05:00,445.4371934481838,446.0881025089078,437.18294108680465,438.211181640625,91173100
2022-01-14 00:00:00-05:00,435.0604113490844,438.739443721602,433.8434906759854,438.3904113769531,95890900
2022-01-18 00:00:00-05:00,433.6925435130348,433.9000801446297,429.51354052849086,430.6266784667969,109709100
2022-01-19 00:00:00-05:00,432.1738074172843,433.5699368723863,425.88169585972383,426.1552734375,109357600
2022-01-20 00:00:00-05:00,428.0419704136264,432.7492436968586,419.31604594789405,421.4385681152344,122379700
2022-01-21 00:00:00-05:00,420.31599511855075,422.6743531254501,413.137167164053,413.16546630859375,202271200
2022-01-24 00:00:00-05:00,407.5525662882195,415.42948785761394,396.92109866435106,414.9200744628906,251783900
2022-01-25 00:00:00-05:00,408.52419175491247,414.80686073493035,402.9490301538802,409.85430908203125,167997300
2022-01-26 00:00:00-05:00,415.7501538816743,418.8820597450549,404.5620902381432,408.8260192871094,186391100
2022-01-27 00:00:00-05:00,413.42953766606337,416.570857381139,405.1186876310889,406.8072509765625,149878300
2022-01-28 00:00:00-05:00,408.1656531591192,416.95761706161477,403.5810198759928,416.91046142578125,164457400
2022-01-31 00:00:00-05:00,416.24066741224294,424.7684964246404,414.891693794857,424.4194641113281,152251400
2022-02-01 00:00:00-05:00,425.14582437015105,427.928697788192,421.61773069576964,427.2872314453125,123155400
2022-02-02 00:00:00-05:00,429.69282811901024,432.16438269982757,427.38162576079867,431.4380187988281,117361000
2022-02-03 00:00:00-05:00,425.40063739567904,427.3061803398797,420.4574993371218,421.2970886230469,118024400
2022-02-04 00:00:00-05:00,421.0612140470099,427.12690349554987,418.68397092224063,423.278076171875,118454400
2022-02-07 00:00:00-05:00,424.04216920738406,425.43829858096694,420.58952998140325,421.9196472167969,84472900
2022-02-08 00:00:00-05:00,421.4196773714475,426.31563040935833,419.99522006477935,425.3911437988281,81012000
2022-02-09 00:00:00-05:00,429.4286854386847,431.9379817631401,429.2305914308077,431.61724853515625,92589900
2022-02-10 00:00:00-05:00,425.7685496405388,431.7776416870408,421.863123457987,423.8630065917969,140103700
2022-02-11 00:00:00-05:00,423.94781485036305,426.0231523425291,414.0710117021737,415.5048828125,153214600
2022-02-14 00:00:00-05:00,414.9954550498575,416.5802643417421,410.6749280942271,414.14642333984375,123006300
2022-02-15 00:00:00-05:00,418.58969014890727,420.99520380296383,418.0708341137334,420.8254089355469,88482700
2022-02-16 00:00:00-05:00,418.7783495538221,422.6743616661116,416.90110575473415,421.2970886230469,84863600
2022-02-17 00:00:00-05:00,418.10857447395847,421.2687799533193,411.6938522260274,412.2975769042969,102259100
2022-02-18 00:00:00-05:00,412.55223985255054,413.806902341528,407.3544387638589,409.6278991699219,132642900
2022-02-22 00:00:00-05:00,407.4204966635997,410.8259516984403,401.7321096953835,405.23193359375,124391800
2022-02-23 00:00:00-05:00,408.146899453587,408.7129111688608,397.4776894566013,398.043701171875,132578000
2022-02-24 00:00:00-05:00,387.7328175718437,404.4677414533899,387.374371425244,404.0337829589844,213942900
2022-02-25 00:00:00-05:00,405.26965885180056,413.0333837616076,403.61880824968927,412.948486328125,121804500
2022-02-28 00:00:00-05:00,407.552492478369,413.37293170296726,406.297858901948,411.8918762207031,145615000
2022-03-01 00:00:00-05:00,410.3919658423738,412.40129113186845,402.9112336256211,405.61865234375,137785900
2022-03-02 00:00:00-05:00,407.8732634005898,414.8068411449072,407.1186004140651,413.0805358886719,117726500
2022-03-03 00:00:00-05:00,415.5143397383029,416.1180643570966,409.22222854392,411.0240173339844,105501700
2022-03-04 00:00:00-05:00,407.2884145484183,408.81662588103086,403.63768107861074,407.68463134765625,113978200
2022-03-07 00:00:00-05:00,407.09966398019566,407.807171236879,395.600310398485,395.6663513183594,137896600
2022-03-08 00:00:00-05:00,395.8457188726814,403.0056912085427,391.6006739376096,392.6666564941406,164772700
2022-03-09 00:00:00-05:00,401.05295715574266,405.1753624907321,398.8643939390567,403.1943359375,116990800
2022-03-10 00:00:00-05:00,398.5813104458791,402.2697853678107,396.61916949340304,401.3736267089844,93972700
2022-03-11 00:00:00-05:00,403.86407311815816,404.4772404206204,395.7607587468195,396.2701721191406,95636300
2022-03-14 00:00:00-04:00,397.0437338622443,400.4963446455009,392.23267777731564,393.3741149902344,95729200
2022-03-15 00:00:00-04:00,395.9870872847089,402.65652931408596,394.7135972445158,402.0245056152344,106219100
2022-03-16 00:00:00-04:00,405.53380999874116,410.99574623645054,400.7321679197033,410.93914794921875,144954800
2022-03-17 00:00:00-04:00,409.02407595057997,416.0802917480469,408.64674451932643,416.0802917480469,102676900
2022-03-18 00:00:00-04:00,414.467909206015,420.95933337461315,413.72981682419214,420.6376037597656,106345500
2022-03-21 00:00:00-04:00,420.46728690424806,422.47338269242965,417.00392141262006,420.5146179199219,88349800
2022-03-22 00:00:00-04:00,421.90556943878335,426.37198236705336,421.90556943878335,425.4351806640625,74650400
2022-03-23 00:00:00-04:00,422.89922534823637,424.3943252385868,419.871137651901,419.956298828125,79426100
2022-03-24 00:00:00-04:00,421.9813008840571,426.29630669485863,420.8647048360825,426.2868347167969,64736900
2022-03-25 00:00:00-04:00,426.92085470819296,428.64307980820996,424.33751705816746,428.36865234375,77101300
2022-03-28 00:00:00-04:00,427.7724596050413,431.4156188964844,425.87991232408183,431.4156188964844,68529800
2022-03-29 00:00:00-04:00,435.30485728967426,437.24473588066155,432.61744319877937,436.7526550292969,86581500
2022-03-30 00:00:00-04:00,435.6076907124575,436.42150122145665,431.94561561692495,434.0558166503906,79666900
2022-03-31 00:00:00-04:00,433.2892715675178,434.1125250531456,426.9208392701977,427.37506103515625,121699900
2022-04-01 00:00:00-04:00,428.9553659870978,429.0973012788602,425.00942048618305,428.5863342285156,89048800
2022-04-04 00:00:00-04:00,428.78500420961205,432.36191762304253,427.96175071510544,432.2578125,59601000
2022-04-05 00:00:00-04:00,430.7626485122324,433.23240862734673,425.6527770949795,426.7977600097656,74214500
2022-04-06 00:00:00-04:00,422.8802663750546,424.8106439250677,419.64399762453365,422.5301208496094,106898000
2022-04-07 00:00:00-04:00,421.65012756907544,426.47612959296237,419.7008059045146,424.6592712402344,78097200
2022-04-08 00:00:00-04:00,423.9021853046342,426.4192765433642,421.9812510537585,423.523681640625,79272700
2022-04-11 00:00:00-04:00,420.24961995400275,421.0918174503352,415.7832355906516,416.2847595214844,89770500
2022-04-12 00:00:00-04:00,419.2749398176844,421.80150331220403,413.19040683522564,414.7423095703125,84363600
2022-04-13 00:00:00-04:00,414.49626033587003,420.24959162395425,414.3164660258067,419.4925842285156,74070400
2022-04-14 00:00:00-04:00,419.7196509137634,420.836275728142,414.16502940715344,414.2691345214844,97869500
2022-04-18 00:00:00-04:00,413.3417722746959,416.12381899160926,412.20623239424935,414.439453125,66002500
2022-04-19 00:00:00-04:00,414.33540185587515,421.8488175877449,414.1650795150678,421.1296691894531,77821000
2022-04-20 00:00:00-04:00,422.9086378808468,423.52370998577396,419.6534541721469,420.8173522949219,65224400
2022-04-21 00:00:00-04:00,424.4416483063958,425.83267191463915,413.61627398000866,414.5246887207031,85417300
2022-04-22 00:00:00-04:00,413.4364107712959,414.5435347350055,402.5826511949937,403.1504211425781,132471800
2022-04-25 00:00:00-04:00,400.90780109531795,405.65808479066646,396.33728283967,405.4877624511719,119647700
2022-04-26 00:00:00-04:00,402.95173179386785,403.1504700703284,393.71611977901205,393.7445068359375,103996300
2022-04-27 00:00:00-04:00,394.8232059633786,400.19806220831515,392.71303421926314,394.8515930175781,122030000
2022-04-28 00:00:00-04:00,399.6019576141651,406.55707558525125,395.1639313315665,404.82537841796875,105449100
2022-04-29 00:00:00-04:00,400.8320229203481,402.98952553103885,389.1171513609566,389.8647155761719,145491100
2022-05-02 00:00:00-04:00,389.93102468617633,393.5741843394114,383.2597775315031,392.2115478515625,158312500
2022-05-03 00:00:00-04:00,392.71303964199615,396.4224162058567,391.1516650055243,394.0094299316406,100028200
2022-05-04 00:00:00-04:00,394.67186907445193,406.57600980928174,391.4829309462933,406.00823974609375,144247900
2022-05-05 00:00:00-04:00,401.7405161814466,402.16635092774,387.44233342518896,391.5775451660156,172929100
2022-05-06 00:00:00-04:00,389.01313791973797,392.5143334096191,383.9316525873715,389.240234375,151770800
2022-05-09 00:00:00-04:00,383.33540904686305,384.5750250488574,375.19745099248996,376.7777404785156,155586100
2022-05-10 00:00:00-04:00,382.75818692997774,384.2627584402979,373.60773768353124,377.6483154296875,132497200
2022-05-11 00:00:00-04:00,376.68316971112745,382.3324247205916,370.9014225253903,371.64898681640625,142361000
2022-05-12 00:00:00-04:00,368.4505828254061,374.5351157341159,364.4573066901353,371.2610168457031,125090800
2022-05-13 00:00:00-04:00,375.396274457315,381.51866715299093,374.35536749244255,380.1371154785156,104174400
2022-05-16 00:00:00-04:00,378.49055876588955,382.26618152652463,376.2384227760437,378.5946350097656,78622400
2022-05-17 00:00:00-04:00,384.68866921363724,386.6190757634291,380.9508763229202,386.38250732421875,83029700
2022-05-18 00:00:00-04:00,381.82152706583594,382.10539769089775,369.5672682395413,370.806884765625,117674500
2022-05-19 00:00:00-04:00,367.7408696651366,372.96431881468,366.31198717995636,368.5357360839844,98510700
2022-05-20 00:00:00-04:00,372.12213091455766,375.6990443299585,360.09500032544264,368.6966247558594,131432200
2022-05-23 00:00:00-04:00,371.72471605038334,376.3614806717681,369.406362617675,375.5950012207031,76414900
2022-05-24 00:00:00-04:00,371.46922293735594,373.9200684973476,366.17008413397616,372.727783203125,91448800
2022-05-25 00:00:00-04:00,371.2327000287483,377.98910932924895,370.83528117459343,376.0208435058594,91472900
2022-05-26 00:00:00-04:00,377.2509375219795,385.1712435361306,377.0427561590206,383.5341796875,82168300
2022-05-27 00:00:00-04:00,385.99452816985354,393.0631942254229,385.7958187685275,392.94964599609375,84768700
2022-05-31 00:00:00-04:00,391.33149711527295,394.08515718858496,388.00062391684565,390.74481201171875,95937000
2022-06-01 00:00:00-04:00,392.8644826922193,393.87697365023195,385.06716741079504,387.5842590332031,86585800
2022-06-02 00:00:00-04:00,387.4233771677342,395.01248157548275,385.17124122143497,394.9651794433594,79609600
2022-06-03 00:00:00-04:00,390.24327056369185,391.795173302903,387.50855457000824,388.48321533203125,71874300
2022-06-06 00:00:00-04:00,392.4954566785765,394.22712507510215,388.492707995611,389.6661071777344,57508900
2022-06-07 00:00:00-04:00,386.1742627730429,393.85799980122914,385.710569071012,393.4037780761719,59272400
2022-06-08 00:00:00-04:00,391.6910721501235,393.47954333395916,388.33181201108613,389.1266784667969,64350000
2022-06-09 00:00:00-04:00,387.34768809546443,389.61873928900354,379.87213134765625,379.87213134765625,86289800
2022-06-10 00:00:00-04:00,373.6645386433497,374.5161791416106,368.8101502618891,368.8574523925781,132893900
2022-06-13 00:00:00-04:00,359.4420946590602,361.2967831487457,353.2439841844837,354.8526611328125,170004900
2022-06-14 00:00:00-04:00,356.60326183152415,357.6346967344851,350.6795790257293,353.7833557128906,104011800
2022-06-15 00:00:00-04:00,357.08579647279396,363.2744339830128,352.1273319853411,358.82696533203125,125666800
2022-06-16 00:00:00-04:00,350.6038334285706,351.0107241373277,344.51927236083463,346.9512023925781,134473300
2022-06-17 00:00:00-04:00,347.36661545178714,351.04450954430285,344.1924117569051,347.69921875,111113900
2022-06-21 00:00:00-04:00,353.42985407891445,357.8395151338056,353.3538089384876,356.4519958496094,76811900
2022-06-22 00:00:00-04:00,352.22287520839393,359.9208069891218,351.8047139460426,355.8057556152344,90059400
2022-06-23 00:00:00-04:00,357.94408234086904,360.02534683784137,354.3802275814878,359.2935791015625,79292100
2022-06-24 00:00:00-04:00,362.4677899153683,370.72643183907684,362.43928023680013,370.7169189453125,98050300
2022-06-27 00:00:00-04:00,371.6387840560035,371.93339374615164,368.20799359853146,369.3009033203125,66009600
2022-06-28 00:00:00-04:00,370.859544492515,373.64409647087297,361.64102718888944,361.75506591796875,86548900
2022-06-29 00:00:00-04:00,362.3062847809654,363.29463974904866,359.63577158326706,361.46044921875,65676000
2022-06-30 00:00:00-04:00,357.56399038001507,361.7646008408261,354.0666671292307,358.52386474609375,112508300
2022-07-01 00:00:00-04:00,357.86805091376164,362.7529219458162,355.2450444294537,362.31573486328125,74839700
2022-07-05 00:00:00-04:00,357.22181596212545,363.01902578805715,354.3897288005455,363.0,81438000
2022-07-06 00:00:00-04:00,363.14249596615014,366.7158632778939,360.7571091301574,364.2259216308594,70426200
2022-07-07 00:00:00-04:00,366.00319713599873,370.47939144659864,364.24502265222054,369.68109130859375,64525900
2022-07-08 00:00:00-04:00,368.0464848680788,371.24922746104284,366.5164167860133,369.37701416015625,72397800
2022-07-11 00:00:00-04:00,366.6969906578774,367.66634894711177,364.4636353318297,365.15740966796875,58366900
2022-07-12 00:00:00-04:00,364.6061122917404,366.99152847059673,360.17742508846254,361.92608642578125,62219200
2022-07-13 00:00:00-04:00,356.4804705703137,362.9619405267806,356.06230934714034,360.0252990722656,84224600
2022-07-14 00:00:00-04:00,355.064490796516,360.234458871572,352.6220841639683,359.15106201171875,89704800
2022-07-15 00:00:00-04:00,363.56071631441466,366.12670351443825,361.6505097570627,366.0126647949219,79060400
2022-07-18 00:00:00-04:00,369.1013562443131,369.7761047012278,361.7645652536722,362.99053955078125,63203600
2022-07-19 00:00:00-04:00,366.91550902545094,373.3684709198661,366.25978635540963,372.7982482910156,78506000
2022-07-20 00:00:00-04:00,372.98834417392436,376.5902220427515,371.6198214217243,375.1741638183594,71843800
2022-07-21 00:00:00-04:00,374.5944510061109,379.04213537491796,372.1900378364041,378.99462890625,64903900
2022-07-22 00:00:00-04:00,379.1181101586879,380.3155455725048,373.25436867758987,375.47821044921875,72197300
2022-07-25 00:00:00-04:00,376.10550632547137,376.78976766133366,373.6915803624673,375.9344482421875,53631500
2022-07-26 00:00:00-04:00,374.2902731538691,374.49935379005854,370.59338295368127,371.4867248535156,52946400
2022-07-27 00:00:00-04:00,374.78449853291994,382.8815960228277,374.4898888264092,381.1329345703125,82342100
2022-07-28 00:00:00-04:00,381.9407350618802,386.60698374585616,378.38636390787866,385.9132385253906,73966600
2022-07-29 00:00:00-04:00,387.3482705951752,392.52775161157655,386.5784802133014,391.53936767578125,87003700
2022-08-01 00:00:00-04:00,388.84030221771746,392.88885045045953,388.1275312754867,390.3798828125,69997500
2022-08-02 00:00:00-04:00,388.81182405248916,392.49923066625485,386.6260045869153,387.804443359375,63435400
2022-08-03 00:00:00-04:00,389.9332658563709,395.04621476373677,389.6481690410905,393.8772888183594,67820600
2022-08-04 00:00:00-04:00,393.8012609389681,394.4855223283824,391.9670703405135,393.6112060546875,45656600
2022-08-05 00:00:00-04:00,389.3250180600784,393.59213106466996,389.2679987016488,392.9458923339844,56814900
2022-08-08 00:00:00-04:00,394.6374800891992,396.8898314459014,391.3872320916259,392.4896545410156,53886100
2022-08-09 00:00:00-04:00,391.75799267097744,392.26168307241494,389.85726979721653,390.9311828613281,44931800
2022-08-10 00:00:00-04:00,397.9923133525369,399.284819832152,396.0345713490144,399.1422424316406,68665700
2022-08-11 00:00:00-04:00,401.99332639825303,403.8560554717358,398.40096176043045,399.1422424316406,59489700
2022-08-12 00:00:00-04:00,401.08095353775815,406.00381780743163,400.13059229638225,405.8992919921875,61694500
2022-08-15 00:00:00-04:00,403.68498595264106,408.09467660080554,403.6279665910464,407.57196044921875,54048300
2022-08-16 00:00:00-04:00,406.4980568196023,410.29950209001703,405.69024389909407,408.3702697753906,59289000
2022-08-17 00:00:00-04:00,404.7684215424708,408.18021543915523,403.4664310836019,405.4716796875,63563400
2022-08-18 00:00:00-04:00,405.671185528094,407.3343177003201,404.3787081612712,406.65008544921875,49023200
2022-08-19 00:00:00-04:00,403.88460030221233,404.1507003354797,400.31123213885485,401.1855773925781,68016900
2022-08-22 00:00:00-04:00,396.3481059623517,396.5191930114004,391.9289324158871,392.831787109375,77695600
2022-08-23 00:00:00-04:00,392.40421793285645,394.7991472328157,391.33030490584025,391.88153076171875,49105200
2022-08-24 00:00:00-04:00,391.6534263650644,394.50451059223457,390.9691939931629,393.1360168457031,49177800
2022-08-25 00:00:00-04:00,394.6280346959815,398.73360265745475,393.5351249523274,398.68609619140625,50942300
2022-08-26 00:00:00-04:00,398.5720522592657,399.1137361754967,385.13392912672487,385.1909484863281,103087000
2022-08-29 00:00:00-04:00,382.23539449766605,385.69469516399244,381.285033028505,382.64404296875,65370800
2022-08-30 00:00:00-04:00,383.80344189629403,384.04103223682625,376.3430994030369,378.4433898925781,85652400
2022-08-31 00:00:00-04:00,380.07796715106764,381.3229380663818,375.4307157273297,375.5637512207031,76029700
2022-09-01 00:00:00-04:00,373.38750446992157,377.0843952355188,370.6789686786316,376.7422790527344,78740100
2022-09-02 00:00:00-04:00,380.4105963352462,381.6270575634506,370.9544903875025,372.7696838378906,99632100
2022-09-06 00:00:00-04:00,373.61560273606375,374.55645129385596,369.1394084122668,371.3632507324219,76637400
2022-09-07 00:00:00-04:00,371.04956742201074,378.80451936163286,370.8310028776724,378.03472900390625,70964200
2022-09-08 00:00:00-04:00,375.7634126219765,380.9618617031352,374.5564350669581,380.5057067871094,80821700
2022-09-09 00:00:00-04:00,382.7484910278691,387.28173287628084,382.48239103068937,386.4169006347656,76706900
2022-09-12 00:00:00-04:00,388.48874399097315,391.2923218090903,388.1846213728781,390.5700378417969,69256300
2022-09-13 00:00:00-04:00,381.88376537934636,383.0907430985461,372.4657080274688,373.5871276855469,122947100
2022-09-14 00:00:00-04:00,374.88902163325827,376.53315711649486,371.7053054907733,375.0125732421875,85023700
2022-09-15 00:00:00-04:00,373.45402792521134,376.305112280204,369.48152401791003,370.7550048828125,87633800
2022-09-16 00:00:00-04:00,366.57147330224217,368.58495903524056,364.6342868550473,367.926513671875,103084800
2022-09-19 00:00:00-04:00,364.77741710532587,370.77972412109375,364.7010595826664,370.77972412109375,73278500
2022-09-20 00:00:00-04:00,367.44941174370973,368.4609306805626,363.7659614872204,366.5237731933594,77274900
2022-09-21 00:00:00-04:00,368.45138449539013,371.5050452988248,360.1206665332533,360.1302185058594,106746600
2022-09-22 00:00:00-04:00,359.35721571534805,360.9985532046951,356.36083780125125,357.10516357421875,89472600
2022-09-23 00:00:00-04:00,353.63161092219536,353.66978968711527,346.67503807204696,351.1219177246094,122346900
2022-09-26 00:00:00-04:00,349.65227795932367,353.2784736820103,346.4268572694484,347.6483154296875,92581200
2022-09-27 00:00:00-04:00,351.1886701822386,353.4598260291323,344.3656797923764,346.7608947753906,108294100
2022-09-28 00:00:00-04:00,347.71516751010176,355.27293178744674,346.01657657366974,353.5838928222656,110802200
2022-09-29 00:00:00-04:00,350.034073262893,350.32034122123895,343.2492605532847,346.19793701171875,112952300
2022-09-30 00:00:00-04:00,345.25315265968237,349.17519794486384,340.7108699138818,340.8444519042969,153711200
2022-10-03 00:00:00-04:00,344.5660544284427,351.69441640615145,342.7815832218094,349.8431396484375,89756500
2022-10-04 00:00:00-04:00,355.3683299660365,360.71222053913664,349.804977050176,360.68359375,103602800
2022-10-05 00:00:00-04:00,356.3131384107271,362.1055067151951,353.9847287224127,359.8439025878906,88065700
2022-10-06 00:00:00-04:00,358.441111032702,361.3993391526018,355.6355688484854,356.1318054199219,82333500
2022-10-07 00:00:00-04:00,352.09528992858685,356.21772325997466,344.43254027693825,346.19793701171875,107789500
2022-10-10 00:00:00-04:00,347.3143419995389,347.5529082912699,341.31203506732743,343.5545349121094,76042800
2022-10-11 00:00:00-04:00,341.8560389658956,346.42697853829924,339.44174858833856,341.37890625,92482800
2022-10-12 00:00:00-04:00,341.7891897787711,343.36372158176107,340.0046893387279,340.2528076171875,76991800
2022-10-13 00:00:00-04:00,333.2389867095814,350.7020596679561,332.1892890254387,349.23248291015625,147254500
2022-10-14 00:00:00-04:00,351.6944557677686,353.32627035722425,340.6345247152281,341.2738952636719,123737000
2022-10-17 00:00:00-04:00,347.36209613161253,351.1505302643893,340.9398806417008,350.0435791015625,93168200
2022-10-18 00:00:00-04:00,357.9735554343078,358.2789273270504,350.7115811797056,354.156494140625,97162900
2022-10-19 00:00:00-04:00,352.11424803139397,354.8434611910264,348.83157396180053,351.64666748046875,79746900
2022-10-20 00:00:00-04:00,351.19826004641624,355.62606505287266,347.9346598802896,348.6980895996094,88283100
2022-10-21 00:00:00-04:00,348.4213111862988,357.65859149270045,346.9135849578602,357.17193603515625,131038400
2022-10-24 00:00:00-04:00,358.6987583066402,362.67802786353946,356.0458731062238,361.5424499511719,85436900
2022-10-25 00:00:00-04:00,361.4661151762165,367.6306600761956,361.35160801427605,367.3157653808594,78846300
2022-10-26 00:00:00-04:00,364.16670060269513,369.85411334727513,363.90905946867207,364.54840087890625,104087300
2022-10-27 00:00:00-04:00,365.55045270586106,367.392177933265,361.9814803173528,362.6017761230469,81971800
2022-10-28 00:00:00-04:00,362.49672013245373,371.7053735710983,362.31540741307015,371.2282409667969,100302000
2022-10-31 00:00:00-04:00,368.7662138727281,370.63656534655524,367.6401880247405,368.5467224121094,96631300
2022-11-01 00:00:00-04:00,372.2970465066368,372.53561281137877,365.7603239323339,366.9340515136719,85407600
2022-11-02 00:00:00-04:00,366.3423854587386,370.85607010454953,357.6204171263898,357.7253723144531,126990400
2022-11-03 00:00:00-04:00,354.48088497780066,357.08603938395083,351.9234613034175,354.04193115234375,87100100
2022-11-04 00:00:00-04:00,359.75799240640606,361.5424637304622,353.0781357834755,359.1377258300781,103505200
2022-11-07 00:00:00-05:00,360.4354853214063,363.164698821556,358.3551942624768,362.57305908203125,68286900
2022-11-08 00:00:00-05:00,363.68004778364957,367.50666109536877,360.44510344190144,364.52935791015625,84641100
2022-11-09 00:00:00-05:00,362.5539832992573,363.7086651999319,356.52302003221314,357.0192565917969,78495500
2022-11-10 00:00:00-05:00,370.3026114178393,376.9729451885855,368.00285783726986,376.6389465332031,141455800
2022-11-11 00:00:00-05:00,377.49774318306464,381.0857894279382,375.6082877222695,380.2842102050781,93839900
2022-11-14 00:00:00-05:00,378.5188625471577,381.8778657875463,376.77254080840333,377.0492858886719,71903500
2022-11-15 00:00:00-05:00,382.8035164099832,383.91046764433503,376.44810606485254,380.2651672363281,93194500
2022-11-16 00:00:00-05:00,378.63338733958733,379.5876526465697,376.73440869768956,377.3642272949219,68508500
2022-11-17 00:00:00-05:00,372.60241210724644,376.88708300619,372.2970693510568,376.20953369140625,74496300
2022-11-18 00:00:00-05:00,379.54944898801807,379.61625454437336,375.0644198124641,377.91766357421875,92922500
2022-11-21 00:00:00-05:00,376.5912182801427,377.71724418435815,374.7017627716494,376.5434875488281,51243200
2022-11-22 00:00:00-05:00,378.4902804799536,381.772955700867,377.0779572405803,381.6107177734375,60429000
2022-11-23 00:00:00-05:00,381.27670641341655,384.5021279345099,381.04769204993397,384.0154724121094,68261600
2022-11-25 00:00:00-05:00,383.45240227506304,384.4830250793276,383.175686313319,383.9295349121094,30545400
2022-11-28 00:00:00-05:00,380.83768738823574,382.47902466355777,377.0397014860041,377.8031311035156,67881600
2022-11-29 00:00:00-05:00,377.93677231301285,379.12960397556105,375.3125426554069,377.154296875,52310000
2022-11-30 00:00:00-05:00,377.4023553187591,389.03485107421875,375.48430196447526,389.03485107421875,144566700
2022-12-01 00:00:00-05:00,390.0750097932602,391.24876657686235,386.2388738341099,388.74859619140625,76398200
2022-12-02 00:00:00-05:00,383.8531695839399,389.20658327820155,383.7482143923798,388.300048828125,85342700
2022-12-05 00:00:00-05:00,385.47549236036787,386.41065374736974,379.9598399084257,381.31488037109375,77289800
2022-12-06 00:00:00-05:00,381.1526980591558,381.69660720336174,373.72851442805074,375.8183288574219,77972200
2022-12-07 00:00:00-05:00,374.96901554376115,377.54554354532956,374.04337702250234,375.178955078125,65927900
2022-12-08 00:00:00-05:00,377.068403979044,379.18684498444895,375.2839034087124,378.1180725097656,60737900
2022-12-09 00:00:00-05:00,376.8775715745364,379.43499580414664,375.16942838990695,375.2934875488281,81447700
2022-12-12 00:00:00-05:00,376.0855229503339,380.7041931152344,375.41755464321574,380.7041931152344,75405800
2022-12-13 00:00:00-05:00,391.45868674150205,391.7163278716569,380.8186351718438,383.58599853515625,123782500
2022-12-14 00:00:00-05:00,383.2424323385713,386.9545379387217,378.1848384359595,381.1335144042969,108111300
2022-12-15 00:00:00-05:00,376.2667969393166,377.1733606249857,370.1499819805847,371.8103942871094,117705900
2022-12-16 00:00:00-05:00,369.2516737227571,370.5937737780776,365.2828900409104,367.420654296875,119858000
2022-12-19 00:00:00-05:00,367.61249023125134,367.94802264552084,362.63710828294205,364.3051452636719,79878100
2022-12-20 00:00:00-05:00,363.5477938735729,366.4237355185501,362.22485603598886,364.8036193847656,74427200
2022-12-21 00:00:00-05:00,367.40155201274337,371.38952801231983,366.86471190276114,370.2583312988281,78167400
2022-12-22 00:00:00-05:00,367.209831595386,370.23916053307846,359.2722332289845,364.9761962890625,100120900
2022-12-23 00:00:00-05:00,363.950423157118,367.21941379519086,362.39741929068407,367.07562255859375,59857300
2022-12-27 00:00:00-05:00,366.96058546509136,367.3056844290648,363.9504190865602,365.6280517578125,51638200
2022-12-28 00:00:00-05:00,365.56100398447626,367.53584456423454,360.85407094628073,361.0841369628906,70911500
2022-12-29 00:00:00-05:00,363.93123576240765,368.45605164881476,363.4039622569558,367.58367919921875,66970900
2022-12-30 00:00:00-05:00,364.89946016973596,366.7592086998613,362.78082893352615,366.61541748046875,84022200
2023-01-03 00:00:00-05:00,368.4751764259672,370.449987086223,362.2056162807152,365.0719909667969,74850700
2023-01-04 00:00:00-05:00,367.3344711039099,369.92283055639075,364.28597966385496,367.8905029296875,85934100
2023-01-05 00:00:00-05:00,365.93482035409846,366.0498533403474,363.09723275612134,363.69158935546875,76970500
2023-01-06 00:00:00-05:00,366.78805804101853,373.1534906525759,363.7204039949203,372.0318603515625,104189600
2023-01-09 00:00:00-05:00,374.2271061896771,377.4194177778674,371.6387762794701,371.8208923339844,73978100
2023-01-10 00:00:00-05:00,371.2361234986063,374.4955180862106,370.29663872249137,374.42840576171875,65358100
2023-01-11 00:00:00-05:00,376.0102256287862,379.2408622167289,375.19536960600243,379.1641540527344,68881100
2023-01-12 00:00:00-05:00,380.26656906102124,382.0112845993889,376.192318767827,380.5445556640625,90157700
2023-01-13 00:00:00-05:00,377.3427317250366,382.5961292686462,377.07431166109114,382.02093505859375,63903900
2023-01-17 00:00:00-05:00,382.00176656830166,383.6793992551705,380.64047460135316,381.32110595703125,62677300
2023-01-18 00:00:00-05:00,382.5098579883935,383.57394241937,375.0995040316948,375.3008117675781,99632300
2023-01-19 00:00:00-05:00,373.2588624544161,374.90773682058955,371.24572672429906,372.56866455078125,86958900
2023-01-20 00:00:00-05:00,373.96829741871426,379.66266441415144,372.31942298138915,379.50927734375,91806400
2023-01-23 00:00:00-05:00,380.31449137897374,385.999261850418,379.3558442469694,384.06280517578125,84178800
2023-01-24 00:00:00-05:00,382.3852133953482,384.56133208460926,381.19650018692624,383.650634765625,59524900
2023-01-25 00:00:00-05:00,379.57636134944494,384.12993543916394,377.2851805542504,383.7944030761719,84800300
2023-01-26 00:00:00-05:00,386.4594474008895,388.175434067063,383.4876352529639,388.012451171875,72287400
2023-01-27 00:00:00-05:00,386.967565239786,391.28147800741476,386.7566616675893,388.9040222167969,68346200
2023-01-30 00:00:00-05:00,386.14313857209555,388.3768032673917,383.7273577965346,384.0245361328125,74202000
2023-01-31 00:00:00-05:00,384.5421906397612,389.7188801347345,384.19706240377985,389.67095947265625,86811800
2023-02-01 00:00:00-05:00,388.4534215519607,396.56359788271243,385.71170461794947,393.812255859375,101459200
2023-02-02 00:00:00-05:00,397.70436739497256,401.01171197085296,395.80626464324223,399.54498291015625,101654500
2023-02-03 00:00:00-05:00,394.56960600643197,399.72713273402843,394.09028239614366,395.2981872558594,94736800
2023-02-06 00:00:00-05:00,392.84412145755863,394.2820925400618,391.22400503082395,392.8824462890625,60295300
2023-02-07 00:00:00-05:00,391.9621243970152,399.2670122823971,390.7158945853212,398.0207824707031,90990700
2023-02-08 00:00:00-05:00,396.0459432619734,397.388043561494,392.97826035827575,393.6684875488281,76227500
2023-02-09 00:00:00-05:00,397.2730427680662,397.4264298512411,389.02866989488314,390.2557373046875,78694900
2023-02-10 00:00:00-05:00,389.0765999287314,391.54992647804596,388.26177308465975,391.1664733886719,70769700
2023-02-13 00:00:00-05:00,391.8183353582287,395.8925864844252,391.3581741107854,395.75836181640625,64913500
2023-02-14 00:00:00-05:00,394.2340120537651,397.8864550532492,391.6169242739255,395.5761413574219,88389300
2023-02-15 00:00:00-05:00,393.3809452879777,396.9375187591641,392.5373309404456,396.86083984375,61555700
2023-02-16 00:00:00-05:00,391.8853732614953,395.8349948045501,391.2622584704852,391.3964538574219,76431500
2023-02-17 00:00:00-05:00,389.26831273199565,390.6583629922171,387.34142233465536,390.418701171875,89257800
2023-02-21 00:00:00-05:00,386.39237880681736,387.44689668905306,382.3277236123021,382.5865478515625,82655900
2023-02-22 00:00:00-05:00,382.9987512663258,384.54218860202,380.6021330632425,382.0592956542969,83742300
2023-02-23 00:00:00-05:00,384.95439045031753,385.567938737912,379.86397585252666,384.09161376953125,96242400
2023-02-24 00:00:00-05:00,379.06829329418446,380.82260481900255,377.36190242771124,379.98858642578125,108194400
2023-02-27 00:00:00-05:00,383.3342350701894,384.69552690942936,380.34326061280535,381.2827453613281,80444700
2023-02-28 00:00:00-05:00,380.80348526155615,382.7687005643169,379.76812977335084,379.87359619140625,96438600
2023-03-01 00:00:00-05:00,379.058688324708,380.2857555557943,377.1126357022291,378.4163818359375,99706800
2023-03-02 00:00:00-05:00,376.4415712731506,382.20305024263513,376.1060389057773,381.35943603515625,85127800
2023-03-03 00:00:00-05:00,383.1808966203792,387.7249046275864,382.5290234904316,387.47564697265625,90120000
2023-03-06 00:00:00-05:00,388.3000515971973,390.6008283701899,387.3030795348652,387.7440490722656,72795900
2023-03-07 00:00:00-05:00,387.6961807819027,387.93584262349646,381.1869569726485,381.80047607421875,108310600
2023-03-08 00:00:00-05:00,381.91547162159134,383.1808636899206,380.1898891101756,382.4235534667969,74746600
2023-03-09 00:00:00-05:00,383.2096475110798,384.8777136423342,374.3805144113086,375.367919921875,111945300
2023-03-10 00:00:00-05:00,374.82145290553643,376.9017301661393,368.42729257488133,369.9515380859375,189253000
2023-03-13 00:00:00-04:00,366.02106965683873,374.2462786691214,364.9090354410611,369.42425537109375,157790000
2023-03-14 00:00:00-04:00,374.3517676052174,377.1797888194533,371.0444227448801,375.5309143066406,149752400
2023-03-15 00:00:00-04:00,369.9323910671056,373.38349766674736,367.8425178859198,373.18218994140625,172996900
2023-03-16 00:00:00-04:00,370.8239247170232,380.074864540284,370.3158428605711,379.729736328125,143254200
2023-03-17 00:00:00-04:00,378.3979930571189,379.533507168689,373.9040108000652,375.28973388671875,140553400
2023-03-20 00:00:00-04:00,376.06913373609086,379.3121292855333,375.3666692245707,378.8983154296875,93055800
2023-03-21 00:00:00-04:00,382.26637985609574,384.3545965453815,380.6689485650316,383.8734436035156,91524200
2023-03-22 00:00:00-04:00,383.70029405624626,387.318544760657,377.29133237000224,377.3298034667969,111746600
2023-03-23 00:00:00-04:00,380.1974645439356,384.2391613901428,375.636143615093,378.349853515625,119351300
2023-03-24 00:00:00-04:00,377.069990985465,380.91921510254883,374.7219619246639,380.8326110839844,107682400
2023-03-27 00:00:00-04:00,383.11324113581304,383.88310351821207,380.6497402466303,381.544677734375,74010400
2023-03-28 00:00:00-04:00,380.8518690459743,381.54473060251513,378.8502853088847,380.68829345703125,62871700
2023-03-29 00:00:00-04:00,384.8549788100607,386.4620425314962,383.65209647484517,386.2214660644531,77497900
2023-03-30 00:00:00-04:00,388.85819419263817,389.10840312839423,386.6160343292529,388.48291015625,69840000
2023-03-31 00:00:00-04:00,389.40671748046964,394.2567475446969,389.30084855820127,393.95843505859375,112062600
2023-04-03 00:00:00-04:00,393.4387769608017,395.86377728046097,393.04422801384897,395.4596252441406,67391100
2023-04-04 00:00:00-04:00,396.10437947935486,396.3930888912914,391.88947462341105,393.2655944824219,66601500
2023-04-05 00:00:00-04:00,392.53424390704595,393.2944738697264,390.5807639021192,392.2359313964844,65200200
2023-04-06 00:00:00-04:00,391.437167451645,394.0450376322365,390.3882575257403,393.7659606933594,63743300
2023-04-10 00:00:00-04:00,391.28318728502614,394.2471058980047,390.66732678096605,394.17010498046875,63681000
2023-04-11 00:00:00-04:00,394.7956544202573,395.6809594619992,393.5061679518089,394.2760009765625,59297900
2023-04-12 00:00:00-04:00,396.34496122221753,396.6336706379783,392.08195275810823,392.6689453125,86420400
2023-04-13 00:00:00-04:00,393.75631259262076,398.2406615136449,392.6111662470231,397.8846130371094,85814800
2023-04-14 00:00:00-04:00,397.24947160898046,399.4435277503079,394.6031305479948,396.91265869140625,78161500
2023-04-17 00:00:00-04:00,396.82611712486937,398.356180127704,395.59436663010166,398.3369445800781,66436400
2023-04-18 00:00:00-04:00,399.9151257985286,400.04986273859487,397.22068066969723,398.5967712402344,63560000
2023-04-19 00:00:00-04:00,396.68174813685937,399.43392897608123,396.62401213094887,398.5293884277344,55227300
2023-04-20 00:00:00-04:00,395.70985629299514,398.10601828904817,394.8052862710272,396.3546142578125,75840400
2023-04-21 00:00:00-04:00,396.65290416377644,397.1244246963598,394.7090566567866,396.66253662109375,73457400
2023-04-24 00:00:00-04:00,396.4604040641478,397.4997108968018,395.1228141148149,397.0762939453125,64332100
2023-04-25 00:00:00-04:00,395.1035702020275,395.6617241074058,390.7154573508528,390.773193359375,97766700
2023-04-26 00:00:00-04:00,391.38909943441206,392.46687746099377,388.5599174310108,389.1180419921875,80447000
2023-04-27 00:00:00-04:00,391.65854499949717,397.1340685308111,391.40833604006144,396.8646240234375,92968400
2023-04-28 00:00:00-04:00,395.97928167060974,400.26155506482286,395.92154566069996,400.2519226074219,89433100
2023-05-01 00:00:00-04:00,399.8092778572073,401.8782298985706,399.6168049089298,399.8477783203125,62122300
2023-05-02 00:00:00-04:00,399.1355841651367,399.18371707766147,392.4475761726746,395.3537292480469,103998500
2023-05-03 00:00:00-04:00,395.8541741351487,398.26957154429016,392.3994991884123,392.64007568359375,91531800
2023-05-04 00:00:00-04:00,391.59120903435877,391.91838957995185,388.52145026666796,389.85906982421875,94901900
2023-05-05 00:00:00-04:00,393.4965147709688,398.12520386737816,393.23670274642825,397.0762939453125,87891800
2023-05-08 00:00:00-04:00,397.4034698360924,397.6632818576283,395.77717051105407,397.18212890625,50046800
2023-05-09 00:00:00-04:00,395.63290265005054,396.55670826234115,395.2094856262401,395.4404296875,49220100
2023-05-10 00:00:00-04:00,398.27919887504333,398.914324338217,393.4580365761441,397.28802490234375,96142900
2023-05-11 00:00:00-04:00,396.4218847781344,396.8837727656093,394.5165087280734,396.5950927734375,70157100
2023-05-12 00:00:00-04:00,397.8365061605119,398.04821462684833,393.65046974768575,396.0754699707031,70481500
2023-05-15 00:00:00-04:00,396.68175616777665,397.8461381335402,394.7667767427343,397.4419860839844,54289400
2023-05-16 00:00:00-04:00,396.3353398421656,397.2591747577228,394.77640880213,394.7860412597656,57705500
2023-05-17 00:00:00-04:00,396.80689259108277,400.1845667461961,395.1613575223225,399.5783386230469,87287000
2023-05-18 00:00:00-04:00,399.2607196795313,403.8509377054382,399.0394081133319,403.4275207519531,97177200
2023-05-19 00:00:00-04:00,404.3321376214222,404.86139419112027,401.6184275681808,402.8405456542969,103793300
2023-05-22 00:00:00-04:00,402.8598713729195,404.54390717989946,401.61848818380025,403.00421142578125,60745400
2023-05-23 00:00:00-04:00,401.35848608728674,402.93668167961783,398.0866522737922,398.481201171875,86383500
2023-05-24 00:00:00-04:00,396.8742437459542,397.25916026310097,394.42997834283796,395.5943603515625,89213700
2023-05-25 00:00:00-04:00,399.10674560980397,400.4732329300767,396.86458575045214,399.0201416015625,90961600
2023-05-26 00:00:00-04:00,399.67452677861917,404.90947362025605,399.59755522238083,404.187744140625,93830000
2023-05-30 00:00:00-04:00,406.1219771957275,406.6512337191027,402.955982410714,404.3417053222656,72216000
2023-05-31 00:00:00-04:00,402.51333285149997,403.41790279671176,400.5309849376734,402.09954833984375,110811800
2023-06-01 00:00:00-04:00,402.33050994129945,406.9784643429913,401.07952389464964,405.919921875,88865000
2023-06-02 00:00:00-04:00,408.49884845924817,412.579016016894,407.96959196903765,411.7899475097656,91426200
2023-06-05 00:00:00-04:00,412.13636840253633,413.4258547804784,410.298360615152,411.0008544921875,65460200
2023-06-06 00:00:00-04:00,410.5870909976928,412.4250695118066,409.9327006351518,411.89581298828125,64022200
2023-06-07 00:00:00-04:00,412.2903604628489,413.4258744271593,410.0481711705742,410.4715881347656,85373300
2023-06-08 00:00:00-04:00,410.5390091154699,413.4066917639222,409.76917600968767,412.95440673828125,61952800
2023-06-09 00:00:00-04:00,413.75304850629004,415.7065283650919,412.70413856902655,413.6953125,85742800
2023-06-12 00:00:00-04:00,414.6769171108834,417.5253346663892,413.9551876062376,417.4483337402344,76104300
2023-06-13 00:00:00-04:00,418.9110140981565,420.8452289997208,418.2470206735575,420.20050048828125,95899700
2023-06-14 00:00:00-04:00,420.5374131723522,422.51012900088057,417.24631327126417,420.70098876953125,100612100
2023-06-15 00:00:00-04:00,419.8828886105457,427.16755076971987,419.78668152163175,425.91656494140625,110303100
2023-06-16 00:00:00-04:00,427.904413934663,428.474279953013,423.9926092848296,424.46588134765625,114165800
2023-06-20 00:00:00-04:00,422.5245090371962,423.41310274296666,420.187064856413,422.2637023925781,76160400
2023-06-21 00:00:00-04:00,421.2784731312149,422.08014103507514,419.5108951805997,420.10009765625,76982300
2023-06-22 00:00:00-04:00,419.14386433493524,421.7227488220665,418.80580025695025,421.61651611328125,70637200
2023-06-23 00:00:00-04:00,418.1586317913709,420.21596194306784,417.71433502111864,418.4290771484375,92074500
2023-06-26 00:00:00-04:00,417.8592143297431,419.78130707914215,416.47801229853,416.719482421875,72823600
2023-06-27 00:00:00-04:00,417.59844581995696,421.9062646558956,417.1444807996532,421.2881164550781,72813700
2023-06-28 00:00:00-04:00,420.2063045276252,422.5147730975973,419.58815632826764,421.5006103515625,75636000
2023-06-29 00:00:00-04:00,421.0852585523664,423.32610840810986,420.679605245235,423.1618957519531,67882300
2023-06-30 00:00:00-04:00,426.3782705598957,429.1406745135059,426.05951350289007,428.1554870605469,104964000
2023-07-03 00:00:00-04:00,427.8078209721531,428.92821645735074,427.5277073626863,428.64813232421875,32793400
2023-07-05 00:00:00-04:00,426.8322751907773,428.7447292814146,426.8226069528998,428.0106506347656,58418400
2023-07-06 00:00:00-04:00,424.42725571135543,425.0840474287703,422.1477622241082,424.6590576171875,80658300
2023-07-07 00:00:00-04:00,423.6642315383372,427.53742235269715,423.3454744191098,423.5869445800781,86134200
2023-07-10 00:00:00-04:00,423.2295437531058,424.83290904656155,422.659677750378,424.6590576171875,62443500
2023-07-11 00:00:00-04:00,425.4220950342892,427.8561033801802,424.4465462578362,427.3634948730469,64463800
2023-07-12 00:00:00-04:00,431.15943303446664,432.2122392972248,429.729919208418,430.8020324707031,91924500
2023-07-13 00:00:00-04:00,432.61782640087955,435.01322041064935,432.1831979055365,434.22119140625,72425200
2023-07-14 00:00:00-04:00,435.1098740968055,435.9598242076378,433.18775178790105,433.9508056640625,69815800
2023-07-17 00:00:00-04:00,433.80590268905246,436.51035622999115,433.75759097947645,435.4575500488281,52680200
2023-07-18 00:00:00-04:00,435.1291664096603,439.3403912522435,434.69450839296843,438.6932678222656,80668200
2023-07-19 00:00:00-04:00,439.48533409064345,440.8568680135883,438.61601798371265,439.6688537597656,65891700
2023-07-20 00:00:00-04:00,438.6739839174844,439.5722457578469,436.0371193951603,436.7518615722656,70591600
2023-07-21 00:00:00-04:00,438.47112777830426,438.6739839174844,436.74222281063936,436.7518615722656,71275600
2023-07-24 00:00:00-04:00,437.9012750217946,439.5143085643416,436.86777572408096,438.7029724121094,54023400
2023-07-25 00:00:00-04:00,438.4324765430136,441.156237070321,438.3841648336445,439.9006042480469,55191200
2023-07-26 00:00:00-04:00,438.9636767908251,441.3976848440359,437.91087066746417,439.96820068359375,71052900
2023-07-27 00:00:00-04:00,443.35846818342566,443.7641509737044,436.14333947921443,437.05126953125,92194400
2023-07-28 00:00:00-04:00,440.325676064509,442.16084340685165,437.05132650770946,441.3302001953125,80011800
2023-07-31 00:00:00-04:00,441.80349284574254,442.5279033679905,440.4898797710363,442.1705322265625,62040400
2023-08-01 00:00:00-04:00,440.70229523457317,441.6488687577706,439.94890960634154,440.9051513671875,55291500
2023-08-02 00:00:00-04:00,437.7853934206833,438.0461705780349,434.01846487725106,434.7718505859375,93933400
2023-08-03 00:00:00-04:00,432.75309476673715,435.40926606374575,432.10594188115226,433.5257873535156,64276100
2023-08-04 00:00:00-04:00,435.34169055011716,437.44730311288595,431.0435102343316,431.5650939941406,100128900
2023-08-07 00:00:00-04:00,433.40030045755196,435.4866062095408,432.704865206889,435.3320617675781,58357500
2023-08-08 00:00:00-04:00,432.79168991603393,435.32232140164854,430.07756826702433,433.4388427734375,71361300
2023-08-09 00:00:00-04:00,433.7093775665813,433.87359024306414,429.7782363330844,430.5412902832031,78789600
2023-08-10 00:00:00-04:00,432.89797658868093,436.2882265207825,429.52706313111736,430.6957702636719,93005500
2023-08-11 00:00:00-04:00,428.8219993419041,431.4588639187083,428.2231581026232,430.4446716308594,68690900
2023-08-14 00:00:00-04:00,429.5271431380979,432.8207702636719,429.21805425124865,432.8207702636719,47867400
2023-08-15 00:00:00-04:00,431.0434905199487,431.40089107368914,427.2089436634091,427.7788391113281,75707500
2023-08-16 00:00:00-04:00,427.3635314579317,429.02484730566357,424.5335083117714,424.6397705078125,80107200
2023-08-17 00:00:00-04:00,426.1078556541094,426.3686327842003,420.8824384802807,421.4040222167969,95711300
2023-08-18 00:00:00-04:00,418.5836919301103,422.6404024444025,418.23598904528774,421.6069030761719,98852000
2023-08-21 00:00:00-04:00,422.6210410735604,425.09369303000517,420.4671462190992,424.3499755859375,68719000
2023-08-22 00:00:00-04:00,426.12711698432133,426.12711698432133,422.6403028137897,423.20050048828125,64994200
2023-08-23 00:00:00-04:00,424.263004912033,428.53220964419495,424.1181287339091,427.9140319824219,68441000
2023-08-24 00:00:00-04:00,429.51743829068363,430.0293538199984,421.95457682823127,421.98358154296875,88517300
2023-08-25 00:00:00-04:00,423.71241056057767,426.2430125148385,420.1579777313309,424.9584045410156,102325100
2023-08-28 00:00:00-04:00,427.1509520711484,428.2713769074764,424.9584141058072,427.6532287597656,61595400
2023-08-29 00:00:00-04:00,427.54703833096477,434.1150440450923,427.3635186603017,433.8349304199219,83081900
2023-08-30 00:00:00-04:00,434.1730356635656,436.2593414780044,433.4679321528182,435.6218566894531,69053900
2023-08-31 00:00:00-04:00,436.2399468961714,437.3796788770793,434.8007943012341,434.98431396484375,66084600
2023-09-01 00:00:00-04:00,437.7081084262502,438.19104870854676,434.337165211912,435.795654296875,58944100
2023-09-05 00:00:00-04:00,435.35135247874024,435.6700800917991,433.84458117342785,433.91217041015625,55166200
2023-09-06 00:00:00-04:00,433.1008212089274,433.20708339429626,428.6674331394679,430.9952087402344,70758500
2023-09-07 00:00:00-04:00,427.9912839614794,430.3480346831722,427.6435811384425,429.67193603515625,70355400
2023-09-08 00:00:00-04:00,429.7202810475146,431.8548689598933,429.36290993507305,430.3191223144531,61659700
2023-09-11 00:00:00-04:00,432.94628326819304,433.4581987746905,431.23668532604137,433.1491394042969,60180100
2023-09-12 00:00:00-04:00,431.70027670410997,433.22635483769756,430.1935055679439,430.77301025390625,67565400
2023-09-13 00:00:00-04:00,430.9951854819559,432.4343379531001,429.8940675950137,431.2752990722656,60199300
2023-09-14 00:00:00-04:00,433.74799281245487,435.6893927060478,432.4440481531944,434.99395751953125,83430800
2023-09-15 00:00:00-04:00,433.4072234999764,433.73677769771734,429.31682909931095,429.75299072265625,111848900
2023-09-18 00:00:00-04:00,429.4428320631367,431.3038771522312,428.96789063501143,430.0050354003906,55752200
2023-09-19 00:00:00-04:00,429.08420380682946,429.6754845917088,426.42836539622306,429.11328125,66514600
2023-09-20 00:00:00-04:00,430.3733429544115,430.7901294710478,424.96470225740006,425.16827392578125,82562600
2023-09-21 00:00:00-04:00,422.31855674804774,422.58025371246634,417.98584063306095,418.14093017578125,104095800
2023-09-22 00:00:00-04:00,419.16842775985725,420.7677463582612,416.78395900410345,417.2007751464844,100829700
2023-09-25 00:00:00-04:00,415.9891218304828,418.993889361631,415.55293063128704,418.95513916015625,70874500
2023-09-26 00:00:00-04:00,415.91160628125357,416.6191968671865,411.9665987111882,412.8002014160156,96168400
2023-09-27 00:00:00-04:00,413.9729414200165,414.53514466246037,409.3203738523524,412.9648742675781,104705800
2023-09-28 00:00:00-04:00,412.4124571151363,417.035947852058,411.8211763569914,415.35906982421875,92258300
2023-09-29 00:00:00-04:00,418.41232999892884,418.5867946420908,412.8292247753013,414.35101318359375,115111300
2023-10-02 00:00:00-04:00,413.517407554199,415.43660735581716,411.4237431106989,414.18621826171875,83798600
2023-10-03 00:00:00-04:00,412.0053970277405,414.2444490832808,407.2752686675357,408.6419677734375,103760600
2023-10-04 00:00:00-04:00,409.107224446792,412.3640165843667,407.64359070503724,411.61767578125,87453000
2023-10-05 00:00:00-04:00,411.3268404794052,412.3058303467078,408.23484048426144,411.4625549316406,70142700
2023-10-06 00:00:00-04:00,409.0102345616155,417.88891132912596,407.6823154616602,416.3477478027344,113273300
2023-10-09 00:00:00-04:00,414.44797038266114,419.5852123041229,413.8954989431742,419.0133361816406,80374400
2023-10-10 00:00:00-04:00,419.64334789466267,423.79189736248946,419.245936455557,421.1942138671875,78607300
2023-10-11 00:00:00-04:00,422.2604472219357,423.1715503152822,419.8759785243393,422.9195556640625,62451700
2023-10-12 00:00:00-04:00,423.5302119190894,423.90821868639375,417.9858858829249,420.34124755859375,81154200
2023-10-13 00:00:00-04:00,421.8436069564154,423.0455435777595,416.67731756779995,418.24755859375,95143100
2023-10-16 00:00:00-04:00,420.4963128780658,423.71435449669224,420.25399100160854,422.64813232421875,75433200
2023-10-17 00:00:00-04:00,419.5173488593283,424.6836681484373,419.1684195342952,422.6287536621094,75324700
2023-10-18 00:00:00-04:00,420.85499831559775,421.8145836033234,415.91162548795126,416.9972229003906,93559800
2023-10-19 00:00:00-04:00,417.7145119651641,419.5270750829903,412.65482940199,413.33331298828125,121323000
2023-10-20 00:00:00-04:00,412.8971069121286,413.4399055549237,408.14757441721036,408.25421142578125,123919900
2023-10-23 00:00:00-04:00,406.7227000782813,411.4140774521023,404.96829212836195,407.5466003417969,92035100
2023-10-24 00:00:00-04:00,409.66935030950145,411.7727171708306,407.8180076603951,410.6192626953125,78564200
2023-10-25 00:00:00-04:00,408.9327781045306,408.96185555062243,404.2123224333422,404.7260437011719,94223200
2023-10-26 00:00:00-04:00,403.65982284727204,404.512771066671,398.9587721877273,399.87957763671875,115156800
2023-10-27 00:00:00-04:00,401.46919469761593,401.8666061249316,396.64213226616755,398.0669860839844,107367700
2023-10-30 00:00:00-04:00,400.8586106203213,403.88278344941796,399.55976867860994,402.8262634277344,86562700
2023-10-31 00:00:00-04:00,403.3980385118803,405.67586990534585,401.4885410773971,405.35601806640625,79665200
2023-11-01 00:00:00-04:00,406.32535052662286,410.4932751362608,405.7922246289102,409.6790771484375,98068100
2023-11-02 00:00:00-04:00,413.4786898388463,417.6854240377106,413.4593147358308,417.53033447265625,94938900
2023-11-03 00:00:00-04:00,419.8372157670484,422.8904655764815,419.71120365505175,421.339599609375,100167800
2023-11-06 00:00:00-05:00,422.0956239774314,422.75473237061436,420.3605910898025,422.3088684082031,67831700
2023-11-07 00:00:00-05:00,422.3088656922616,424.1505059932791,421.1651135619809,423.5107727050781,64256100
2023-11-08 00:00:00-05:00,424.11175832141294,424.6351818841711,421.5140747704494,423.82098388671875,61746000
2023-11-09 00:00:00-05:00,424.9647429571584,425.0035227425126,420.08922765476564,420.5157165527344,83174400
2023-11-10 00:00:00-05:00,422.59001262842264,427.38796843360757,420.5060206531149,427.0777893066406,89462200
2023-11-13 00:00:00-05:00,425.7401770580696,427.7756572288507,424.9550565166978,426.6706848144531,52236100
2023-11-14 00:00:00-05:00,432.61240832792026,436.23753414765645,432.3894615518305,434.9483947753906,97176900
2023-11-15 00:00:00-05:00,436.2860492849091,437.51706352995177,435.01628483174915,435.8692626953125,77327600
2023-11-16 00:00:00-05:00,435.42335386000235,436.72219562577186,434.3571316402488,436.40234375,66665800
2023-11-17 00:00:00-05:00,436.41203399072475,437.55581582516845,435.4912285306581,436.9451599121094,83133200
2023-11-20 00:00:00-05:00,436.69311009341754,441.1518386514175,436.6834077524104,440.3085632324219,69936200
2023-11-21 00:00:00-05:00,439.2617361737396,440.18257120218567,438.0792041489343,439.3489685058594,49244600
2023-11-22 00:00:00-05:00,441.00647684513626,442.3634735504526,439.9499569252717,441.04522705078125,59394900
2023-11-24 00:00:00-05:00,441.0937026627971,441.51048921964684,440.7641484378246,441.3166198730469,29737400
2023-11-27 00:00:00-05:00,440.68658238826873,441.5007803874619,440.13408138085987,440.5218200683594,50506000
2023-11-28 00:00:00-05:00,440.13407696271906,442.25681906014256,439.57190319998205,440.9579772949219,62115000
2023-11-29 00:00:00-05:00,443.1097339014553,444.24381318734913,440.2503537879695,440.6477355957031,63146000
2023-11-30 00:00:00-05:00,441.4910541020233,442.7317408428034,439.41676478055234,442.3827819824219,79752700
2023-12-01 00:00:00-05:00,441.77213412924385,445.5329741995201,441.18088297834976,444.9998779296875,89183400
2023-12-04 00:00:00-05:00,441.60739008872554,445.019271433423,440.3860783753154,442.6639099121094,72430900
2023-12-05 00:00:00-05:00,441.2778489374918,443.5362758597069,440.8998126034742,442.5766906738281,69793500
2023-12-06 00:00:00-05:00,444.71884640030964,444.74792384542485,440.35705215116445,440.7932434082031,69124700
2023-12-07 00:00:00-05:00,442.87718005735604,444.80605282503006,442.27622650644105,444.1566467285156,66995400
2023-12-08 00:00:00-05:00,443.4102939900714,446.59925845337557,443.167972091833,446.066162109375,83194400
2023-12-11 00:00:00-05:00,445.57182828523526,447.97567223110514,445.3585838256798,447.8011779785156,65002200
2023-12-12 00:00:00-05:00,447.45214192596393,449.9432176139037,446.45377709893216,449.8462829589844,68327600
2023-12-13 00:00:00-05:00,450.2243768877482,456.3018289230582,449.8657452173365,456.0498046875,93278000
2023-12-14 00:00:00-05:00,457.98836917003774,459.1806035101216,454.83818462019093,457.513427734375,119026000
2023-12-15 00:00:00-05:00,456.9158501916579,458.09346468799856,454.911024624647,456.7601318359375,141553700
2023-12-18 00:00:00-05:00,458.3659614924249,460.31239637628556,457.3051580447496,459.3294372558594,70375300
2023-12-19 00:00:00-05:00,459.8744287176748,462.2004326198957,459.79658439176796,462.12255859375,55761800
2023-12-20 00:00:00-05:00,461.26610177140515,463.1541458673366,455.2905624937439,455.7187805175781,102921000
2023-12-21 00:00:00-05:00,458.7065536605437,460.31238616429494,456.28325178797456,460.0398864746094,86667500
2023-12-22 00:00:00-05:00,461.16881437336167,462.64812393044707,459.06669078214355,460.9644470214844,67160400
2023-12-26 00:00:00-05:00,461.373187704544,463.8159432234597,461.2953136791012,462.9108581542969,55387000
2023-12-27 00:00:00-05:00,462.7064835048319,463.8938099220547,462.1712258143802,463.7478332519531,68000300
2023-12-28 00:00:00-05:00,464.1079178321579,464.75995685713684,463.5045277970175,463.9230041503906,77158100
2023-12-29 00:00:00-05:00,463.7283148554509,464.2538605283432,460.6237492048473,462.5799255371094,122283100
2024-01-02 00:00:00-05:00,459.5143439023402,460.9839117212058,457.8890577311239,459.9912109375,123623700
2024-01-03 00:00:00-05:00,457.8306496986943,458.57030441924957,455.6311985932203,456.2345886230469,103585900
2024-01-04 00:00:00-05:00,455.75768568069975,458.34644746704663,454.54116395968543,454.7650146484375,84232200
2024-01-05 00:00:00-05:00,454.96940287212124,457.84040614563645,453.93779478135224,455.3879089355469,86118900
2024-01-08 00:00:00-05:00,455.884242835596,462.0349842457667,455.7577198150965,461.8890075683594,74879100
2024-01-09 00:00:00-05:00,459.23214725174796,462.21019049238487,458.7260848325078,461.1883239746094,65931400
2024-01-10 00:00:00-05:00,461.4607928330298,464.66268658164086,461.1785514545196,463.7965087890625,67310600
2024-01-11 00:00:00-05:00,464.7989126874992,465.3147167416708,459.6116768106503,463.5921325683594,77940700
2024-01-12 00:00:00-05:00,465.04217421360715,465.7818289024957,462.50209119029734,463.9132385253906,58026400
2024-01-16 00:00:00-05:00,462.53132242501596,463.8451421871986,460.39023221216354,462.21014404296875,85014900
2024-01-17 00:00:00-05:00,459.1834252725011,460.1274473065962,457.28563952656407,459.6408386230469,68843900
2024-01-18 00:00:00-05:00,461.31477246365523,464.2830735453687,459.7673604180853,463.72833251953125,91856200
2024-01-19 00:00:00-05:00,464.8572992191645,469.79151871434675,463.7770421286305,469.50927734375,110834500
2024-01-22 00:00:00-05:00,471.0469830334159,472.22456782073624,469.8499148891261,470.5019836425781,75844900
2024-01-23 00:00:00-05:00,471.0469649925702,472.1174803762762,469.956966252641,471.8741760253906,49945300
2024-01-24 00:00:00-05:00,474.74521482696895,475.679495288325,471.89369474893255,472.3900451660156,81765000
2024-01-25 00:00:00-05:00,474.52136032734217,475.23181977158964,472.39004139507995,474.9593200683594,72525000
2024-01-26 00:00:00-05:00,474.53106799985125,476.02008943226616,473.5092016110277,474.35589599609375,76641600
2024-01-29 00:00:00-05:00,474.66734997690736,478.2585246858996,474.12235058965683,478.1125183105469,61322800
2024-01-30 00:00:00-05:00,477.421527922976,478.4531359964777,476.983568210537,477.7427062988281,58618400
2024-01-31 00:00:00-05:00,475.5334936248827,475.98116532447904,469.9277517507619,469.9472351074219,126011100
2024-02-01 00:00:00-05:00,471.65038103588824,476.1271872790658,470.8425939142762,476.0979919433594,91891600
2024-02-02 00:00:00-05:00,476.53588232086173,482.7644675885541,476.19525029914104,481.1100158691406,99228200
2024-02-05 00:00:00-05:00,480.47743909484853,481.13921979443177,477.10037355108614,479.35821533203125,75757100
2024-02-06 00:00:00-05:00,480.30226806860526,481.08085985334736,478.8716372206463,480.7499694824219,55918600
2024-02-07 00:00:00-05:00,482.9980918458816,485.17808940845316,482.0929770540646,484.7596130371094,70556500
2024-02-08 00:00:00-05:00,484.7596458434101,485.35329426615607,483.9421467021212,484.9737548828125,52343600
2024-02-09 00:00:00-05:00,485.47977226451565,488.2145108276318,485.13914022884614,487.7765808105469,63979400
2024-02-12 00:00:00-05:00,487.7474136957695,490.01499733828587,486.84229887428285,487.5625,56502300
2024-02-13 00:00:00-05:00,481.28521924942925,483.776653518952,477.5772631803255,480.8472595214844,113099200
2024-02-14 00:00:00-05:00,483.48468469887587,485.703619202311,481.1586808363787,485.2170104980469,68387800
2024-02-15 00:00:00-05:00,485.9177581862181,488.74982458371477,485.4408614304675,488.5649108886719,61683000
2024-02-16 00:00:00-05:00,488.26315378111764,489.40180144243595,485.39215073377574,486.1318054199219,75532900
2024-02-20 00:00:00-05:00,484.3897857981468,485.06130820828355,481.20737545898015,483.45550537109375,71736700
2024-02-21 00:00:00-05:00,482.15136438471933,484.0491204434422,480.3411646253707,483.8934020996094,59293400
2024-02-22 00:00:00-05:00,490.51131764803023,494.87131264849836,489.54781221335594,493.9078369140625,76402500
2024-02-23 00:00:00-05:00,495.6304262293698,496.4674086571224,493.51856105397593,494.24847412109375,61321800
2024-02-26 00:00:00-05:00,494.6863927584272,495.12435246871587,492.3117399253592,492.4382629394531,50386700
2024-02-27 00:00:00-05:00,493.1292673855463,493.57693907250416,491.23148157958644,493.35308837890625,48854500
2024-02-28 00:00:00-05:00,491.7959350516518,493.28495648375826,491.4358493661455,492.7010498046875,56506600
2024-02-29 00:00:00-05:00,494.46257806109645,496.0878345083775,491.815425510208,494.4722900390625,83924800
2024-03-01 00:00:00-05:00,495.3482457768837,499.54278105732834,494.93948136543304,499.11456298828125,76844800
2024-03-04 00:00:00-05:00,498.31658685191803,500.42845220247364,498.28736181458015,498.5793151855469,49799300
2024-03-05 00:00:00-05:00,496.5744479650044,497.0221493633574,491.38721217314117,493.5964050292969,72855600
2024-03-06 00:00:00-05:00,496.8761572948693,498.3554668272533,494.8032290742474,496.09759521484375,68382400
2024-03-07 00:00:00-05:00,499.39677730974256,502.0731250869525,496.15594682375195,501.02203369140625,58652100
2024-03-08 00:00:00-05:00,501.6546542384204,504.34068432238394,497.4406063327474,498.0148010253906,86532500
2024-03-11 00:00:00-04:00,496.8080772887865,498.17057584105015,494.8810959575729,497.5866394042969,62557200
2024-03-12 00:00:00-04:00,499.6985003866654,503.5232377514132,497.17784111143084,502.9393310546875,73114400
2024-03-13 00:00:00-04:00,503.26039141885445,503.43556340746846,500.7105668060212,502.1509094238281,55104100
2024-03-14 00:00:00-04:00,503.1241533654222,503.27990140830235,498.1121195690471,501.1582946777344,110171800
2024-03-15 00:00:00-04:00,498.08804798108406,499.54266772632866,496.0477073102581,497.7170715332031,107646300
2024-03-18 00:00:00-04:00,501.78800868482955,503.23282668542583,500.26507469946,500.6750793457031,88893300
2024-03-19 00:00:00-04:00,499.982041601448,503.74054704284674,498.9764843892814,503.45745849609375,60755300
2024-03-20 00:00:00-04:00,503.5159556369905,508.2507017437704,502.8423468084039,508.114013671875,69594600
2024-03-21 00:00:00-04:00,510.9549118204902,511.6577769054798,509.5100342818405,509.7931823730469,60256100
2024-03-22 00:00:00-04:00,509.7053025616341,510.19342318455074,508.59237324097523,508.82672119140625,79070800
2024-03-25 00:00:00-04:00,507.45018520809214,508.57288646937474,507.26469698888116,507.4209289550781,48512100
2024-03-26 00:00:00-04:00,508.8462213354942,509.1879415331935,506.0835014250274,506.4837341308594,65463700
2024-03-27 00:00:00-04:00,509.31483823022427,510.7792000886694,507.1475516955064,510.7401123046875,82999800
2024-03-28 00:00:00-04:00,510.7792356908129,512.1459377696011,510.3594590790039,510.6425476074219,96294900
2024-04-01 00:00:00-04:00,511.38445509453464,511.92137584867254,508.5923599199536,509.75408935546875,62477500
2024-04-02 00:00:00-04:00,505.92725051103764,506.6496594947848,504.20905639561914,506.5130310058594,74230300
2024-04-03 00:00:00-04:00,505.41951660317136,508.57281589215825,505.3707164648958,507.0693664550781,59155800
2024-04-04 00:00:00-04:00,511.08182923475704,511.42348983220387,500.57746403679687,500.8800964355469,96858100
2024-04-05 00:00:00-04:00,502.23711314886503,508.0750169684766,501.7977926534172,506.1127624511719,74546500
2024-04-08 00:00:00-04:00,506.8156491443553,507.8211466086966,505.5855756833857,506.39581298828125,48401800
2024-04-09 00:00:00-04:00,508.1335553906493,508.3776156958321,502.12964804913753,506.9815979003906,68049200
2024-04-10 00:00:00-04:00,501.2803426609476,503.89666208515973,499.92341259541246,501.9051513671875,82652800
2024-04-11 00:00:00-04:00,503.4280454371211,507.1377500106354,499.9136010169566,505.69293212890625,70099000
2024-04-12 00:00:00-04:00,502.14918793409277,503.56474960986543,496.9848635757255,498.71282958984375,92561100
2024-04-15 00:00:00-04:00,502.8911540643935,503.05709839116423,491.61554988176164,492.46490478515625,92101400
2024-04-16 00:00:00-04:00,492.94324564322153,494.4661795680653,490.27809637848605,491.5667419433594,73484000
2024-04-17 00:00:00-04:00,494.0268584590965,494.1928325755386,487.26151394107353,488.65753173828125,75910300
2024-04-18 00:00:00-04:00,490.0535829309475,492.15249561510325,486.71482481856754,487.6520080566406,74548100
2024-04-19 00:00:00-04:00,487.57394131853926,488.56969668668467,482.1264983587833,483.3956298828125,102212600
2024-04-22 00:00:00-04:00,486.00217973304706,490.44409539983275,483.65920663681294,487.8472900390625,67961000
2024-04-23 00:00:00-04:00,489.85833417865257,494.0659315908711,487.6617913619136,493.6363830566406,64633600
2024-04-24 00:00:00-04:00,494.52477110173174,495.31552414024065,491.1762707245871,493.402099609375,55928100
2024-04-25 00:00:00-04:00,487.3200821932215,492.28914639879576,485.6702321576898,491.5276794433594,69122400
2024-04-26 00:00:00-04:00,494.3197628446228,497.7658932650639,493.6852119906925,496.18438720703125,64306100
2024-04-29 00:00:00-04:00,497.97087540007783,498.61519817399505,495.19835393785416,497.94158935546875,46415400
2024-04-30 00:00:00-04:00,496.4771812888498,497.45342240823055,490.05352783203125,490.05352783203125,77483600
2024-05-01 00:00:00-04:00,489.46786865773555,496.11606953951656,487.9937347584278,488.46234130859375,80242800
2024-05-02 00:00:00-04:00,492.1720003799534,493.8706803453591,487.6812848525579,493.0310974121094,62550200
2024-05-03 00:00:00-04:00,499.01550940056416,500.37246932338707,496.4772760472205,499.1424255371094,72756700
2024-05-06 00:00:00-04:00,501.54389828336633,504.3359337135483,501.10457784231613,504.2969055175781,47264700
2024-05-07 00:00:00-04:00,505.2633981790086,506.2494113345479,504.1797847364997,504.8533935546875,52561300
2024-05-08 00:00:00-04:00,503.018083190491,505.43914245784595,502.90093900562147,504.9022216796875,42047200
2024-05-09 00:00:00-04:00,505.0876186308662,507.8503975923716,504.43355378603155,507.8113098144531,43643700
2024-05-10 00:00:00-04:00,509.4124711158648,510.2227680798631,507.2452440275092,508.4655456542969,52233200
2024-05-13 00:00:00-04:00,510.14463540524883,510.25200764448437,507.3916278750611,508.5338134765625,36716400
2024-05-14 00:00:00-04:00,508.72906418826113,511.3844713761404,508.19214341702855,510.8670349121094,57535900
2024-05-15 00:00:00-04:00,513.3369504006804,517.4859756907869,512.7023697575905,517.193115234375,59504900
2024-05-16 00:00:00-04:00,517.2906967075278,518.8917465910545,515.9825072697596,516.1289672851562,50244800
2024-05-17 00:00:00-04:00,516.2460410203236,516.9391936348987,514.7914513506761,516.870849609375,59187600
2024-05-20 00:00:00-04:00,516.988021010064,518.9307313200704,516.5975007250751,517.4663696289062,37764200
2024-05-21 00:00:00-04:00,516.7050565718225,518.8918276886369,516.5000244352296,518.735595703125,33437000
2024-05-22 00:00:00-04:00,518.0423461143242,518.7549830261315,515.0647631915122,517.2418212890625,48390000
2024-05-23 00:00:00-04:00,520.2975559093766,520.4049281460258,512.2532779910508,513.4638671875,57211200
2024-05-24 00:00:00-04:00,515.3089561408403,517.6715030328614,514.3620306627067,516.8612060546875,41291100
2024-05-28 00:00:00-04:00,517.6714434796838,517.9057318355667,514.5864879004678,517.2223510742188,36269600
2024-05-29 00:00:00-04:00,513.1905202395113,514.7817983278129,512.8878878194378,513.6005249023438,45190300
2024-05-30 00:00:00-04:00,512.0580132889513,512.721850102888,508.9438017208339,510.193359375,46377600
2024-05-31 00:00:00-04:00,511.15017117084983,514.9672481577884,506.0443890267406,514.84033203125,90785800
2024-06-03 00:00:00-04:00,516.4511771729021,516.7342656913833,510.18366530067414,515.2601318359375,46835700
2024-06-04 00:00:00-04:00,513.9520429838191,516.578134600827,512.4876809576447,515.836181640625,34632700
2024-06-05 00:00:00-04:00,518.1596136281009,521.9864628385163,516.1680432425981,521.9669189453125,47610400
2024-06-06 00:00:00-04:00,522.2694966184689,522.6990451286446,520.0241537818829,521.9570922851562,30808500
2024-06-07 00:00:00-04:00,520.9808506310355,524.1341502130953,519.8874652579173,521.3225708007812,43224500
2024-06-10 00:00:00-04:00,520.5122296802525,523.2554648254413,519.9167369014993,522.9332885742188,35686100
2024-06-11 00:00:00-04:00,521.3811694677967,524.2513211148034,519.4091430834137,524.1927490234375,36383400
2024-06-12 00:00:00-04:00,528.7615289974312,531.1923600659605,527.4631115100716,528.4979248046875,63251300
2024-06-13 00:00:00-04:00,530.2455146530901,530.4212309464041,526.770097820224,529.5621337890625,44760900
2024-06-14 00:00:00-04:00,528.0294558754849,529.9135946368305,527.0238986275654,529.8843383789062,40089900
2024-06-17 00:00:00-04:00,529.2008719569648,535.4976399183048,528.7420075865693,534.1015625,55839500
2024-06-18 00:00:00-04:00,534.1600786870761,535.5854122094039,533.7403021449248,535.45849609375,41376400
2024-06-20 00:00:00-04:00,536.385998334327,537.0498352385172,532.2272010481894,534.0039672851562,70328200
2024-06-21 00:00:00-04:00,533.1803062748603,534.4045446160707,531.828742363983,533.2880249023438,64338600
2024-06-24 00:00:00-04:00,533.1117619254674,535.6777608035513,531.4369822915095,531.5545043945312,45528700
2024-06-25 00:00:00-04:00,532.7786650161994,533.9637491221667,531.2606215926918,533.6013793945312,37936200
2024-06-26 00:00:00-04:00,532.4849577215607,534.9823921713983,531.8385861304241,534.2674560546875,38550600
2024-06-27 00:00:00-04:00,534.1304113442721,535.6876691801702,533.3860646945234,535.1098022460938,35041500
2024-06-28 00:00:00-04:00,535.883439640916,538.9391939081404,531.76024266257,533.0040283203125,76144500
2024-07-01 00:00:00-04:00,534.3849539324244,534.6298016081159,531.3390631933655,534.1009521484375,40297800
2024-07-02 00:00:00-04:00,532.4946896868087,537.6952514648438,532.4457321114778,537.6952514648438,40434800
2024-07-03 00:00:00-04:00,537.381917105902,540.457218430894,537.3427629954197,540.0948486328125,32789900
2024-07-05 00:00:00-04:00,540.3983822148235,543.6107523683424,539.7617544001083,543.209228515625,41488400
2024-07-08 00:00:00-04:00,543.9927357696513,544.7860397915607,542.7684974779849,543.8360595703125,36110500
2024-07-09 00:00:00-04:00,544.795863484972,545.6968861634513,544.0711239537649,544.3649291992188,27289700
2024-07-10 00:00:00-04:00,545.5891764995068,550.0943497431794,545.2953712492263,549.7515869140625,38701200
2024-07-11 00:00:00-04:00,549.8690906630567,550.7407626908513,544.3747234457534,545.0112915039062,53054200
2024-07-12 00:00:00-04:00,546.1376877405125,552.0531865568831,545.667599292853,548.4490356445312,53084400
2024-07-15 00:00:00-04:00,550.4469707289841,553.1990561394715,548.0964091939553,549.957275390625,40584300
2024-07-16 00:00:00-04:00,551.2695891404957,553.5123721227574,550.5154392403327,553.2185668945312,36475300
2024-07-17 00:00:00-04:00,547.2834441243654,548.9582235359038,545.1385763631698,545.4617919921875,57119000
2024-07-18 00:00:00-04:00,546.9995524787638,547.988746727991,539.0860582622142,541.2700805664062,56270400
2024-07-19 00:00:00-04:00,541.0349619096787,542.6607838512468,536.6179005483158,537.6756591796875,65509100
2024-07-22 00:00:00-04:00,541.6030975244146,543.8263337080781,539.6639229224022,543.2191162109375,43346700
2024-07-23 00:00:00-04:00,543.111291105197,545.2659625762393,541.8773090500791,542.3670043945312,34439600
2024-07-24 00:00:00-04:00,537.5483785668235,537.8519873002513,529.1549928867055,530.0756225585938,74515300
2024-07-25 00:00:00-04:00,530.1930703849662,536.1771923025162,526.373482961852,527.3136596679688,61158300
2024-07-26 00:00:00-04:00,531.1040855758291,535.9128682273114,530.3303285661854,533.2195434570312,53763800
2024-07-29 00:00:00-04:00,534.7668786438925,535.775619885458,531.534841817287,533.5328369140625,39515800
2024-07-30 00:00:00-04:00,535.0019870020752,536.059745722708,527.4215123549488,530.8297729492188,46853600
2024-07-31 00:00:00-04:00,537.665950025587,542.0928156342903,536.2948387521341,539.458251953125,65663400
2024-08-01 00:00:00-04:00,541.1818806021787,543.4344670666311,528.3126735436618,531.8189086914062,76428700
2024-08-02 00:00:00-04:00,524.7086595069954,525.9230946235249,517.7059908635142,521.9174194335938,82789100
2024-08-05 00:00:00-04:00,501.0954096971676,512.7893355901078,499.7536194987989,506.71710205078125,146267400
2024-08-06 00:00:00-04:00,508.5191877541787,518.8322000557341,507.19703427938214,511.38885498046875,84826300
2024-08-07 00:00:00-04:00,517.5786158200011,520.6343700428232,507.3733806496258,507.9707946777344,70698300
2024-08-08 00:00:00-04:00,513.1125407389065,520.3404486814812,511.08525465156777,519.7136840820312,63276600
2024-08-09 00:00:00-04:00,518.8909769209239,523.4941251002426,517.6667385635127,522.0054321289062,45619600
2024-08-12 00:00:00-04:00,523.2004149594696,524.6890484241525,520.0075911785743,522.27978515625,42542100
2024-08-13 00:00:00-04:00,525.4725645280489,531.1040615199245,525.2277168327499,530.8689575195312,52333100
2024-08-14 00:00:00-04:00,531.6621646835201,533.7287242856177,528.9884474672805,532.5436401367188,42446900
2024-08-15 00:00:00-04:00,538.1751381862979,541.9555715802455,537.567920792545,541.6715698242188,60846800
2024-08-16 00:00:00-04:00,540.0555332245729,543.581375155023,539.8988570348282,542.885986328125,44430700
2024-08-19 00:00:00-04:00,543.2973511166235,548.0767822265625,542.4452860411917,548.0767822265625,39121800
2024-08-20 00:00:00-04:00,547.6263456901657,549.2815184001456,545.8438474042439,547.1856079101562,33732300
2024-08-21 00:00:00-04:00,548.2334599233565,550.5252003042482,543.2972933603506,549.06591796875,41514600
2024-08-22 00:00:00-04:00,550.9660160166799,551.5732334533072,543.5422179587766,544.7566528320312,56121500
2024-08-23 00:00:00-04:00,547.9984691071246,551.4850973665338,545.8045838781815,550.5448608398438,50639400
2024-08-26 00:00:00-04:00,551.5733022984582,552.2882384520825,547.5284135216066,549.2325439453125,35788600
2024-08-27 00:00:00-04:00,547.9592873998898,550.476328645617,546.8134170306081,549.9866333007812,32693900
2024-08-28 00:00:00-04:00,549.6439450462528,550.0748793992682,543.601060631449,546.7938842773438,41066000
2024-08-29 00:00:00-04:00,548.7623394799141,552.0628809883677,545.6968421488655,546.8427124023438,38715200
2024-08-30 00:00:00-04:00,549.212926690368,552.5722295246512,545.657733766081,552.0629272460938,62700100
2024-09-03 00:00:00-04:00,548.9190687874888,549.2520879225416,538.18498513228,540.7020263671875,60600100
2024-09-04 00:00:00-04:00,538.8607938634791,543.0035975400444,538.1360542845994,539.5953369140625,47224900
2024-09-05 00:00:00-04:00,539.5365467142444,542.3865472945482,535.8246177750381,538.2828979492188,44264300
2024-09-06 00:00:00-04:00,538.6061519080256,540.2319142524223,528.3225490242058,529.2235717773438,68493800
2024-09-09 00:00:00-04:00,533.4251872668898,536.4221205223048,531.4957564364314,535.1488647460938,40445800
2024-09-10 00:00:00-04:00,537.0587275255268,537.8324845189911,532.1813804449696,537.4798583984375,36394600
2024-09-11 00:00:00-04:00,537.3916883108078,543.9144040618945,528.8318231688719,542.9937744140625,75248600
2024-09-12 00:00:00-04:00,543.5715745845557,547.8711135710835,541.3483388424467,547.5675048828125,51819600
2024-09-13 00:00:00-04:00,548.1747815451495,551.4263657909838,547.9201304028155,550.4273681640625,39310500
2024-09-16 00:00:00-04:00,550.1629297590999,551.5046902542234,548.360884321784,551.2402954101562,36656100
2024-09-17 00:00:00-04:00,553.4537083801224,554.9032473896473,549.2325364902464,551.465576171875,49321000
2024-09-18 00:00:00-04:00,552.1216967889254,556.9696926491016,549.2716961893568,549.8299560546875,59044900
2024-09-19 00:00:00-04:00,559.2418737919741,561.0733295553275,556.3722663136862,559.2124633789062,75315500
2024-09-20 00:00:00-04:00,557.8430941207945,559.2871857073619,555.2200568119598,558.245849609375,77503100
2024-09-23 00:00:00-04:00,559.3166610051752,560.2892222272916,558.0984411315784,559.6408081054688,44116900
2024-09-24 00:00:00-04:00,560.4364946014963,561.3010067117204,557.6071931426925,561.2420654296875,46805700
2024-09-25 00:00:00-04:00,561.0849426444706,561.8217386948093,558.8941616149112,560.0042724609375,38428600
2024-09-26 00:00:00-04:00,564.2679463720303,564.5921534543987,559.8668367278948,562.2245483398438,48336000
2024-09-27 00:00:00-04:00,563.2952985697877,564.1106429805404,560.377555197848,561.4090576171875,42100900
2024-09-30 00:00:00-04:00,560.3775279948936,564.2678323150915,558.0787581388843,563.6587524414062,63557400
2024-10-01 00:00:00-04:00,563.3051282373419,563.9534823374194,556.0353836889657,558.6092529296875,72668800
2024-10-02 00:00:00-04:00,557.7154356390834,559.8668828892402,555.3183896615599,558.8451538085938,38097800
2024-10-03 00:00:00-04:00,557.3715020969081,559.7685478192003,555.5344286086627,557.8234252929688,40846500
2024-10-04 00:00:00-04:00,562.2736036088263,563.2658318866675,558.0984259775333,562.8925170898438,42939100
2024-10-07 00:00:00-04:00,561.2421538745174,561.8905680396737,556.6543868115797,557.8037719726562,49964700
2024-10-08 00:00:00-04:00,560.377637870892,563.67853004462,559.5033520489247,563.0792236328125,37398700
2024-10-09 00:00:00-04:00,563.0693978961492,567.5393423690588,562.4701514366566,566.9793701171875,37912200
2024-10-10 00:00:00-04:00,565.6334738441669,567.4116060358193,564.3759797176003,565.9871215820312,44138100
2024-10-11 00:00:00-04:00,565.9084000028585,570.113077691751,565.7708503676648,569.3762817382812,42268000
2024-10-14 00:00:00-04:00,570.9874382986001,574.9661849382893,570.5060744728205,574.0328979492188,36217200
2024-10-15 00:00:00-04:00,574.2981309420833,574.6026708937048,568.3545951743074,569.5728149414062,54203600
2024-10-16 00:00:00-04:00,569.5729286407808,572.5692210133667,568.7673576490918,572.0485229492188,30725400
2024-10-17 00:00:00-04:00,575.5948569414992,575.8011814159861,571.9108767867559,572.0975341796875,34393700
2024-10-18 00:00:00-04:00,573.787292295603,575.0840605235142,572.3235337539761,574.2981567382812,37416800
2024-10-21 00:00:00-04:00,573.5710785054149,574.5534731315854,570.3782959703608,573.35498046875,36439000
2024-10-22 00:00:00-04:00,570.8204817447413,574.2097557683464,570.1622940232531,573.050537109375,34183800
2024-10-23 00:00:00-04:00,571.0267810694698,571.4688706983893,564.3071746074978,567.8143310546875,49314600
2024-10-24 00:00:00-04:00,569.7693209618997,569.8479293354313,566.4193810527883,569.0423583984375,34979900
2024-10-25 00:00:00-04:00,571.2724326633536,574.1705094317597,567.9028255594263,568.8458862304688,47268200
2024-10-28 00:00:00-04:00,572.3235609618828,572.4512770786239,570.299830137409,570.6043701171875,30174700
2024-10-29 00:00:00-04:00,569.6415300427301,572.6476553589258,568.2465463889694,571.5277709960938,42899700
2024-10-30 00:00:00-04:00,571.0562011429839,573.0504911915006,569.0914117169528,569.7987670898438,41435800
2024-10-31 00:00:00-04:00,565.4271221936206,565.4958970216722,558.4324763422399,558.6289672851562,60182500
2024-11-01 00:00:00-04:00,561.2617936558026,565.4173043933644,560.5741053167588,560.9866943359375,45667500
2024-11-04 00:00:00-05:00,561.1241350696315,562.4209031245102,557.8920784523416,559.7782592773438,38217000
2024-11-05 00:00:00-05:00,560.6920242782184,566.5863933486033,560.4759261934032,566.547119140625,39478300
2024-11-06 00:00:00-05:00,578.8270705681771,581.5089893813079,575.0841485043231,580.6346435546875,68182000
2024-11-07 00:00:00-05:00,582.6387178727699,586.145874462509,582.5601095007273,585.1241455078125,47233200
2024-11-08 00:00:00-05:00,585.674234913322,589.0831757216504,585.674234913322,587.65869140625,46444900
2024-11-11 00:00:00-05:00,589.2501303160354,589.6037779981073,586.4896037587446,588.2186279296875,37586800
2024-11-12 00:00:00-05:00,588.1400498376755,588.739296212128,583.9059310932324,586.3914184570312,43006100
2024-11-13 00:00:00-05:00,586.8531544283672,588.6803942959151,584.4856094336134,586.6763305664062,47388600
2024-11-14 00:00:00-05:00,586.804130643577,587.2854945523371,582.2163632356335,582.9039916992188,38904100
2024-11-15 00:00:00-05:00,579.3378226480269,579.8094129170865,573.5810036102117,575.437744140625,75988800
2024-11-18 00:00:00-05:00,575.8994574754852,579.1119076957027,575.0350052053479,577.7955322265625,37001700
2024-11-19 00:00:00-05:00,574.4160398519082,580.6345552744816,573.7480186357969,579.9075927734375,49412000
2024-11-20 00:00:00-05:00,579.9861823753545,580.3889378159292,574.3374129030207,580.1040649414062,50032600
2024-11-21 00:00:00-05:00,582.953055915256,584.6427460672937,577.1077952881657,583.21826171875,46750300
2024-11-22 00:00:00-05:00,583.2084127301733,585.6546259064262,582.7074417987914,585.02587890625,38226400
2024-11-25 00:00:00-05:00,588.9653319760873,590.281707390563,584.7213793724078,587.0103759765625,42441400
2024-11-26 00:00:00-05:00,588.2579731618996,590.7434606979054,587.5408441710033,590.075439453125,45621300
2024-11-27 00:00:00-05:00,589.8887226529953,590.2718110026187,586.7647148108081,588.2874145507812,34000200
2024-11-29 00:00:00-05:00,589.1028202958577,592.7278593888155,588.8277809402925,591.9419555664062,30177400
2024-12-02 00:00:00-05:00,592.3545765627109,593.6808455477146,591.8633791521069,593.0029907226562,31746000
2024-12-03 00:00:00-05:00,592.7672106157903,593.5236138358292,591.73570807165,593.2780151367188,26906600
2024-12-04 00:00:00-05:00,594.9677449089698,597.2075737883222,594.2997236656325,596.9619750976562,42787600
2024-12-05 00:00:00-05:00,596.9620090763937,597.7675800229049,595.6259665136723,595.9796142578125,28762200
2024-12-06 00:00:00-05:00,596.7458937244957,598.3472020292826,596.333304701608,597.109375,31241500
2024-12-09 00:00:00-05:00,596.9914414878755,597.1584317989794,593.445010988573,594.034423828125,34742700
2024-12-10 00:00:00-05:00,594.7123228135097,595.134745373381,591.529373321926,592.1875610351562,37234500
2024-12-11 00:00:00-05:00,595.1152087702993,597.7185192678439,594.8401094183695,596.765625,28677700
2024-12-12 00:00:00-05:00,595.9009396314575,596.4706853339145,593.6905517578125,593.6905517578125,31543800
2024-12-13 00:00:00-05:00,595.7242008087076,596.4413297893211,592.1973772710232,593.57275390625,35904700
2024-12-16 00:00:00-05:00,595.3312295236393,597.0799209921157,594.5551592425911,596.1072998046875,43695200
2024-12-17 00:00:00-05:00,593.5530296358272,594.5157572113583,592.2759285750876,593.6512451171875,55773500
2024-12-18 00:00:00-05:00,593.3467745348553,595.7339866328443,575.5752867073982,575.9584350585938,108248700
2024-12-19 00:00:00-05:00,580.948961299734,582.5601031255708,575.5359564813775,575.7815551757812,85919500
2024-12-20 00:00:00-05:00,573.4513839180992,587.231466902458,572.6036351958548,582.697265625,125716700
2024-12-23 00:00:00-05:00,582.4409930028329,586.7879087972127,579.2571372355378,586.1866455078125,57635800
2024-12-24 00:00:00-05:00,587.5370835235541,592.7416149913781,586.9554933157183,592.7021484375,33160100
2024-12-26 00:00:00-05:00,590.9279213446937,593.8652919269226,589.5282423631364,592.7416381835938,41219100
2024-12-27 00:00:00-05:00,588.9958679237085,589.2324867459512,582.3128451341881,586.5020751953125,64969300
2024-12-30 00:00:00-05:00,579.4839049805771,583.278830614674,576.0536238226567,579.8091430664062,56578800
2024-12-31 00:00:00-05:00,581.4748988586764,582.1945015590405,576.0634095440413,577.69970703125,57052700
2025-01-02 00:00:00-05:00,580.9624149327,582.6775253068124,572.1995172748154,576.2803344726562,50204000
2025-01-03 00:00:00-05:00,579.129057366777,584.1265095290074,578.0447499447286,583.48583984375,37888500
2025-01-06 00:00:00-05:00,587.7440676720806,591.1250155334773,585.1122021784661,586.8470458984375,47679400
2025-01-07 00:00:00-05:00,588.8774861019172,589.202784283761,578.3896729800513,580.2131958007812,60393100
2025-01-08 00:00:00-05:00,580.2822309005052,582.1353537217743,576.832277161694,581.0609130859375,47304700
2025-01-10 00:00:00-05:00,577.5025797313914,577.5715860296085,570.2773736421228,572.1896362304688,73105000
2025-01-13 00:00:00-05:00,567.5372072518853,573.4316812597856,567.1231694250464,573.0768432617188,47910100
2025-01-14 00:00:00-05:00,576.0043111010004,576.6351742776535,570.0802375478183,573.8653564453125,48420600
2025-01-15 00:00:00-05:00,581.8889752343268,585.4473419377294,580.7751281246863,584.303955078125,56900200
2025-01-16 00:00:00-05:00,585.6740294157521,585.8514484014332,582.4803673486446,583.1802368164062,43319700
2025-01-17 00:00:00-05:00,588.4242094250709,590.7898562052613,587.0934767089387,589.0353393554688,58070600
2025-01-21 00:00:00-05:00,592.0810894520482,594.4369296257112,590.1096871636119,594.4270629882812,42532900
2025-01-22 00:00:00-05:00,597.2560928487167,599.1289493146973,596.7041025475482,597.7686767578125,48196000
2025-01-23 00:00:00-05:00,597.1378398743527,601.0313720703125,596.8618747927997,601.0313720703125,41152100
2025-01-24 00:00:00-05:00,601.0903888692611,602.0465502262632,598.1234189150732,599.2766723632812,34604700
2025-01-27 00:00:00-05:00,586.3048878621954,591.115114198888,586.1373355152499,590.7996826171875,70361100
2025-01-28 00:00:00-05:00,592.0319005940263,596.7139816946946,588.7100920787573,595.8761596679688,44433300
2025-01-29 00:00:00-05:00,595.0874967960807,595.4916679771449,590.6518414168764,593.204833984375,37177400
2025-01-30 00:00:00-05:00,595.3240968992558,597.9263022497843,592.130374590218,596.3886108398438,39281300
2025-01-31 00:00:00-05:00,598.8134974486875,601.2383441338676,592.4557124803268,593.2147216796875,66566900
2025-02-03 00:00:00-05:00,584.1954832564219,591.7065212004032,582.0466619706364,589.2225952148438,65857200
2025-02-04 00:00:00-05:00,589.281761222817,593.6878166788046,588.7396375989994,593.17529296875,33457800
2025-02-05 00:00:00-05:00,592.0515554519985,595.7282015036632,590.021013481686,595.580322265625,30653100
2025-02-06 00:00:00-05:00,597.3250923662002,597.7785366008171,594.0131505968404,597.650390625,35771500
2025-02-07 00:00:00-05:00,598.2121736064561,599.4344333824486,591.4699514014874,592.1796875,50788500
2025-02-10 00:00:00-05:00,595.3931329282537,596.8420848342793,594.1215398587573,596.2013549804688,26048700
2025-02-11 00:00:00-05:00,593.93424024475,597.1969087784863,593.8159609148958,596.65478515625,30056700
2025-02-12 00:00:00-05:00,590.6321754646003,595.9056528588447,589.9520392250456,594.732666015625,45076100
2025-02-13 00:00:00-05:00,595.8367256890687,601.2186766543514,594.5750592605841,601.0116577148438,40921300
2025-02-14 00:00:00-05:00,601.2185532755497,602.2535274358258,600.360998100256,600.9819946289062,26910400
2025-02-18 00:00:00-05:00,602.1450746766837,602.746337890625,599.6808220007749,602.746337890625,26749000
2025-02-19 00:00:00-05:00,601.3566689008733,604.4615919136522,600.8440849703791,604.1658935546875,31011100
2025-02-20 00:00:00-05:00,602.7957307474628,602.9337433637311,598.3404019341449,601.65234375,36554000
2025-02-21 00:00:00-05:00,601.435409514207,601.5734221193063,590.8982614234848,591.361572265625,76519800
2025-02-24 00:00:00-05:00,593.4118748152965,594.4074426853949,587.960918125522,588.670654296875,50737200
2025-02-25 00:00:00-05:00,588.6115273648803,589.3409366661995,581.1300283822392,585.7431030273438,58266500
2025-02-26 00:00:00-05:00,587.4089575799121,591.0067913230648,583.3971461439291,586.038818359375,43321600
2025-02-27 00:00:00-05:00,588.3157098294636,589.4690234968429,576.290203877955,576.6844482421875,74196700
2025-02-28 00:00:00-05:00,577.1872200213395,586.2162169760591,574.1118369424444,585.6839599609375,88744100
2025-03-03 00:00:00-05:00,587.6553155599406,588.798762606637,571.6081318173137,575.4227905273438,74249200
2025-03-04 00:00:00-05:00,571.4208567458912,577.0196322682823,564.0675042327628,568.611572265625,109648200
2025-03-05 00:00:00-05:00,568.4439889843314,576.5168836727693,564.8856223320056,574.722900390625,71230500
2025-03-06 00:00:00-05:00,567.2512863712917,571.8742272350298,561.9679425734266,564.5209350585938,80094900
2025-03-07 00:00:00-05:00,562.7368186254731,569.1340095542192,557.5421542389136,567.6849975585938,81158800
2025-03-10 00:00:00-04:00,559.4742288830657,561.396298293426,547.6458132504099,552.564453125,99326600
2025-03-11 00:00:00-04:00,551.4012280579012,555.9551623983707,544.1267490127518,547.970947265625,88102100
2025-03-12 00:00:00-04:00,554.1315858671662,555.0581473332891,545.7728595599632,550.8787841796875,69588200
2025-03-13 00:00:00-04:00,550.5043158830474,551.1154458832376,541.8202897344504,543.535400390625,74079400
2025-03-14 00:00:00-04:00,548.1583018697701,555.7679467233177,543.604366956188,554.7625122070312,62660300
2025-03-17 00:00:00-04:00,554.742702735982,561.5637976935186,554.3089918436672,559.0404052734375,49008700
2025-03-18 00:00:00-04:00,556.7240271713574,556.9409127203818,551.0661118946721,552.9981079101562,66041400
2025-03-19 00:00:00-04:00,554.7821880592443,562.7860764826731,553.5993346617712,559.0206909179688,66556000
2025-03-20 00:00:00-04:00,555.2750866351008,562.4115538615378,554.5554838320709,557.4041748046875,62958200
2025-03-21 00:00:00-04:00,552.9413897854555,558.4877939738346,551.7055567482902,557.5880737304688,83763000
2025-03-24 00:00:00-04:00,564.3307537296456,568.6314886589248,563.7375780431137,567.5736083984375,58766800
2025-03-25 00:00:00-04:00,568.7797678649376,569.8771730865459,567.1880294433175,568.93798828125,38355700
2025-03-26 00:00:00-04:00,568.6709866041082,569.7980806984394,560.7616559941828,562.1458129882812,51848300
2025-03-27 00:00:00-04:00,560.7517966033342,564.4296669577193,558.5371935416607,560.6529541015625,42164200
2025-03-28 00:00:00-04:00,559.120558969836,559.8521624781242,548.7790863172526,549.3623657226562,71662700
2025-03-31 00:00:00-04:00,543.5984615291653,554.3551567474991,540.6719872727307,553.0501098632812,95328200
2025-04-01 00:00:00-04:00,551.1320571376683,556.559825628618,547.4047657676659,554.6121215820312,54609600
2025-04-02 00:00:00-04:00,548.7592465118332,560.9890444564371,548.52197624234,558.1219482421875,76014500
2025-04-03 00:00:00-04:00,538.931968079745,541.759539717793,530.6173095703125,530.6173095703125,125986000
2025-04-04 00:00:00-04:00,517.7349036725598,519.9099817661254,499.3358369172059,499.5533447265625,217965100
2025-04-07 00:00:00-04:00,483.64569927250346,517.2405628900261,476.33944038650816,498.6635437011719,256611400
2025-04-08 00:00:00-04:00,515.9454474877983,519.0300819148135,483.6160734043612,490.8531188964844,165816600
2025-04-09 00:00:00-04:00,487.84755542038147,542.4021606445312,487.46196103833506,542.4021606445312,241867300
2025-04-10 00:00:00-04:00,526.1386497513512,527.4535931308517,503.5476437049501,518.6347045898438,162331200
2025-04-11 00:00:00-04:00,517.0824330937988,530.3503195313269,514.1757514102393,527.8885498046875,97866300
2025-04-14 00:00:00-04:00,537.8839447885014,538.111379094838,527.8094317224818,533.0098266601562,68034000
2025-04-15 00:00:00-04:00,533.5534957548979,537.0731451747598,530.7259247754906,531.516845703125,56892900
2025-04-16 00:00:00-04:00,525.6541840661512,531.7938245981206,514.3932584360665,519.702392578125,83484800
2025-04-17 00:00:00-04:00,521.6599483491107,525.1499093262158,517.9721816819745,520.44384765625,79868100
2025-04-21 00:00:00-04:00,515.2533065114334,515.7872249375157,502.6972625032136,508.05584716796875,69368100
2025-04-22 00:00:00-04:00,514.2450097037921,523.3011683263503,513.3057644566182,521.2744140625,75948100
2025-04-23 00:00:00-04:00,534.3049123051696,539.2482437222484,527.8291602174767,529.3516845703125,90590700
2025-04-24 00:00:00-04:00,530.6370434198044,541.2256831290485,529.3814780255258,540.4940795898438,64150400
2025-04-25 00:00:00-04:00,540.4544620384363,544.8045575926888,537.5279880397045,544.3992309570312,61119600
2025-04-28 00:00:00-04:00,545.1407910444296,547.2762839575454,538.8429907853031,544.6068725585938,47613800
2025-04-29 00:00:00-04:00,542.6887574529197,549.1546732609154,542.3328520901122,548.0374755859375,47775100
2025-04-30 00:00:00-04:00,541.3640897959557,550.2126665027023,535.3826699025942,548.2550659179688,93101500
2025-05-01 00:00:00-04:00,554.0189932525213,557.6770710508032,551.5374308999284,552.1405029296875,63186100
2025-05-02 00:00:00-04:00,558.3295262045715,561.9381825044319,556.006184429092,560.3365478515625,60717300
2025-05-05 00:00:00-04:00,556.194064255589,560.2278400664005,555.3339293144951,557.1234130859375,38659200
2025-05-06 00:00:00-04:00,551.6066009560054,556.9651555946843,550.6476235760448,552.4667358398438,48264700
2025-05-07 00:00:00-04:00,553.8014947566288,557.4298834610689,549.738030089525,554.7901611328125,55588000
2025-05-08 00:00:00-04:00,558.8337754612519,563.8463212534109,555.333918196641,558.6558227539062,65130800
2025-05-09 00:00:00-04:00,560.0597310271954,561.0681900796083,556.3819209310694,557.9440307617188,37603400
2025-05-12 00:00:00-04:00,574.8798371188,576.3925257137258,570.5000520977247,576.3826293945312,78993600
2025-05-13 00:00:00-04:00,576.7977862928067,582.403567726764,576.2342995973956,580.18896484375,67947200
2025-05-14 00:00:00-04:00,581.1479585868793,582.3046813078995,578.9036666864055,580.9304809570312,66283500
2025-05-15 00:00:00-04:00,578.9234551699535,584.2721134769878,578.4686469334371,583.7679443359375,71268100
2025-05-16 00:00:00-04:00,584.5489982766968,587.7621640177526,582.6013544692614,587.465576171875,76052100
2025-05-19 00:00:00-04:00,581.4346564328234,588.7903364922698,581.4346564328234,588.108154296875,68168500
2025-05-20 00:00:00-04:00,586.3681900028125,587.3172711404261,582.9176935296509,586.130859375,60614500
2025-05-21 00:00:00-04:00,581.7709264399082,585.8640202940028,575.2259589387613,576.254150390625,95197700
2025-05-22 00:00:00-04:00,576.0562657117097,579.971405887537,574.8204328669485,576.4814453125,70860400
2025-05-23 00:00:00-04:00,569.4520392436427,575.2159811048424,569.0763411937487,572.5465698242188,76029000
2025-05-27 00:00:00-04:00,579.4277528567243,584.6083553931982,571.8743267058999,584.4501953125,72588500
2025-05-28 00:00:00-04:00,584.8554566278126,586.0517646206928,580.3372442209068,581.06884765625,68445500
2025-05-29 00:00:00-04:00,586.3384441000501,586.4768718669775,579.4276761926377,583.362548828125,69973300
2025-05-30 00:00:00-04:00,582.2552747565533,584.430352826958,576.6297607292682,582.7100830078125,90601200
2025-06-02 00:00:00-04:00,581.0985818518681,586.0715425417425,578.429170462151,585.9924926757812,61630500
2025-06-03 00:00:00-04:00,585.6266685650614,590.3129375391912,585.1421713516531,589.3341674804688,63606200
2025-06-04 00:00:00-04:00,590.1942585782981,591.173028564345,588.7408877328025,589.1759033203125,57314200
2025-06-05 00:00:00-04:00,590.8566609128592,592.2111289512687,584.3512195951713,586.3285522460938,92278700
2025-06-06 00:00:00-04:00,591.8749474768216,594.0203968199735,590.0953601848463,592.3495483398438,66588700
2025-06-09 00:00:00-04:00,592.9229477814916,594.4356362447949,591.7069074945726,592.8834228515625,53016400
2025-06-10 00:00:00-04:00,593.4173023897237,596.6304681071312,592.3001649023746,596.2449340820312,66247000
2025-06-11 00:00:00-04:00,597.3423765043648,598.2025114763902,592.4781545343917,594.54443359375,73658200
2025-06-12 00:00:00-04:00,593.2096852350186,596.9072875976562,592.7252483956809,596.9072875976562,64129000
2025-06-13 00:00:00-04:00,591.7168252456129,595.0288334634262,588.731033484191,590.2338256835938,89506000
2025-06-16 00:00:00-04:00,593.5952983788304,597.5993850121447,593.4172853343232,595.8494262695312,79984100
2025-06-17 00:00:00-04:00,593.4074309844862,594.9299553868199,589.9965201271316,590.7578125,82209400
2025-06-18 00:00:00-04:00,591.6575507239553,594.4060120669617,589.7098464455568,590.6688842773438,76605000
2025-06-20 00:00:00-04:00,593.3471074282096,594.4180406328666,587.8735160730708,589.2816162109375,94051400
2025-06-23 00:00:00-04:00,590.0351674928282,595.4889076465048,586.9116980815279,595.1022338867188,87426000
2025-06-24 00:00:00-04:00,599.2470472798032,602.737399696003,598.3347417480489,601.6764526367188,67735300
2025-06-25 00:00:00-04:00,602.7969444947229,603.4910690166892,600.4468830082857,602.0136108398438,62114800
2025-06-26 00:00:00-04:00,603.8678512919777,607.1599344481853,603.2530708764845,606.7236328125,78548400
2025-06-27 00:00:00-04:00,607.7251426738447,611.2056301568862,605.6923970890058,609.738037109375,86258400
2025-06-30 00:00:00-04:00,612.1873634601734,614.0118537505704,609.867018033134,612.6533813476562,92502500
2025-07-01 00:00:00-04:00,611.1758893553448,613.625146088841,610.3429883405835,612.455078125,70030100
2025-07-02 00:00:00-04:00,612.0484833566157,615.2711481262035,611.4237773441516,615.2315063476562,66510400
2025-07-03 00:00:00-04:00,617.214676143094,621.0124795190609,617.194824993195,620.0803833007812,51065800
2025-07-07 00:00:00-04:00,618.1169852960921,618.7813935886118,612.6731706581298,615.4595336914062,74814500
2025-07-08 00:00:00-04:00,616.1238907210633,616.8775081543645,614.3093261623386,615.1224365234375,59024600
2025-07-09 00:00:00-04:00,617.5319680301938,619.4655183729625,615.6875662931247,618.8110961914062,66113300
2025-07-10 00:00:00-04:00,618.9499658515675,621.5974919629854,617.7699723301522,620.5563354492188,57529000
2025-07-11 00:00:00-04:00,617.5022136064131,619.6043777491163,616.3024294765994,618.3748168945312,63670200
2025-07-14 00:00:00-04:00,617.9186024028506,619.901780492049,616.5700558274259,619.5547485351562,51898500
2025-07-15 00:00:00-04:00,622.2420420602726,622.5791484786782,616.8279435196437,616.9072875976562,74317300
2025-07-16 00:00:00-04:00,618.4937831556223,619.4754466932056,612.8516386863737,618.9697265625,88987500
2025-07-17 00:00:00-04:00,619.1482908768893,623.1146474859103,618.9301097920578,622.7576293945312,68885700
2025-07-18 00:00:00-04:00,624.007017899032,624.175571102461,621.1909387049365,622.301513671875,65621600
2025-07-21 00:00:00-04:00,623.4815063476562,626.2281670376054,623.0551302914085,623.4815063476562,63375000
2025-07-22 00:00:00-04:00,623.8087114591411,624.4334174667899,620.9232136557434,623.5707397460938,60046300
2025-07-23 00:00:00-04:00,626.2381323551606,628.8757934570312,624.4334327911965,628.8757934570312,70511000
2025-07-24 00:00:00-04:00,629.2624631630094,630.7994747941685,628.6576082944551,629.083984375,71307100
2025-07-25 00:00:00-04:00,629.7484116245431,632.2174590489252,629.5005143245561,631.741455078125,56865400
2025-07-28 00:00:00-04:00,632.1182610848412,632.6735486135409,630.1945756243812,631.5828247070312,54917100
2025-07-29 00:00:00-04:00,632.980846392065,633.2981621509475,629.0046251365209,629.9168701171875,60556300
2025-07-30 00:00:00-04:00,630.5713386132512,632.3165451544952,626.2281734095909,629.1236572265625,80418900
2025-07-31 00:00:00-04:00,634.0816662163586,634.4683400166905,625.464753449126,626.7637329101562,103385200
2025-08-01 00:00:00-04:00,621.032217506902,621.0719198033348,614.0811684978922,616.49072265625,140103600
2025-08-04 00:00:00-04:00,620.4075271113948,625.9108344398344,620.3183179857707,625.8612670898438,73218000
2025-08-05 00:00:00-04:00,626.4760489706393,627.2891592865192,621.7660007962415,622.6881713867188,68051400
2025-08-06 00:00:00-04:00,623.7590952688204,628.1121858315174,622.8468502662965,627.457763671875,64357500
2025-08-07 00:00:00-04:00,630.8886206499576,631.6223868787783,623.8185857342208,626.9321899414062,74205800
2025-08-08 00:00:00-04:00,628.7269865749256,632.2868180975779,628.4096707981653,631.8207397460938,64051600
2025-08-11 00:00:00-04:00,632.0984361099556,633.5758942477272,629.3219380955197,630.5713500976562,58742300
2025-08-12 00:00:00-04:00,632.9214680410968,637.4431125105409,631.434084195598,637.2844848632812,64730800
2025-08-13 00:00:00-04:00,639.4857330110176,640.7549961752953,637.2745085703324,639.4659423828125,60092800
2025-08-14 00:00:00-04:00,637.3835243153912,640.1897383639256,636.9373576458678,639.525390625,59327500
2025-08-15 00:00:00-04:00,640.5566774831647,640.6558727131268,637.11589211782,638.0281372070312,68592500
2025-08-18 00:00:00-04:00,637.4529805837014,638.5834067295413,636.7787072305159,637.8892822265625,43804900
2025-08-19 00:00:00-04:00,637.7108075589789,638.6924711313014,633.1098193903536,634.4286499023438,69750700
2025-08-20 00:00:00-04:00,634.0221086228163,634.2798709561484,627.6263466835007,632.742919921875,88890300
2025-08-21 00:00:00-04:00,630.9283690027011,632.604096553562,628.4791123479844,630.2044677734375,54805800
2025-08-22 00:00:00-04:00,632.3959596753498,641.0624398986112,631.8902394824283,639.8824462890625,84083200
2025-08-25 00:00:00-04:00,638.6230253017661,639.8625116828326,636.9472372936925,637.0662231445312,51274300
2025-08-26 00:00:00-04:00,636.7985773675441,640.0807351008626,636.1738713484165,639.733642578125,51581600
2025-08-27 00:00:00-04:00,639.148612992103,641.9250504526357,638.9998504138363,641.1912841796875,48341100
2025-08-28 00:00:00-04:00,641.7961126896905,644.0172625669782,639.9121297324674,643.4619750976562,61519500
2025-08-29 00:00:00-04:00,642.0242015644989,642.3911452321481,637.7306640961879,639.6245727539062,74522200
2025-09-02 00:00:00-04:00,632.13804448044,635.1028861742022,629.5797276837342,634.884765625,81983500
2025-09-03 00:00:00-04:00,637.2645539172183,638.7916398746721,635.0731807265284,638.3255615234375,70820900
2025-09-04 00:00:00-04:00,638.999797688006,643.6900550422279,638.09747828346,643.6602783203125,65219200
2025-09-05 00:00:00-04:00,646.0004708304714,646.7243720544352,637.9190556866993,641.796142578125,85178900
2025-09-08 00:00:00-04:00,643.1644862104067,644.3742563254497,641.7861629025881,643.3727416992188,63133100
2025-09-09 00:00:00-04:00,643.5115612591451,645.3856792185645,641.7762803015634,644.8601684570312,66133900
2025-09-10 00:00:00-04:00,648.122479271532,649.0446498954948,645.1576374702139,646.724365234375,78034500
2025-09-11 00:00:00-04:00,648.6778210448584,652.7929404681626,648.092817304151,652.0988159179688,69934400
2025-09-12 00:00:00-04:00,652.0690195991697,653.5663289422531,651.374955591632,651.880615234375,72780100
2025-09-15 00:00:00-04:00,654.0918582328915,655.4800466805781,653.7943936028013,655.3511352539062,63772400
2025-09-16 00:00:00-04:00,655.9064595692537,656.213910313041,653.6655188822047,654.4488525390625,61169000
2025-09-17 00:00:00-04:00,654.4587781451693,656.1543568928759,648.7967821934204,653.6357421875,101952200
2025-09-18 00:00:00-04:00,656.3229362038169,659.2977035594738,654.7165666735059,656.6898193359375,90459200
2025-09-19 00:00:00-04:00,658.5800832029405,660.7874850308027,656.6311583459587,659.9423217773438,97945600
2025-09-22 00:00:00-04:00,658.4507703315647,663.5119177999496,658.4209110544651,663.0645141601562,69452200
2025-09-23 00:00:00-04:00,662.9452156846509,663.5617612775759,658.2320617574377,659.4551391601562,81708900
2025-09-24 00:00:00-04:00,660.7477220570149,660.8471316064555,655.9350982101993,657.3569946289062,68082200
2025-09-25 00:00:00-04:00,654.2149171420698,655.6765652531099,650.7048739536411,654.3242797851562,89622100
2025-09-26 00:00:00-04:00,655.7760789419195,658.619871988132,654.1553026157394,658.072998046875,69179200
2025-09-29 00:00:00-04:00,660.5985670660314,661.5134019828115,658.112721358766,659.9224243164062,73499000
2025-09-30 00:00:00-04:00,659.1766647693167,662.8756347075731,657.8641309647478,662.4082641601562,86288000
2025-10-01 00:00:00-04:00,659.4153308150761,665.5802405756418,659.3059681646932,664.6654663085938,72545400
2025-10-02 00:00:00-04:00,666.6540464714482,666.7733621981591,663.004842335434,665.4309692382812,56896000
2025-10-03 00:00:00-04:00,666.1966948783695,668.8714672806448,664.377038831869,665.421142578125,70494400
2025-10-06 00:00:00-04:00,667.8174482099862,668.7024238148077,665.669704301124,667.8074951171875,54623300
2025-10-07 00:00:00-04:00,668.7322238208072,669.1796881705657,663.8898014056139,665.3316040039062,72020100
2025-10-08 00:00:00-04:00,666.4552183740389,669.398481470165,665.6299006256374,669.2990112304688,60702200
2025-10-09 00:00:00-04:00,669.7166839203261,670.1243359074817,665.4211353124821,667.3600463867188,66501900
2025-10-10 00:00:00-04:00,668.324542434099,670.1342452495495,649.14378031214,649.32275390625,159422600
2025-10-13 00:00:00-04:00,656.9095884512618,661.3642043859337,656.0345659370097,659.2860107421875,79560500
2025-10-14 00:00:00-04:00,653.4492417720955,662.0602448848334,649.4718888267987,658.4805908203125,88779600
2025-10-15 00:00:00-04:00,663.0446741742268,666.4353410824248,655.1993304017814,661.4039916992188,81702600
2025-10-16 00:00:00-04:00,663.0446615126489,664.9239754340409,653.3896149312258,656.899658203125,110563300
2025-10-17 00:00:00-04:00,655.7660892614911,661.9906565438909,654.4138037793879,660.62841796875,96500900
2025-10-20 00:00:00-04:00,663.5418206897375,668.4041493887289,663.4921159142255,667.499267578125,60493400
2025-10-21 00:00:00-04:00,667.6384328159621,669.1796448635298,666.1866772188026,667.4892578125,56249000
2025-10-22 00:00:00-04:00,668.1953369980629,668.1953369980629,659.5445816579371,664.0191040039062,80564000
2025-10-23 00:00:00-04:00,664.3372592841532,668.9012985038863,664.019063764971,667.9566650390625,65604500
2025-10-24 00:00:00-04:00,672.6300829996666,674.628651928334,671.8246714345047,673.4155883789062,74356500
2025-10-27 00:00:00-04:00,678.8645527756448,681.658640907831,678.2580209918731,681.3603515625,63339800
2025-10-28 00:00:00-04:00,683.1600908523567,685.0095454543999,680.9526890414517,683.1700439453125,61738100
2025-10-29 00:00:00-04:00,684.8205950917289,685.795087823854,679.0037407351697,683.4981689453125,85657100
2025-10-30 00:00:00-04:00,680.0279207971732,682.0563488815194,675.98095703125,675.98095703125,76335800
2025-10-31 00:00:00-04:00,681.1614729090464,681.2012852815519,675.3943230278239,678.1983642578125,87164100
2025-11-03 00:00:00-05:00,681.7878948104295,681.9171636388411,676.0903560257897,679.4711303710938,57315000
2025-11-04 00:00:00-05:00,672.2820616639051,676.1103005794487,670.7607556049009,671.4169921875,78427000
2025-11-05 00:00:00-05:00,671.1583975728993,677.0051112074705,670.3529860359731,673.7437133789062,74402400
2025-11-06 00:00:00-05:00,672.6399897028363,673.5448715272548,664.9338680034818,666.514892578125,85035300
2025-11-07 00:00:00-05:00,664.1284090392404,667.2805048704689,657.4663915648358,667.1710815429688,100592400
2025-11-10 00:00:00-05:00,673.4056760856186,678.317709828293,671.2082272333661,677.5819091796875,75842900
2025-11-11 00:00:00-05:00,676.1002762110339,679.6997756663966,674.8871520395073,679.1329956054688,58953400
2025-11-12 00:00:00-05:00,680.9128544582501,681.081935653801,677.0946296424269,679.5108642578125,62312500
2025-11-13 00:00:00-05:00,676.6471697129602,677.0051169124795,666.723693536663,668.2350463867188,103457800
2025-11-14 00:00:00-05:00,661.6128286383953,671.8345948923219,659.5147893727298,668.125732421875,96846700
2025-11-17 00:00:00-05:00,665.9083353081996,669.8956413839408,658.4209391867944,661.901123046875,90456100
2025-11-18 00:00:00-05:00,658.351356546523,661.3542775984923,652.1466953365565,656.3428344726562,114467500
2025-11-19 00:00:00-05:00,657.0389163187169,663.561773390439,655.020380360944,658.87841796875,94703000
2025-11-20 00:00:00-05:00,669.1001291109939,671.7351497651099,648.1991802397498,648.8355712890625,165293500
2025-11-21 00:00:00-05:00,651.3412595795126,660.7874729698119,647.1650267848305,655.2987670898438,123956200
2025-11-24 00:00:00-05:00,658.9380055466532,666.2662734630499,657.8442577670318,664.9437866210938,80437900
2025-11-25 00:00:00-05:00,664.8443455838128,672.3814460202411,660.7178178396566,671.1981811523438,81077100
2025-11-26 00:00:00-05:00,673.7934667684052,677.8404309302599,672.8885849296569,675.8318481445312,71879600
2025-11-28 00:00:00-05:00,677.0051081523229,679.7991961322198,676.6471609574353,679.5208129882812,49212000
2025-12-01 00:00:00-05:00,674.9667623359846,679.1230890446475,674.8971513739515,676.4185180664062,61201200
2025-12-02 00:00:00-05:00,678.0591325179204,679.9483994968172,675.4838303983408,677.67138671875,62953800
2025-12-03 00:00:00-05:00,676.7167950740063,681.0321891246488,675.8417725523884,680.0180053710938,57238500
2025-12-04 00:00:00-05:00,681.4199577792665,681.4895687361658,677.4824173401821,680.51513671875,61970300
2025-12-05 00:00:00-05:00,681.5890143183475,684.4925257185774,680.7040993957534,681.8078002929688,79241000
2025-12-08 00:00:00-05:00,682.7027235077143,682.7524282821314,677.7111260885928,679.7594604492188,55231500
2025-12-09 00:00:00-05:00,679.2821528162136,681.5094606319436,678.7253258622812,679.1727294921875,58310100
2025-12-10 00:00:00-05:00,678.6955405173951,685.0692222502689,677.4526176554032,683.6771850585938,85671300
2025-12-11 00:00:00-05:00,681.2609148661827,685.3476304583654,678.3076987410943,685.26806640625,86173700
2025-12-12 00:00:00-05:00,684.2737056052856,684.9797075791527,675.3246617594549,677.9000244140625,113160300
2025-12-15 00:00:00-05:00,681.8574988128718,681.8774049984522,675.4042533093998,676.8758544921875,90811000
2025-12-16 00:00:00-05:00,675.3843754405706,677.2239376857725,671.1584377196804,675.0264282226562,122030600
2025-12-17 00:00:00-05:00,676.0406154817738,676.5874893555698,667.3998140691156,667.5986938476562,110625200
2025-12-18 00:00:00-05:00,673.7635606688432,676.8857972779194,671.0788959983324,672.6399536132812,108650100
2025-12-19 00:00:00-05:00,674.747283458469,679.2350273728672,674.6275542880097,678.7363891601562,103599500
2025-12-22 00:00:00-05:00,682.0772531068674,683.4933686131409,678.7364013691785,682.96484375,69556700
2025-12-23 00:00:00-05:00,682.0572680421344,686.325640311278,682.0074163952171,686.0863037109375,64840000
2025-12-24 00:00:00-05:00,686.0763204450832,688.9484813838191,685.9267046355759,688.4996948242188,39445600
2025-12-26 00:00:00-05:00,688.758988861415,689.7761694005526,687.392725060237,688.4298706054688,41613300
2025-12-29 00:00:00-05:00,685.6674092439482,687.322922191004,684.2014421207446,685.9765625,62559500
2025-12-30 00:00:00-05:00,685.5777200962995,686.6846823672308,684.7100944386586,685.138916015625,47160700
2025-12-31 00:00:00-05:00,685.2685588951464,685.4879304984822,679.8533550408816,680.062744140625,74144800
2026-01-02 00:00:00-05:00,683.842447277036,684.999261161205,677.9684744567207,681.309326171875,89377200
2026-01-05 00:00:00-05:00,684.6701449336617,687.5522884526621,684.5106074856512,685.846923828125,71927200
2026-01-06 00:00:00-05:00,686.0563439630641,690.4344019511112,685.9067890249802,689.92578125,69273800
2026-01-07 00:00:00-05:00,690.3047811958188,692.0699799720542,687.4426026835383,687.701904296875,75588300
2026-01-08 00:00:00-05:00,686.9439569075789,688.7390423054183,685.6175622141362,687.632080078125,64019200
2026-01-09 00:00:00-05:00,688.7489932725086,693.4162394407576,687.3029303433501,692.1796264648438,80125500
2026-01-12 00:00:00-05:00,688.7988836287034,694.1941832506386,688.7490319805348,693.2666625976562,63976000
2026-01-13 00:00:00-05:00,693.595779418591,694.194181802135,689.467040360938,691.8804931640625,78309700
2026-01-14 00:00:00-05:00,689.1180078469732,689.8360176539858,684.1714948792828,688.479736328125,94676700
2026-01-15 00:00:00-05:00,692.678285342935,693.5558934557131,689.3673203481677,690.3546142578125,77862000
2026-01-16 00:00:00-05:00,691.7707369284135,692.359156800422,688.22043529661,689.7761840820312,79289200
2026-01-20 00:00:00-05:00,679.6338820353151,682.9049778344743,674.7272992054969,675.7345581054688,111623300
2026-01-21 00:00:00-05:00,677.7989248999835,686.8641332264262,676.2830453044572,683.5332641601562,127844500
2026-01-22 00:00:00-05:00,687.9711412752974,689.2476843606095,685.0491285530771,687.103515625,77112200
2026-01-23 00:00:00-05:00,686.2757685331861,689.0781127396581,685.2884137823622,687.352783203125,63059600
2026-01-26 00:00:00-05:00,688.609372319757,692.2394730275811,688.0409174669724,690.84326171875,60473800
2026-01-27 00:00:00-05:00,692.2893344912051,694.6329705879123,691.6810104865692,693.5957641601562,55506100
2026-01-28 00:00:00-05:00,695.1515053497095,695.9393926651097,692.0499903412962,693.5259399414062,61172200
2026-01-29 00:00:00-05:00,694.4933553961189,695.1615135683285,682.9648421722587,692.1497192382812,97486200
2026-01-30 00:00:00-05:00,689.9058246991844,692.3192774332931,685.2485609149509,690.0853271484375,101835100
2026-02-02 00:00:00-05:00,687.7019133171445,695.0318708971434,687.5423149981101,693.5159912109375,79286500
2026-02-03 00:00:00-05:00,694.3138377504575,695.0617950648859,682.1670182684101,687.6520385742188,107904600
2026-02-04 00:00:00-05:00,688.4697490630058,689.5667896413613,679.9031787408285,684.3211059570312,105204600
2026-02-05 00:00:00-05:00,679.0854402743204,681.8279505601881,673.9494421186707,675.7744750976562,113610800
2026-02-06 00:00:00-05:00,679.6039887472712,690.4244132010324,678.995603890688,688.739013671875,89127600
2026-02-09 00:00:00-05:00,687.5423060693106,693.9747512796714,686.4652913399738,692.0599975585938,73885200
2026-02-10 00:00:00-05:00,693.0572335194393,694.64286887948,689.7761552680904,690.2349243164062,65185700
2026-02-11 00:00:00-05:00,694.4933668556342,695.2413241987686,687.3029816841566,690.075439453125,76353900
2026-02-12 00:00:00-05:00,692.3491972008484,693.4561594586687,678.5169776231163,679.41455078125,118829000
2026-02-13 00:00:00-05:00,679.833354327075,684.410879804094,675.6747287653898,679.8931884765625,96267500
2026-02-17 00:00:00-05:00,678.287593220413,683.074507822494,673.9394826742099,680.9901733398438,81354700
2026-02-18 00:00:00-05:00,682.157061237011,687.2730943282486,680.9702998190471,684.4208374023438,73570300
2026-02-19 00:00:00-05:00,681.9775120282383,684.311104689823,679.6937101433548,682.61572265625,58649400
2026-02-20 00:00:00-05:00,680.4616860592505,688.1805961724377,679.8732661615737,687.5523071289062,100034000
2026-02-23 00:00:00-05:00,685.9566804858357,688.1207533479937,678.5169762252317,680.531494140625,90558100
2026-02-24 00:00:00-05:00,680.0427976196477,686.4751816677359,678.1479481229125,685.4779052734375,73798700
2026-02-25 00:00:00-05:00,688.3002642742074,691.7907319065998,688.2204651135966,691.26220703125,56369500
2026-02-26 00:00:00-05:00,691.391808867856,691.4117130049051,682.486077089091,687.422607421875,71671000
2026-02-27 00:00:00-05:00,681.2295779636313,684.9892686841309,679.7835149777827,684.1216430664062,83308900
2026-03-02 00:00:00-05:00,676.8515442239554,686.744509644098,676.1734035367807,684.5106201171875,87477200
2026-03-03 00:00:00-05:00,673.221445388408,680.7508704958498,667.8361281509542,678.4771118164062,105003100
2026-03-04 00:00:00-05:00,679.7735096903759,685.2186606854194,677.7689744100875,683.2639770507812,79182200
2026-03-05 00:00:00-05:00,680.2223290726917,683.6629449535216,673.7699188745959,679.4544067382812,106606500
2026-03-06 00:00:00-05:00,671.5758690877306,674.2685275228549,667.9358467743081,670.5487060546875,100687000
2026-03-09 00:00:00-04:00,664.5750801817165,678.0681991431876,660.5859743093405,676.4227294921875,102667700
2026-03-10 00:00:00-04:00,675.87413967305,681.4987932365287,672.9222404542279,675.3356323242188,81505300
2026-03-11 00:00:00-04:00,675.7345715953234,678.2277626375325,671.5061293267642,674.4879760742188,68441700
2026-03-12 00:00:00-04:00,669.3319958917509,669.8207124533001,664.0564256954588,664.2459106445312,108882200
2026-03-13 00:00:00-04:00,667.4472371497842,670.5088831921612,659.5587462493693,660.4862060546875,97200200
2026-03-16 00:00:00-04:00,666.5596317087426,670.239584206393,665.3030536555561,667.2078857421875,82023100
2026-03-17 00:00:00-04:00,670.5586914524959,672.60309589337,667.8760155087483,668.9630126953125,87128000
2026-03-18 00:00:00-04:00,666.5396583763402,667.8959397089973,659.3892034355257,659.6285400390625,82062600
2026-03-19 00:00:00-04:00,655.1806813207687,661.1743225351036,653.3855958813168,658.0029907226562,111272500
2026-03-20 00:00:00-04:00,656.510009765625,656.6900024414062,644.719970703125,648.5700073242188,163617500
2026-03-23 00:00:00-04:00,658.0700073242188,662.6199951171875,653.9400024414062,655.3800048828125,134802700
2026-03-24 00:00:00-04:00,651.3200073242188,657.030029296875,649.8800048828125,653.1799926757812,96457500
2026-03-25 00:00:00-04:00,658.6699829101562,660.8900146484375,654.239990234375,656.8200073242188,90653800
2026-03-26 00:00:00-04:00,652.0599975585938,654.8499755859375,644.8200073242188,645.0900268554688,96494400
2026-03-27 00:00:00-04:00,642.5,642.6599731445312,633.1099853515625,634.0900268554688,103649400
2026-03-30 00:00:00-04:00,640.1099853515625,640.3699951171875,629.280029296875,631.969970703125,99275900
2026-03-31 00:00:00-04:00,638.9400024414062,651.5399780273438,637.97998046875,650.3400268554688,152534100
2026-04-01 00:00:00-04:00,653.9000244140625,658.52001953125,653.0,655.239990234375,97841500
2026-04-02 00:00:00-04:00,646.4199829101562,658.2000122070312,645.1099853515625,655.8300170898438,68358700
2026-04-06 00:00:00-04:00,655.8599853515625,659.719970703125,655.52001953125,658.9299926757812,39105800
2026-04-07 00:00:00-04:00,656.6500244140625,659.6099853515625,651.0599975585938,659.219970703125,69980400
2026-04-08 00:00:00-04:00,676.3900146484375,677.0800170898438,671.4600219726562,676.010009765625,93606100
2026-04-09 00:00:00-04:00,674.8400268554688,681.1599731445312,673.77001953125,679.9099731445312,57134400
2026-04-10 00:00:00-04:00,681.3200073242188,682.030029296875,678.4500122070312,679.4600219726562,42253500
2026-04-13 00:00:00-04:00,677.4099731445312,686.2999877929688,676.5800170898438,686.0999755859375,54185800
2026-04-14 00:00:00-04:00,687.6900024414062,694.5800170898438,687.6599731445312,694.4600219726562,63480500
2026-04-15 00:00:00-04:00,695.260009765625,700.280029296875,694.2000122070312,699.9400024414062,58240400
2026-04-16 00:00:00-04:00,701.0599975585938,702.780029296875,698.530029296875,701.6599731445312,49972400
2026-04-17 00:00:00-04:00,706.1400146484375,712.3900146484375,705.760009765625,710.1400146484375,70661900
2026-04-20 00:00:00-04:00,708.780029296875,709.9099731445312,706.1400146484375,708.719970703125,43546800
2026-04-21 00:00:00-04:00,710.280029296875,711.280029296875,702.6400146484375,704.0800170898438,58941400
2026-04-22 00:00:00-04:00,709.1500244140625,711.4500122070312,708.219970703125,711.2100219726562,42518500
2026-04-23 00:00:00-04:00,709.5,712.3599853515625,702.280029296875,708.4500122070312,56174000
2026-04-24 00:00:00-04:00,710.75,714.469970703125,709.010009765625,713.9400024414062,45182000
2026-04-27 00:00:00-04:00,713.1699829101562,715.6300048828125,712.2999877929688,715.1699829101562,33135900
2026-04-28 00:00:00-04:00,711.8200073242188,712.8800048828125,709.25,711.6900024414062,43117400
2026-04-29 00:00:00-04:00,711.0,712.2000122070312,708.3699951171875,711.5800170898438,41859200
2026-04-30 00:00:00-04:00,714.6300048828125,719.7899780273438,710.4500122070312,718.6599731445312,67240900
2026-05-01 00:00:00-04:00,721.25,724.8699951171875,720.469970703125,720.6500244140625,42888700
