Date,Open,High,Low,Close,Volume,SMA_10,SMA_50,RSI_14,Daily_Return,MACD,BB_Width,Target,AI_Prediction
2024-05-13 00:00:00-04:00,510.1446354052488,510.2520076444844,507.3916278750611,508.5338134765625,36716400,500.95525817871095,500.3772534179688,69.56412658996922,0.0001342624349851,2.5248529083098106,0.0639202506894404,1,1
2024-05-14 00:00:00-04:00,508.72906418826113,511.3844713761404,508.19214341702855,510.8670349121094,57535900,503.03660888671874,500.6230078125001,71.73754999563184,0.0045881343063423,3.030341057893679,0.0684392016120504,1,1
2024-05-15 00:00:00-04:00,513.3369504006804,517.4859756907869,512.7023697575905,517.193115234375,59504900,505.90968627929686,501.0949420166016,78.75747912274132,0.0123830270695661,3.896489564809429,0.0752254332548818,0,1
2024-05-16 00:00:00-04:00,517.2906967075278,518.8917465910545,515.9825072697596,516.1289672851562,50244800,508.2194732666016,501.4955694580079,74.30406183340314,-0.0020575446924433,4.445802210292243,0.0784121251508265,1,1
2024-05-17 00:00:00-04:00,516.2460410203236,516.9391936348987,514.7914513506761,516.870849609375,59187600,509.9923156738281,501.8125457763672,73.652083590722,0.0014373971841206,4.88469244888114,0.0773034830007381,1,1
2024-05-20 00:00:00-04:00,516.988021010064,518.9307313200704,516.5975007250751,517.4663696289062,37764200,511.30926208496095,502.2015771484376,91.88554524734104,0.0011521640657068,5.220392182109947,0.0775333323909483,1,1
2024-05-21 00:00:00-04:00,516.7050565718225,518.8918276886369,516.5000244352296,518.735595703125,33437000,512.6974822998047,502.62455627441415,96.71574989592496,0.0024527701677095,5.525161948456457,0.0800025545501552,0,1
2024-05-22 00:00:00-04:00,518.0423461143242,518.7549830261315,515.0647631915122,517.2418212890625,48390000,513.9314422607422,502.9106060791016,91.27779864782882,-0.0028796450955669,5.581815379675049,0.0802384787726729,0,1
2024-05-23 00:00:00-04:00,520.2975559093766,520.4049281460258,512.2532779910508,513.4638671875,57211200,514.4966979980469,503.1368652343751,76.52787466097163,-0.0073040383551105,5.261216283443275,0.0768179471677774,1,1
2024-05-24 00:00:00-04:00,515.3089561408403,517.6715030328614,514.3620306627067,516.8612060546875,41291100,515.3362640380859,503.45092346191416,74.89355269761226,0.0066165101077051,5.221090561744518,0.0761516984523964,1,1
2024-05-28 00:00:00-04:00,517.6714434796838,517.9057318355667,514.5864879004678,517.2223510742188,36269600,516.2051177978516,503.8410290527344,74.69769686569965,0.0006987272701077,5.158962712265122,0.0755798295449654,0,1
2024-05-29 00:00:00-04:00,513.1905202395113,514.7817983278129,512.8878878194378,513.6005249023438,45190300,516.478466796875,504.0995379638673,65.19953840279689,-0.0070024548713968,4.7625748425546135,0.0675681957909002,0,1
2024-05-30 00:00:00-04:00,512.0580132889513,512.721850102888,508.9438017208339,510.193359375,46377600,515.7784912109375,504.23425598144536,54.09121166536505,-0.0066338824867665,4.125943508348769,0.0548371560417842,1,1
2024-05-31 00:00:00-04:00,511.1501711708498,514.9672481577884,506.0443890267406,514.84033203125,90785800,515.6496276855469,504.36878234863286,59.62827108813028,0.0091082578219807,3.950837649189338,0.0441549337216805,1,1
2024-06-03 00:00:00-04:00,516.4511771729021,516.7342656913833,510.1836653006741,515.2601318359375,46835700,515.4885559082031,504.4781213378907,60.05246796462244,0.0008153980536669,3.802110961627079,0.0375925870303026,1,1
2024-06-04 00:00:00-04:00,513.9520429838191,516.578134600827,512.4876809576447,515.836181640625,34632700,515.325537109375,504.6183105468751,57.83804703723565,0.0011179786074948,3.6882109946900528,0.0345185724210267,1,1
2024-06-05 00:00:00-04:00,518.1596136281009,521.9864628385163,516.1680432425981,521.9669189453125,47610400,515.6486694335938,504.90923034667975,57.57661473126237,0.0118850470806226,4.046003899661059,0.0339269477874275,0,1
2024-06-06 00:00:00-04:00,522.2694966184689,522.6990451286446,520.0241537818829,521.9570922851562,30808500,516.1201965332032,505.2186975097657,59.57023733162284,-1.8826212542566445e-05,4.2794337765385535,0.0319460975681341,0,1
2024-06-07 00:00:00-04:00,520.9808506310355,524.1341502130953,519.8874652579173,521.3225708007812,43224500,516.9060668945312,505.4303466796876,57.335940344503655,-0.0012156583247044,4.362934857657251,0.0308174444999038,1,1
2024-06-10 00:00:00-04:00,520.5122296802525,523.2554648254413,519.9167369014993,522.9332885742188,35686100,517.5132751464844,505.6761614990235,58.717207067974165,0.0030896758814094,4.507126183962782,0.030229623966561,1,1
2024-06-11 00:00:00-04:00,521.3811694677967,524.2513211148034,519.4091430834137,524.1927490234375,36383400,518.2103149414063,505.9649346923829,58.7043462345744,0.0024084533854265,4.66920311437957,0.0294348177232709,1,1
2024-06-12 00:00:00-04:00,528.7615289974312,531.1923600659605,527.4631115100716,528.4979248046875,63251300,519.7000549316406,506.4046325683594,66.47619251826123,0.0082129632454293,5.0864089983742815,0.0329920757815732,1,1
2024-06-13 00:00:00-04:00,530.2455146530901,530.4212309464041,526.770097820224,529.5621337890625,44760900,521.6369323730469,506.8544879150392,75.59754189683886,0.0020136483691364,5.440209094293209,0.0383587963153211,1,1
2024-06-14 00:00:00-04:00,528.0294558754849,529.9135946368305,527.0238986275654,529.8843383789062,40089900,523.1413330078125,507.4345727539063,72.95244733881083,0.0006084358553704,5.681109147045618,0.0425105628616338,1,1
2024-06-17 00:00:00-04:00,529.2008719569648,535.4976399183048,528.7420075865693,534.1015625,55839500,525.0254760742188,507.9943487548829,76.18889787476633,0.0079587634803393,6.141523259038195,0.049071493999526,1,1
2024-06-18 00:00:00-04:00,534.1600786870761,535.5854122094039,533.7403021449248,535.45849609375,41376400,526.9877075195312,508.5756024169922,86.47737435345837,0.0025405909456592,6.540503111992052,0.0551529846710237,0,1
2024-06-20 00:00:00-04:00,536.385998334327,537.0498352385172,532.2272010481894,534.0039672851562,70328200,528.1914123535156,509.1160498046875,92.50624878783324,-0.002716417461306,6.662527728726332,0.0590682487295061,0,1
2024-06-21 00:00:00-04:00,533.1803062748603,534.4045446160707,531.828742363983,533.2880249023438,64338600,529.3245056152343,509.74370727539065,88.30925540517589,-0.0013407061120768,6.62509260612876,0.0613963404596685,0,1
2024-06-24 00:00:00-04:00,533.1117619254674,535.6777608035513,531.4369822915095,531.5545043945312,45528700,530.3476989746093,510.2609387207031,82.08683988490579,-0.0032506271036742,6.381976927047276,0.06068404708598,1,1
2024-06-25 00:00:00-04:00,532.7786650161994,533.9637491221667,531.2606215926918,533.6013793945312,37936200,531.4145080566407,510.9587097167969,83.06767703161745,0.0038507339944968,6.282056073897479,0.0615821760505442,1,1
2024-06-26 00:00:00-04:00,532.4849577215607,534.9823921713983,531.8385861304241,534.2674560546875,38550600,532.4219787597656,511.7947607421875,78.74331093184853,0.0012482663761328,6.185314443050061,0.0622013019976342,1,1
2024-06-27 00:00:00-04:00,534.1304113442721,535.6876691801702,533.3860646945234,535.1098022460938,35041500,533.0831665039062,512.6656219482422,79.58359417042821,0.0015766376593973,6.106227511722864,0.0604753550971423,0,1
2024-06-28 00:00:00-04:00,535.883439640916,538.9391939081404,531.76024266257,533.0040283203125,76144500,533.4273559570313,513.5525518798828,74.64339701841537,-0.0039352183737662,5.806696212339034,0.0538617099129278,1,1
2024-07-01 00:00:00-04:00,534.3849539324244,534.6298016081159,531.3390631933655,534.1009521484375,40297800,533.8490173339844,514.4815307617188,74.08153219671544,0.0020580028852348,5.5933514117907634,0.0497898780493497,1,1
2024-07-02 00:00:00-04:00,532.4946896868087,537.6952514648438,532.4457321114778,537.6952514648438,40434800,534.2083862304687,515.5675231933594,76.4526381491942,0.0067296253675415,5.64918376239325,0.0460565912275896,1,1
2024-07-03 00:00:00-04:00,537.381917105902,540.457218430894,537.3427629954197,540.0948486328125,32789900,534.672021484375,516.6124743652343,74.55263457144925,0.0044627456936461,5.819969751194435,0.0422391460161949,1,1
2024-07-05 00:00:00-04:00,540.3983822148235,543.6107523683424,539.7617544001083,543.209228515625,41488400,535.5925476074219,517.6039312744141,76.58529161375624,0.0057663573179713,6.135892556420345,0.0439569341774271,1,1
2024-07-08 00:00:00-04:00,543.9927357696513,544.7860397915607,542.7684974779849,543.8360595703125,36110500,536.6473510742187,518.6126104736328,76.85993142395179,0.0011539403636429,6.363489339163152,0.0445381760220691,1,1
2024-07-09 00:00:00-04:00,544.795863484972,545.6968861634513,544.0711239537649,544.3649291992188,27289700,537.9283935546875,519.66935546875,73.02969461738837,0.0009724798854346,6.51147654003762,0.0433290127500407,1,1
2024-07-10 00:00:00-04:00,545.5891764995068,550.0943497431794,545.2953712492263,549.7515869140625,38701200,539.5434143066407,520.7406994628906,77.1601415893075,0.0098953063026445,6.982920956265389,0.0459308368277198,0,1
2024-07-11 00:00:00-04:00,549.8690906630567,550.7407626908513,544.3747234457534,545.0112915039062,53054200,540.6177978515625,521.6820935058594,68.59446529467563,-0.0086226134184806,6.894565569237443,0.0439459775175686,1,1
2024-07-12 00:00:00-04:00,546.1376877405125,552.0531865568831,545.667599292853,548.4490356445312,53084400,541.9517211914062,522.8500036621094,73.45439575173643,0.0063076567297144,7.021006715185877,0.0457523955088583,1,1
2024-07-15 00:00:00-04:00,550.4469707289841,553.1990561394715,548.0964091939553,549.957275390625,40584300,543.6470458984375,524.07990234375,78.66929863096018,0.0027500089307683,7.160374239874386,0.0478596054304308,1,0
2024-07-16 00:00:00-04:00,551.2695891404957,553.5123721227574,550.5154392403327,553.2185668945312,36475300,545.5588073730469,525.2836517333984,79.44698940887602,0.0059300815714999,7.448125620043129,0.0510747255758211,0,1
2024-07-17 00:00:00-04:00,547.2834441243654,548.9582235359038,545.1385763631698,545.4617919921875,57119000,546.3354614257812,526.2100390625,63.85436778796036,-0.0140211760170777,6.969918867338265,0.0508883748664413,0,1
2024-07-18 00:00:00-04:00,546.9995524787638,547.988746727991,539.0860582622142,541.2700805664062,56270400,546.4529846191406,526.9495025634766,57.04041630045062,-0.0076847021868788,6.181444644019052,0.050180450230087,0,1
2024-07-19 00:00:00-04:00,541.0349619096787,542.6607838512468,536.6179005483158,537.6756591796875,65509100,545.8996276855469,527.6059478759765,55.16338811085026,-0.0066407169281506,5.206515900950649,0.0491380696506403,1,1
2024-07-22 00:00:00-04:00,541.6030975244146,543.8263337080781,539.6639229224022,543.2191162109375,43346700,545.8379333496093,528.3722857666015,59.17605204709397,0.0103100390293051,4.825562422111375,0.0474724322748236,0,1
2024-07-23 00:00:00-04:00,543.111291105197,545.2659625762393,541.8773090500791,542.3670043945312,34439600,545.6381408691407,529.0633996582031,54.97605005304875,-0.0015686337077934,4.404127700662343,0.0443476971042506,0,1
2024-07-24 00:00:00-04:00,537.5483785668235,537.8519873002513,529.1549928867055,530.0756225585938,74515300,543.6705444335937,529.495601196289,41.18556097644793,-0.0226624808226653,3.0432452202993545,0.0465567267741363,0,1
2024-07-25 00:00:00-04:00,530.1930703849662,536.1771923025162,526.373482961852,527.3136596679688,61158300,541.90078125,529.8711981201172,35.92857984194892,-0.0052105072806281,1.722018371528634,0.050948701456391,1,1
2024-07-26 00:00:00-04:00,531.1040855758291,535.9128682273114,530.3303285661854,533.2195434570312,53763800,540.37783203125,530.3182482910156,41.40513435762223,0.0111999446264701,1.13836962279845,0.0517038381420331,1,1
2024-07-29 00:00:00-04:00,534.7668786438925,535.775619885458,531.534841817287,533.5328369140625,39515800,538.7353881835937,530.6450427246094,41.19989249839095,0.0005875505893877,0.6931141595645158,0.0514681839869902,0,1
2024-07-30 00:00:00-04:00,535.0019870020752,536.059745722708,527.4215123549488,530.8297729492188,46853600,536.4965087890625,530.9390588378906,33.926869758987294,-0.0050663497686068,0.1207395155666972,0.0530402971453137,1,1
2024-07-31 00:00:00-04:00,537.665950025587,542.0928156342903,536.2948387521341,539.458251953125,65663400,535.8961547851562,531.3908068847657,45.57525437873812,0.0162547005529993,0.3592336094349093,0.0527925726324816,0,1
2024-08-01 00:00:00-04:00,541.1818806021787,543.4344670666311,528.3126735436618,531.8189086914062,76428700,534.9510375976563,531.6778576660156,37.58045165972002,-0.0141611389464527,-0.0674121739044721,0.0550219510924287,0,1
2024-08-02 00:00:00-04:00,524.7086595069954,525.9230946235249,517.7059908635142,521.9174194335938,82789100,533.3752136230469,531.741494140625,31.3922752455148,-0.0186181594824751,-1.1907729743074924,0.0630558095974079,0,1
2024-08-05 00:00:00-04:00,501.0954096971676,512.7893355901078,499.7536194987989,506.7171020507813,146267400,529.7250122070312,531.5309997558594,23.36188233188072,-0.0291239893838156,-3.2698898259666294,0.0831096186178766,1,1
2024-08-06 00:00:00-04:00,508.5191877541787,518.8322000557341,507.1970342793821,511.3888549804688,84826300,526.627197265625,531.4894995117188,29.766344740998814,0.0092196472366534,-4.488888381155107,0.0932964380211944,0,1
2024-08-07 00:00:00-04:00,517.5786158200011,520.6343700428232,507.3733806496258,507.9707946777344,70698300,524.416714477539,531.3116912841797,30.04238622716487,-0.0066838771894334,-5.665454585225575,0.1015323833874531,1,1
2024-08-08 00:00:00-04:00,513.1125407389065,520.3404486814812,511.08525465156777,519.7136840820312,63276600,523.6567169189453,531.3615179443359,40.19258967967261,0.02311725305339,-5.585947418439787,0.1025438556111964,1,1
2024-08-09 00:00:00-04:00,518.8909769209239,523.4941251002426,517.6667385635127,522.0054321289062,45619600,522.5353057861328,531.5296160888672,37.99068320406008,0.0044096357611267,-5.277180450199353,0.1003857793683617,1,1
2024-08-12 00:00:00-04:00,523.2004149594696,524.6890484241525,520.0075911785743,522.27978515625,42542100,521.4100006103515,531.7713446044922,38.55351078674288,0.0005255750428205,-4.953244487713619,0.096134113810783,1,1
2024-08-13 00:00:00-04:00,525.4725645280489,531.1040615199245,525.2277168327499,530.8689575195312,52333100,521.4139190673828,532.0919171142579,50.4719882696499,0.016445538593288,-3.957825132140101,0.0871503660739636,1,1
2024-08-14 00:00:00-04:00,531.6621646835201,533.7287242856177,528.9884474672805,532.5436401367188,42446900,520.7224578857422,532.4375872802734,53.15231762741819,0.0031546064117449,-2.9992418370046607,0.0824947549919741,1,1
2024-08-15 00:00:00-04:00,538.1751381862979,541.9555715802455,537.567920792545,541.6715698242188,60846800,521.7077239990234,532.9542950439453,54.90390015843707,0.0171402472953325,-1.4858817094825554,0.082684500957263,1,1
2024-08-16 00:00:00-04:00,540.0555332245729,543.581375155023,539.8988570348282,542.885986328125,44430700,523.8045806884766,533.3726763916015,55.37057688439112,0.0022419794051593,-0.1863910427706514,0.0848602079940984,1,1
2024-08-19 00:00:00-04:00,543.2973511166235,548.0767822265625,542.4452860411917,548.0767822265625,39121800,527.9405487060546,533.8950701904297,59.62816196914354,0.0095614844169142,1.247933124389192,0.0876932581972518,0,1
2024-08-20 00:00:00-04:00,547.6263456901657,549.2815184001456,545.8438474042439,547.1856079101562,33732300,531.5202239990234,534.4123309326172,54.72169926723314,-0.0016260026793798,2.286379086246825,0.0902322274329196,1,1
2024-08-21 00:00:00-04:00,548.2334599233565,550.5252003042482,543.2972933603506,549.06591796875,41514600,535.629736328125,534.9349835205078,61.33641066952522,0.0034363295222166,3.2239169916783794,0.0961964777814243,0,1
2024-08-22 00:00:00-04:00,550.9660160166799,551.5732334533072,543.5422179587766,544.7566528320312,56121500,538.134033203125,535.3462615966797,66.20335448469854,-0.0078483566284003,3.577956399652294,0.0990179976601263,1,1
2024-08-23 00:00:00-04:00,547.9984691071246,551.4850973665338,545.8045838781815,550.5448608398438,50639400,540.9879760742188,535.7872003173828,85.8862951468537,0.0106253094436228,4.276300661227651,0.1042194620596412,0,1
2024-08-26 00:00:00-04:00,551.5733022984582,552.2882384520825,547.5284135216066,549.2325439453125,35788600,543.683251953125,536.1806085205078,82.79046670135928,-0.0023836693208421,4.6700174596363695,0.108120817057477,1,1
2024-08-27 00:00:00-04:00,547.9592873998898,550.476328645617,546.8134170306081,549.9866333007812,32693900,545.59501953125,536.5826544189454,88.16752097893374,0.0013729873871854,4.985420740767268,0.1117364793217339,0,1
2024-08-28 00:00:00-04:00,549.6439450462528,550.0748793992682,543.601060631449,546.7938842773438,41066000,547.0200439453125,536.8365008544922,79.12399962190435,-0.0058051393072519,4.921025432196757,0.1134769201586139,1,1
2024-08-29 00:00:00-04:00,548.7623394799141,552.0628809883677,545.6968421488655,546.8427124023438,38715200,547.537158203125,537.064185180664,78.0658074056091,8.929895963372125e-05,4.818388326539434,0.1152862730093134,1,1
2024-08-30 00:00:00-04:00,549.212926690368,552.5722295246512,545.657733766081,552.0629272460938,62700100,548.4548522949219,537.4253643798828,80.27101837848032,0.0095460993176941,5.099491626434201,0.1161955454081245,0,1
2024-09-03 00:00:00-04:00,548.9190687874888,549.2520879225416,538.18498513228,540.7020263671875,60600100,547.7173767089844,537.5736444091797,59.461081571841504,-0.0205789961944716,4.355332698673351,0.103877081794272,0,0
2024-09-04 00:00:00-04:00,538.8607938634791,543.0035975400444,538.1360542845994,539.5953369140625,47224900,546.958349609375,537.7344610595703,56.8599090610056,-0.0020467640200287,3.6343858593104414,0.0927542685855296,0,1
2024-09-05 00:00:00-04:00,539.5365467142444,542.3865472945482,535.8246177750381,538.2828979492188,44264300,545.8800476074218,537.828091430664,46.11233884272058,-0.0024322652088685,2.9234279810265207,0.0748990857360951,0,1
2024-09-06 00:00:00-04:00,538.6061519080256,540.2319142524223,528.3225490242058,529.2235717773438,68493800,544.3267395019532,537.7272137451172,36.71677041485429,-0.0168300464428458,1.6104129916684542,0.0685312429978757,1,1
2024-09-09 00:00:00-04:00,533.4251872668898,536.4221205223048,531.4957564364314,535.1488647460938,40445800,542.7871398925781,537.7279949951172,37.60786970568172,0.0111962000272407,1.0360182027363862,0.0608810952423993,1,1
2024-09-10 00:00:00-04:00,537.0587275255268,537.8324845189911,532.1813804449696,537.4798583984375,36394600,541.6118713378906,537.8175115966797,40.94640341877617,0.004355785475598,0.7601355317915477,0.0511778834975413,1,1
2024-09-11 00:00:00-04:00,537.3916883108078,543.9144040618945,528.8318231688719,542.9937744140625,75248600,540.9125854492188,537.9953680419922,44.69544928135884,0.0102588328278108,0.975182175097757,0.0468704072648222,1,1
2024-09-12 00:00:00-04:00,543.5715745845557,547.8711135710835,541.3483388424467,547.5675048828125,51819600,540.9899475097657,538.1928131103516,52.44423214712205,0.0084231729427937,1.497408817074529,0.0434189559080607,1,1
2024-09-13 00:00:00-04:00,548.1747815451495,551.4263657909838,547.9201304028155,550.4273681640625,39310500,541.3484130859375,538.3994635009766,49.89234948780725,0.0052228506179563,2.1176334984144205,0.0444184254546015,1,1
2024-09-16 00:00:00-04:00,550.1629297590999,551.5046902542234,548.360884321784,551.2402954101562,36656100,541.2661499023437,538.5600848388672,51.85655508711333,0.0014769019367719,2.6442808382020075,0.045653766600534,1,1
2024-09-17 00:00:00-04:00,553.4537083801224,554.9032473896473,549.2325364902464,551.465576171875,49321000,542.3425048828125,538.7126751708985,51.38107565565613,0.0004086797783009,3.0447331356861014,0.0466443246913437,0,1
2024-09-18 00:00:00-04:00,552.1216967889254,556.9696926491016,549.2716961893568,549.8299560546875,59044900,543.365966796875,538.8219757080078,52.92008467382613,-0.0029659514353398,3.193303181224905,0.047177997381666,1,1
2024-09-19 00:00:00-04:00,559.2418737919741,561.0733295553275,556.3722663136862,559.2124633789062,75315500,545.4589233398438,539.0111932373047,60.086277773022175,0.0170643800340437,4.021775417339882,0.0521754989393899,0,1
2024-09-20 00:00:00-04:00,557.8430941207945,559.2871857073619,555.2200568119598,558.245849609375,77503100,548.3611511230469,539.275884399414,55.41733379965795,-0.001728526870969,4.547922362398026,0.0559800216503911,1,1
2024-09-23 00:00:00-04:00,559.3166610051752,560.2892222272916,558.0984411315784,559.6408081054688,44116900,550.8103454589843,539.4997198486328,70.10479610309335,0.0024988246613384,5.01959631775992,0.0597090717316721,1,1
2024-09-24 00:00:00-04:00,560.4364946014963,561.3010067117204,557.6071931426925,561.2420654296875,46805700,553.1865661621093,539.7254156494141,72.74067956583293,0.0028612233079274,5.459673689644887,0.0640835804826881,0,1
2024-09-25 00:00:00-04:00,561.0849426444706,561.8217386948093,558.8941616149112,560.0042724609375,38428600,554.8876159667968,539.8611297607422,72.85494285028045,-0.0022054529497933,5.643503830342297,0.0671718340109427,1,1
2024-09-26 00:00:00-04:00,564.2679463720303,564.5921534543987,559.8668367278948,562.2245483398438,48336000,556.3533203125,540.1963848876953,90.56064502384032,0.0039647481065621,5.900332884415775,0.0709692133067028,0,1
2024-09-27 00:00:00-04:00,563.2952985697877,564.1106429805404,560.377555197848,561.4090576171875,42100900,557.4514892578125,540.599164428711,86.91212579294061,-0.001450471568814,5.969258577003075,0.0737359735987982,1,1
2024-09-30 00:00:00-04:00,560.3775279948936,564.2678323150915,558.0787581388843,563.6587524414062,63557400,558.6933349609375,541.1188262939453,86.88214464449402,0.0040072292986637,6.134697284215804,0.077156371779814,0,1
2024-10-01 00:00:00-04:00,563.3051282373419,563.9534823374194,556.0353836889657,558.6092529296875,72668800,559.4077026367188,541.4266290283203,72.2915773588588,-0.0089584336087172,5.791594346946567,0.0765314737799354,1,1
2024-10-02 00:00:00-04:00,557.7154356390834,559.8668828892402,555.3183896615599,558.8451538085938,38097800,560.3092224121094,541.7561920166015,68.37487842764432,0.000422300342626,5.4755987329082245,0.0748948336251627,0,1
2024-10-03 00:00:00-04:00,557.3715020969081,559.7685478192003,555.5344286086627,557.8234252929688,40846500,560.1703186035156,542.311148071289,62.81832395048564,-0.0018282855432525,5.084118427410544,0.0716189553094102,1,1
2024-10-04 00:00:00-04:00,562.2736036088263,563.2658318866675,558.0984259775333,562.8925170898438,42939100,560.6349853515625,543.0227252197266,67.59850591072336,0.0090872694961003,5.123836412000287,0.0608016554323533,0,1
2024-10-07 00:00:00-04:00,561.2421538745174,561.8905680396737,556.6543868115797,557.8037719726562,49964700,560.4512817382813,543.514409790039,58.34650137360209,-0.0090403495564238,4.690623411524371,0.0511895573822944,1,1
2024-10-08 00:00:00-04:00,560.377637870892,563.67853004462,559.5033520489247,563.0792236328125,37398700,560.6349975585938,544.105337524414,65.92115261059493,0.0094575403129666,4.71859086938025,0.0421364351619678,1,1
2024-10-09 00:00:00-04:00,563.0693978961492,567.5393423690588,562.4701514366566,566.9793701171875,37912200,561.3325073242188,544.8283294677734,60.74955355558972,0.0069264613586921,4.997852376489391,0.0379544256120537,0,1
2024-10-10 00:00:00-04:00,565.6334738441669,567.4116060358193,564.3759797176003,565.9871215820312,44138100,561.7087646484375,545.3589068603516,60.70647742179468,-0.0017500610912019,5.080537692628127,0.0354652836965713,1,1
2024-10-11 00:00:00-04:00,565.9084000028585,570.113077691751,565.7708503676648,569.3762817382812,42268000,562.5054870605469,546.1100543212891,62.7606433362347,0.0059880517188743,5.357782124373557,0.0359714362318696,1,1
2024-10-14 00:00:00-04:00,570.9874382986001,574.9661849382893,570.5060744728205,574.0328979492188,36217200,563.5429016113281,547.1523638916016,65.52216054786972,0.0081784513340124,5.885407036449692,0.0392848859410299,0,1
2024-10-15 00:00:00-04:00,574.2981309420833,574.6026708937048,568.3545951743074,569.5728149414062,54203600,564.6392578125,548.4094781494141,60.769531974527546,-0.0077697341454584,5.875928114673002,0.0379052064102367,1,1
2024-10-16 00:00:00-04:00,569.5729286407808,572.5692210133667,568.7673576490918,572.0485229492188,30725400,565.9595947265625,549.622671508789,60.9938117290275,0.0043466049342035,5.999031841942156,0.0351802977405201,1,1
2024-10-17 00:00:00-04:00,575.5948569414992,575.8011814159861,571.9108767867559,572.0975341796875,34393700,567.3870056152343,550.9052062988281,62.17003580403407,8.56767013679427e-05,6.031025323664039,0.0372146190944579,1,1
2024-10-18 00:00:00-04:00,573.787292295603,575.0840605235142,572.3235337539761,574.2981567382812,37416800,568.5275695800781,551.9968957519532,62.127714048768,0.0038465863373264,6.162910046796469,0.0394769830019157,0,1
2024-10-21 00:00:00-04:00,573.5710785054149,574.5534731315854,570.3782959703608,573.35498046875,36439000,570.0826904296875,553.02388671875,68.54449715224366,-0.0016423111557383,6.120766807843097,0.0408462445248248,0,1
2024-10-22 00:00:00-04:00,570.8204817447413,574.2097557683464,570.1622940232531,573.050537109375,34183800,571.0798217773438,554.0393017578125,67.83420406949747,-0.0005309858111394,5.993710192441199,0.041991996428947,0,1
2024-10-23 00:00:00-04:00,571.0267810694698,571.4688706983893,564.3071746074978,567.8143310546875,49314600,571.1633178710938,554.7782092285156,61.34280721156712,-0.0091374245648566,5.408156974388362,0.0409019247159236,1,1
2024-10-24 00:00:00-04:00,569.7693209618997,569.8479293354313,566.4193810527883,569.0423583984375,34979900,571.4688415527344,555.50818359375,57.64912371267067,0.0021627269277775,4.985721084824149,0.0405324537132953,0,1
2024-10-25 00:00:00-04:00,571.2724326633536,574.1705094317597,567.9028255594263,568.8458862304688,47268200,571.4158020019531,556.051669921875,65.6371223698131,-0.0003452680895702,4.582262467523265,0.0397056650265,1,1
2024-10-28 00:00:00-04:00,572.3235609618828,572.4512770786239,570.299830137409,570.6043701171875,30174700,571.07294921875,556.6060375976563,61.83556236488536,0.0030913186317853,4.354220812823314,0.0396801115344846,1,1
2024-10-29 00:00:00-04:00,569.6415300427301,572.6476553589258,568.2465463889694,571.5277709960938,42899700,571.2684448242187,557.0750573730469,57.89278580249659,0.0016182856761448,4.19959655731202,0.0373911654492242,0,1
2024-10-30 00:00:00-04:00,571.0562011429839,573.0504911915006,569.0914117169528,569.7987670898438,41435800,571.0434692382812,557.5273205566406,56.44939420101869,-0.0030252316580112,3.892667309819672,0.0342412655680445,0,1
2024-10-31 00:00:00-04:00,565.4271221936206,565.4958970216722,558.4324763422399,558.6289672851562,60182500,569.6966125488282,557.7185815429688,35.60539670913228,-0.0196030606765533,2.7167966350878032,0.0336018746416329,1,1
2024-11-01 00:00:00-04:00,561.2617936558026,565.4173043933644,560.5741053167588,560.9866943359375,45667500,568.3654663085938,558.0431823730469,31.37967862263858,0.0042205599581408,1.952650581897501,0.0345626078813714,0,1
2024-11-04 00:00:00-05:00,561.1241350696315,562.4209031245102,557.8920784523416,559.7782592773438,38217000,567.0077941894531,558.2278503417969,34.5903144277231,-0.0021541242792295,1.2353088480070935,0.033080473982231,1,1
2024-11-05 00:00:00-05:00,560.6920242782184,566.5863933486033,560.4759261934032,566.547119140625,39478300,566.3574523925781,558.5741418457031,42.37476545223517,0.0120920377865685,1.199177406297622,0.0320108044898432,1,1
2024-11-06 00:00:00-05:00,578.8270705681771,581.5089893813079,575.0841485043231,580.6346435546875,68182000,567.6394836425782,559.1871020507813,58.51799794893781,0.0248655829994006,2.2809945786578965,0.0368641099876781,1,1
2024-11-07 00:00:00-05:00,582.6387178727699,586.145874462509,582.5601095007273,585.1241455078125,47233200,569.2476623535156,559.9537072753906,60.329932594791856,0.0077320600879753,3.460714803079441,0.0437807252109926,1,1
2024-11-08 00:00:00-05:00,585.674234913322,589.0831757216504,585.674234913322,587.65869140625,46444900,571.1289428710937,560.7700268554687,63.246033289170846,0.0043316378547972,4.547744682452162,0.0513548949894953,1,1
2024-11-11 00:00:00-05:00,589.2501303160354,589.6037779981073,586.4896037587446,588.2186279296875,37586800,572.8903686523438,561.4931408691406,63.98034198996847,0.0009528260734092,5.392247419642899,0.0576580793461458,0,1
2024-11-12 00:00:00-05:00,588.1400498376755,588.739296212128,583.9059310932324,586.3914184570312,43006100,574.3767333984375,562.4069287109374,68.2705340688761,-0.0031063441140709,5.846684450453495,0.0616149634650101,1,1
2024-11-13 00:00:00-05:00,586.8531544283672,588.6803942959151,584.4856094336134,586.6763305664062,47388600,576.0644897460937,563.3485485839843,67.67079351138175,0.0004858735997956,6.158824008099032,0.0651852172650144,0,1
2024-11-14 00:00:00-05:00,586.804130643577,587.2854945523371,582.2163632356335,582.9039916992188,38904100,578.4919921875,564.2409704589844,63.14537485161173,-0.0064300171502496,6.032264446956219,0.0666644504005105,0,1
2024-11-15 00:00:00-05:00,579.3378226480269,579.8094129170865,573.5810036102117,575.437744140625,75988800,579.9370971679688,565.16525390625,54.0836595860544,-0.0128087089210505,5.268766245409893,0.066690369697266,1,1
2024-11-18 00:00:00-05:00,575.8994574754852,579.1119076957027,575.0350052053479,577.7955322265625,37001700,581.7388244628906,566.0181872558594,55.17024016787887,0.0040973817062672,4.798626632872583,0.0668874572523997,1,1
2024-11-19 00:00:00-05:00,574.4160398519082,580.6345552744816,573.7480186357969,579.9075927734375,49412000,583.0748718261718,566.8667419433593,58.28634553865274,0.0036553770825054,4.544081890232178,0.0673515287912766,1,1
2024-11-20 00:00:00-05:00,579.9861823753545,580.3889378159292,574.3374129030207,580.1040649414062,50032600,583.0218139648438,567.6089477539062,71.46498354047043,0.0003387990956096,4.308540833013126,0.066783204766191,1,1
2024-11-21 00:00:00-05:00,582.953055915256,584.6427460672937,577.1077952881657,583.21826171875,46750300,582.8312255859375,568.321962890625,71.89006947282387,0.0053683415882601,4.32332589198279,0.0669407579016397,1,1
2024-11-22 00:00:00-05:00,583.2084127301733,585.6546259064262,582.7074417987914,585.02587890625,38226400,582.5679443359375,569.0139331054687,74.56987848614334,0.0030993837232957,4.429838338987565,0.0671475369796174,1,1
2024-11-25 00:00:00-05:00,588.9653319760873,590.281707390563,584.7213793724078,587.0103759765625,42441400,582.447119140625,569.7293347167969,71.95871157045362,0.0033921526241242,4.62111323226145,0.0680017492513906,1,1
2024-11-26 00:00:00-05:00,588.2579731618996,590.7434606979054,587.5408441710033,590.075439453125,45621300,582.8155212402344,570.5015319824219,63.26983723906948,0.005221480917545,4.962816708230207,0.0697028700780208,0,1
2024-11-27 00:00:00-05:00,589.8887226529953,590.2718110026187,586.7647148108081,588.2874145507812,34000200,582.9766296386719,571.2706811523437,54.81165410532218,-0.0030301632347228,5.031342325873652,0.0695815209010674,1,1
2024-11-29 00:00:00-05:00,589.1028202958577,592.7278593888155,588.8277809402925,591.9419555664062,30177400,583.8804260253906,571.9252709960938,56.30060315277056,0.0062121692989396,5.319223590790784,0.0630244037034171,1,1
2024-12-02 00:00:00-05:00,592.3545765627109,593.6808455477146,591.8633791521069,593.0029907226562,31746000,585.6369506835938,572.6204138183593,56.935466460927564,0.0017924648629352,5.568794638836607,0.056194110789143,1,1
2024-12-03 00:00:00-05:00,592.7672106157903,593.5236138358292,591.73570807165,593.2780151367188,26906600,587.1851989746094,573.2931579589844,60.45330062295483,0.0004637825076183,5.722804733568864,0.0443577589137653,1,1
2024-12-04 00:00:00-05:00,594.9677449089698,597.2075737883222,594.2997236656325,596.9619750976562,42787600,588.8906372070312,574.0075561523438,64.15240117169654,0.0062095002122883,6.072127913122472,0.0379483509284379,0,1
2024-12-05 00:00:00-05:00,596.9620090763937,597.7675800229049,595.6259665136723,595.9796142578125,28762200,590.4781921386718,574.7270629882812,69.48741506190134,-0.0016456003578503,6.198251158732546,0.0397743929989005,1,1
2024-12-06 00:00:00-05:00,596.7458937244957,598.3472020292826,596.333304701608,597.109375,31241500,591.8673034667969,575.4247595214844,89.81940033374603,0.0018956365539355,6.316553690610476,0.0426233998604259,0,1
2024-12-09 00:00:00-05:00,596.9914414878755,597.1584317989794,593.445010988573,594.034423828125,34742700,592.7681579589844,576.0772668457031,79.07114978649382,-0.0051497285097474,6.091962091440792,0.0438014720676147,0,1
2024-12-10 00:00:00-05:00,594.7123228135097,595.134745373381,591.529373321926,592.1875610351562,37234500,593.2858764648438,576.6478430175781,72.19455800623493,-0.0031090164456581,5.699247856852253,0.044321425181968,1,1
2024-12-11 00:00:00-05:00,595.1152087702993,597.7185192678439,594.8401094183695,596.765625,28677700,593.9548950195312,577.4109704589844,75.99635076117865,0.0077307668483295,5.691818754505789,0.0462080154057607,0,1
2024-12-12 00:00:00-05:00,595.9009396314575,596.4706853339145,593.6905517578125,593.6905517578125,31543800,594.4952087402344,578.1078784179688,66.3594584286804,-0.0051528994187416,5.3758292133532,0.046775524895866,0,1
2024-12-13 00:00:00-05:00,595.7242008087076,596.4413297893211,592.1973772710232,593.57275390625,35904700,594.6582885742188,578.8228649902344,64.09583784632605,-0.0001984162476793,5.057599069438311,0.0463081203058189,1,1
2024-12-16 00:00:00-05:00,595.3312295236393,597.0799209921157,594.5551592425911,596.1072998046875,43695200,594.9687194824219,579.4871606445313,64.73564736636044,0.0042699835559463,4.952822999073305,0.0416650016902618,0,1
2024-12-17 00:00:00-05:00,593.5530296358272,594.5157572113583,592.2759285750876,593.6512451171875,55773500,595.0060424804688,580.2041101074219,55.90884885062573,-0.0041201553618026,4.618366467458827,0.0367561289746501,0,1
2024-12-18 00:00:00-05:00,593.3467745348553,595.7339866328443,575.5752867073982,575.9584350585938,108248700,592.9056884765625,580.4616943359375,36.646208278903984,-0.0298033739575517,2.892304662033212,0.0400096469233799,0,1
2024-12-19 00:00:00-05:00,580.948961299734,582.5601031255708,575.5359564813775,575.7815551757812,85919500,590.8858825683594,580.6377380371093,31.07024482593937,-0.0003071052910171,1.492906223688692,0.0432435678705458,1,1
2024-12-20 00:00:00-05:00,573.4513839180992,587.231466902458,572.6036351958548,582.697265625,125716700,589.4446716308594,580.9719409179687,39.38426485362962,0.012010996856451,0.9311788651092456,0.0434691379982734,1,1
2024-12-23 00:00:00-05:00,582.4409930028329,586.7879087972127,579.2571372355378,586.1866455078125,57635800,588.6598937988281,581.3081481933593,43.14899267755658,0.0059883237637468,0.7588224481547741,0.0431363036042355,1,1
2024-12-24 00:00:00-05:00,587.5370835235541,592.7416149913781,586.9554933157183,592.7021484375,33160100,588.7113525390625,581.681533203125,46.09804178085791,0.0111150654482126,1.134893039539861,0.0427960512474202,1,1
2024-12-26 00:00:00-05:00,590.9279213446937,593.8652919269226,589.5282423631364,592.7416381835938,41219100,588.3089538574219,582.1449096679687,46.98191458495708,6.662662890266624e-05,1.4197521659310723,0.0428379179145068,0,1
2024-12-27 00:00:00-05:00,588.9958679237085,589.2324867459512,582.3128451341881,586.5020751953125,64969300,587.5901062011719,582.4339807128906,40.97292344515502,-0.0105266149471157,1.1290099648541627,0.0432137170581542,0,1
2024-12-30 00:00:00-05:00,579.4839049805771,583.278830614674,576.0536238226567,579.8091430664062,56578800,586.2137451171875,582.588212890625,38.59617704996961,-0.0114116086062908,0.3544451649539724,0.0464366001208189,0,1
2024-12-31 00:00:00-05:00,581.4748988586764,582.1945015590405,576.0634095440413,577.69970703125,57052700,584.3729858398438,582.6562438964844,38.43437281654442,-0.0036381558662565,-0.424720959310207,0.0501048638852834,0,1
2025-01-02 00:00:00-05:00,580.9624149327,582.6775253068124,572.1995172748154,576.2803344726562,50204000,582.6358947753906,582.7147509765625,32.7781033238885,-0.0024569383389301,-1.1435649250538518,0.0537267695647668,1,1
2025-01-03 00:00:00-05:00,579.129057366777,584.1265095290074,578.0447499447286,583.48583984375,37888500,583.3886352539063,582.92345703125,41.97805593299709,0.0125034725984314,-1.1189315361326635,0.0527164801685715,1,1
2025-01-06 00:00:00-05:00,587.7440676720806,591.1250155334773,585.1122021784661,586.8470458984375,47679400,584.4951843261719,583.304111328125,44.96943146915208,0.0057605614826703,-0.8187501183858785,0.0512613318518287,0,1
2025-01-07 00:00:00-05:00,588.8774861019172,589.202784283761,578.3896729800513,580.2131958007812,60393100,584.24677734375,583.5275280761718,38.79871680056985,-0.0113042233815799,-1.1034307804385437,0.0502013833516872,1,1
2025-01-08 00:00:00-05:00,580.2822309005052,582.1353537217743,576.832277161694,581.0609130859375,47304700,583.7342041015625,583.7718286132813,40.921222193272165,0.001461044476912,-1.2462723045364328,0.0496034437074903,0,1
2025-01-10 00:00:00-05:00,577.5025797313914,577.5715860296085,570.2773736421228,572.1896362304688,73105000,581.6829528808594,583.8035339355469,46.8862074947253,-0.015267378437752,-2.0516628511516046,0.0530469629801902,1,1
2025-01-13 00:00:00-05:00,567.5372072518853,573.4316812597856,567.1231694250464,573.0768432617188,47910100,579.7164733886718,583.8345153808593,47.79128396011811,0.0015505471876331,-2.5885117173611434,0.0528053645203676,1,1
2025-01-14 00:00:00-05:00,576.0043111010004,576.6351742776535,570.0802375478183,573.8653564453125,48420600,578.4528015136718,583.9158471679688,41.98570184786004,0.0013759292368293,-2.916719757809915,0.0526523599761204,1,1
2025-01-15 00:00:00-05:00,581.8889752343268,585.4473419377294,580.7751281246863,584.303955078125,56900200,578.9022827148438,584.4293469238281,48.48292889251744,0.0181899787390411,-2.3079151149992185,0.0499385392092048,0,1
2025-01-16 00:00:00-05:00,585.6740294157521,585.8514484014332,582.4803673486446,583.1802368164062,43319700,579.4503356933594,584.8732177734375,41.597085396712885,-0.0019231741492636,-1.894271736352948,0.0449781971641472,1,1
2025-01-17 00:00:00-05:00,588.4242094250709,590.7898562052613,587.0934767089387,589.0353393554688,58070600,580.7258361816406,585.458359375,47.03372692155135,0.01003995363599,-1.0815313170741092,0.042488665052036,1,1
2025-01-21 00:00:00-05:00,592.0810894520482,594.4369296257112,590.1096871636119,594.4270629882812,42532900,581.8199584960937,586.0159582519532,56.42988938112259,0.0091534807380355,-0.0023347293570168,0.0455969831061786,1,1
2025-01-22 00:00:00-05:00,597.2560928487167,599.1289493146973,596.7041025475482,597.7686767578125,48196000,582.9121215820312,586.3586389160156,65.40933727841639,0.0056215707150553,1.1097837495219665,0.0496470921149457,1,1
2025-01-23 00:00:00-05:00,597.1378398743527,601.0313720703125,596.8618747927997,601.0313720703125,41152100,584.9939392089843,586.6767834472656,69.63016216993438,0.0054581235841868,2.2287265285636977,0.0561514206101192,0,1
2025-01-24 00:00:00-05:00,601.0903888692611,602.0465502262632,598.1234189150732,599.2766723632812,34604700,586.8155151367188,586.9091430664063,69.23947367346022,-0.0029194810596775,2.94001646111451,0.0603897087013437,0,1
2025-01-27 00:00:00-05:00,586.3048878621954,591.115114198888,586.1373355152499,590.7996826171875,70361100,588.6765197753906,586.9607641601563,55.99152396609586,-0.0141453691375375,2.7875633349503914,0.0598920816073911,1,1
2025-01-28 00:00:00-05:00,592.0319005940263,596.7139816946946,588.7100920787573,595.8761596679688,44433300,590.9564514160156,587.150458984375,57.19449197013128,0.0085925520953107,3.041314031209481,0.0610294911747702,0,1
2025-01-29 00:00:00-05:00,595.0874967960807,595.4916679771449,590.6518414168764,593.204833984375,37177400,592.8903991699219,587.2810290527344,61.04963054557989,-0.0044830215813337,2.992365501881181,0.0621569096869111,1,1
2025-01-30 00:00:00-05:00,595.3240968992558,597.9263022497843,592.130374590218,596.3886108398438,39281300,594.0988647460938,587.5507214355468,62.5382569891088,0.0053670784071064,3.1738909844463024,0.0633715931841796,0,1
2025-01-31 00:00:00-05:00,598.8134974486875,601.2383441338676,592.4557124803268,593.2147216796875,66566900,595.1023132324219,587.9062609863281,68.96669438005517,-0.0053218473701011,3.026754367019521,0.0624253153079118,0,1
2025-02-03 00:00:00-05:00,584.1954832564219,591.7065212004032,582.0466619706364,589.2225952148438,65857200,595.1210388183594,588.1348022460937,63.79242024826482,-0.0067296483363393,2.5585232323298897,0.0598548022321401,1,1
2025-02-04 00:00:00-05:00,589.281761222817,593.6878166788046,588.7396375989994,593.17529296875,33457800,594.9958618164062,588.40015625,65.64940473952778,0.0067083268462659,2.477833437858066,0.0598704631275333,1,1
2025-02-05 00:00:00-05:00,592.0515554519985,595.7282015036632,590.021013481686,595.580322265625,30653100,594.7770263671875,588.7096813964844,60.50687218777156,0.0040545001205936,2.578231708745193,0.0607364619139337,1,1
2025-02-06 00:00:00-05:00,597.3250923662002,597.7785366008171,594.0131505968404,597.650390625,35771500,594.4389282226563,588.9983239746093,63.24906309482162,0.0034757165104117,2.792643423051232,0.060403397802364,0,1
2025-02-07 00:00:00-05:00,598.2121736064561,599.4344333824486,591.4699514014874,592.1796875,50788500,593.7292297363281,589.1414001464843,52.89941614334936,-0.0091536845132468,2.4923954465326688,0.0588247868157458,1,1
2025-02-10 00:00:00-05:00,595.3931329282537,596.8420848342793,594.1215398587573,596.2013549804688,26048700,594.2693969726563,589.3252197265625,51.67849174784863,0.0067912958944049,2.5495718400494525,0.051715136663588,1,1
2025-02-11 00:00:00-05:00,593.93424024475,597.1969087784863,593.8159609148958,596.65478515625,30056700,594.3472595214844,589.456806640625,48.88534098182831,0.0007605319444403,2.6014842781656853,0.0430138399383423,0,1
2025-02-12 00:00:00-05:00,590.6321754646003,595.9056528588447,589.9520392250456,594.732666015625,45076100,594.5000427246093,589.5857116699219,43.52318143476863,-0.0032214928773622,2.459178430393081,0.0309648196501733,1,1
2025-02-13 00:00:00-05:00,595.8367256890687,601.2186766543514,594.5750592605841,601.0116577148438,40921300,594.9623474121094,589.7671057128906,51.63218105691561,0.0105576707956609,2.8205486461168903,0.0289877068339782,0,1
2025-02-14 00:00:00-05:00,601.2185532755497,602.2535274358258,600.360998100256,600.9819946289062,26910400,595.7390747070312,589.9266857910156,61.38911000454672,-4.935525884852687e-05,3.0691641684341,0.0243513604759014,1,1
2025-02-18 00:00:00-05:00,602.1450746766837,602.746337890625,599.6808220007749,602.746337890625,26749000,597.0914489746094,590.1160522460938,58.29935513934623,0.0029357672567349,3.369717511145268,0.0244929138019468,1,1
2025-02-19 00:00:00-05:00,601.3566689008733,604.4615919136522,600.8440849703791,604.1658935546875,31011100,598.1905090332032,590.2601306152344,63.654196483694285,0.0023551460619908,3.680033345318407,0.0271057462986249,0,1
2025-02-20 00:00:00-05:00,602.7957307474628,602.9337433637311,598.3404019341449,601.65234375,36554000,598.7977111816406,590.3735852050781,56.66838322964365,-0.0041603636211549,3.680709489150331,0.0281017981317054,0,1
2025-02-21 00:00:00-05:00,601.435409514207,601.5734221193063,590.8982614234848,591.361572265625,76519800,598.1688293457031,590.2586291503907,48.01098993244624,-0.0171041824922252,2.818377580417291,0.0284074605965324,0,0
2025-02-24 00:00:00-05:00,593.4118748152965,594.4074426853949,587.960918125522,588.670654296875,50737200,597.8179260253906,590.1513537597656,49.39057182329751,-0.0045503767829224,1.895983026718568,0.030205066572791,0,1
2025-02-25 00:00:00-05:00,588.6115273648803,589.3409366661995,581.1300283822392,585.7431030273438,58266500,596.7721008300781,590.0224645996094,41.60363190549544,-0.004973156463911,0.9181657334966076,0.0330187911661068,1,1
2025-02-26 00:00:00-05:00,587.4089575799121,591.0067913230648,583.3971461439291,586.038818359375,43321600,595.7105041503906,589.8079284667969,38.68123434264448,0.0005048549961628,0.1651959634875766,0.0359732175786774,0,1
2025-02-27 00:00:00-05:00,588.3157098294636,589.4690234968429,576.290203877955,576.6844482421875,74196700,593.9056823730468,589.4678063964843,28.79372675684887,-0.0159620315653751,-1.1728377512921495,0.0453850455955866,1,0
2025-02-28 00:00:00-05:00,577.1872200213395,586.2162169760591,574.1118369424444,585.6839599609375,88744100,592.3729125976563,589.3100305175781,43.8675766250409,0.0156056084851632,-1.4898793251787763,0.047029910288722,0,1
2025-03-03 00:00:00-05:00,587.6553155599406,588.798762606637,571.6081318173137,575.4227905273438,74249200,589.8169921875,588.8963403320313,32.45102890840859,-0.0175199768733261,-2.5398498655169988,0.054568991188142,0,1
2025-03-04 00:00:00-05:00,571.4208567458912,577.0196322682823,564.0675042327628,568.611572265625,109648200,586.403515625,588.395546875,28.612378808445182,-0.0118368934526847,-3.8768772457424343,0.0656594783803936,1,1
2025-03-05 00:00:00-05:00,568.4439889843314,576.5168836727693,564.8856223320056,574.722900390625,71230500,583.4592163085938,588.3708361816406,35.65580584583667,0.0107478082105321,-4.392711528018708,0.0705539131077547,0,1
2025-03-06 00:00:00-05:00,567.2512863712917,571.8742272350298,561.9679425734266,564.5209350585938,80094900,579.7460754394531,588.1456237792969,25.234210081555148,-0.0177511028794872,-5.560627798134874,0.0806861090086702,1,1
2025-03-07 00:00:00-05:00,562.7368186254731,569.1340095542192,557.5421542389136,567.6849975585938,81158800,577.37841796875,587.8453784179687,28.32396951660455,0.0056048629971032,-6.1598890889879385,0.0860162714986399,0,1
2025-03-10 00:00:00-04:00,559.4742288830657,561.396298293426,547.6458132504099,552.564453125,99326600,573.7677978515625,587.1729345703125,22.17133828588604,-0.0266354483536146,-7.765394908843518,0.1012468754006345,0,1
2025-03-11 00:00:00-04:00,551.4012280579012,555.9551623983707,544.1267490127518,547.970947265625,88102100,569.9905822753906,586.278310546875,19.896483174428795,-0.0083130679749604,-9.30120882590154,0.1154103731812572,1,1
2025-03-12 00:00:00-04:00,554.1315858671662,555.0581473332891,545.7728595599632,550.8787841796875,69588200,566.4745788574219,585.4410534667969,22.915125546988943,0.0053065530728819,-10.166520957792272,0.1239297841773983,0,1
2025-03-13 00:00:00-04:00,550.5043158830474,551.1154458832376,541.8202897344504,543.535400390625,74079400,563.1596740722656,584.5817199707031,23.65909411788435,-0.0133303078643652,-11.31441126700156,0.1350772822891212,1,1
2025-03-14 00:00:00-04:00,548.1583018697701,555.7679467233177,543.604366956188,554.7625122070312,62660300,560.067529296875,584.0807873535156,32.92972732473926,0.0206557140681868,-11.189206307187304,0.1351769918582574,1,1
2025-03-17 00:00:00-04:00,554.742702735982,561.5637976935186,554.3089918436672,559.0404052734375,49008700,558.4292907714844,583.7076013183594,36.73745931024615,0.0077112151096643,-10.622342503663049,0.1317931013833428,0,1
2025-03-18 00:00:00-04:00,556.7240271713574,556.9409127203818,551.0661118946721,552.9981079101562,66041400,556.8679443359375,583.2419567871094,34.475713827692545,-0.0108083374766548,-10.539172732118914,0.12743904936224,1,1
2025-03-19 00:00:00-04:00,554.7821880592443,562.7860764826731,553.5993346617712,559.0206909179688,66556000,555.2977233886719,582.7526538085938,41.43238194483506,0.010890784112395,-9.87347272550403,0.1173441402280253,0,1
2025-03-20 00:00:00-04:00,555.2750866351008,562.4115538615378,554.5554838320709,557.4041748046875,62958200,554.5860473632813,582.1637963867188,35.22499126259908,-0.0028916928112745,-9.36834753590506,0.1061583622051099,1,1
2025-03-21 00:00:00-04:00,552.9413897854555,558.4877939738346,551.7055567482902,557.5880737304688,83763000,553.5763549804688,581.7112939453125,39.58546290237272,0.0003299202519351,-8.85116238717228,0.0994318057732189,1,1
2025-03-24 00:00:00-04:00,564.3307537296456,568.6314886589248,563.7375780431137,567.5736083984375,58766800,555.0772705078125,581.4415478515625,49.415550762471526,0.0179084437749212,-7.548525532034432,0.0919484703424176,1,1
2025-03-25 00:00:00-04:00,568.7797678649376,569.8771730865459,567.1880294433175,568.93798828125,38355700,557.173974609375,581.3765148925781,46.55871033330912,0.0024038818271738,-6.333078597533586,0.0853885079116915,0,1
2025-03-26 00:00:00-04:00,568.6709866041082,569.7980806984394,560.7616559941828,562.1458129882812,51848300,558.3006774902344,581.1578942871093,48.52736154231575,-0.0119383402635633,-5.850459471679756,0.0768700018382273,0,1
2025-03-27 00:00:00-04:00,560.7517966033342,564.4296669577193,558.5371935416607,560.6529541015625,42164200,560.0124328613281,580.8936462402344,45.54767813654256,-0.0026556435220658,-5.524755629319657,0.0731698435528496,0,1
2025-03-28 00:00:00-04:00,559.120558969836,559.8521624781242,548.7790863172526,549.3623657226562,71662700,559.4724182128906,580.194814453125,47.86926845276147,-0.0201382839353789,-6.107288094969363,0.0636573390582608,1,0
2025-03-31 00:00:00-04:00,543.5984615291653,554.3551567474991,540.6719872727307,553.0501098632812,95328200,558.873388671875,579.5922119140625,53.421011738415125,0.0067127716981012,-6.19991043040045,0.0588363229235906,1,1
2025-04-01 00:00:00-04:00,551.1320571376683,556.559825628618,547.4047657676659,554.6121215820312,54609600,559.0347900390625,578.9037475585938,52.560975303400646,0.0028243583915681,-6.077218613867444,0.0567421661304035,1,1
2025-04-02 00:00:00-04:00,548.7592465118332,560.9890444564371,548.52197624234,558.1219482421875,76014500,558.9449157714844,578.1776452636718,60.561479365460976,0.0063284348170113,-5.631850321883348,0.0492829953813096,0,1
2025-04-03 00:00:00-04:00,538.931968079745,541.759539717793,530.6173095703125,530.6173095703125,125986000,556.2662292480469,576.8346179199219,35.852356241886284,-0.0492806970922774,-7.412836650172153,0.0636774943853103,0,1
2025-04-04 00:00:00-04:00,517.7349036725598,519.9099817661254,499.3358369172059,499.5533447265625,217965100,550.4627563476563,574.8050573730469,23.471467502251016,-0.0585430672604805,-11.201756619698358,0.1080523101339569,0,1
2025-04-07 00:00:00-04:00,483.64569927250346,517.2405628900261,476.33944038650816,498.6635437011719,256611400,543.5717498779297,572.7927947998047,24.6020703099702,-0.0017811932094612,-14.113609593635374,0.1390272777779667,0,1
2025-04-08 00:00:00-04:00,515.9454474877983,519.0300819148135,483.6160734043612,490.8531188964844,165816600,535.7632629394532,570.7938635253906,18.65984522105485,-0.0156627146767479,-16.857190858562262,0.1694313891039983,1,0
2025-04-09 00:00:00-04:00,487.8475554203815,542.4021606445312,487.4619610383351,542.4021606445312,241867300,533.7888977050782,569.7243835449219,45.27307700296085,0.1050192812545172,-14.702441330001989,0.169508706237205,0,1
2025-04-10 00:00:00-04:00,526.1386497513512,527.4535931308517,503.5476437049501,518.6347045898438,162331200,529.5870727539062,568.2329809570313,39.31440345120532,-0.0438188815959819,-14.742677466347232,0.1757569087990651,1,1
2025-04-11 00:00:00-04:00,517.0824330937988,530.3503195313269,514.1757514102393,527.8885498046875,97866300,527.4396911621094,566.8629797363282,39.06981099279132,0.0178427034152333,-13.867995305703175,0.1774060202688958,1,1
2025-04-14 00:00:00-04:00,537.8839447885014,538.111379094838,527.8094317224818,533.0098266601562,68034000,525.4356628417969,565.6588818359374,40.305179644545056,0.0097014357620819,-12.616128276207291,0.1764764572676482,0,1
2025-04-15 00:00:00-04:00,533.5534957548979,537.0731451747598,530.7259247754906,531.516845703125,56892900,523.1261352539062,564.5047668457031,41.49178620184995,-0.0028010383342954,-11.610645428858788,0.1766030012764687,0,1
2025-04-16 00:00:00-04:00,525.6541840661512,531.7938245981206,514.3932584360665,519.702392578125,83484800,519.2841796875,563.0353088378906,39.24154576512962,-0.022227805610509,-11.633022416789572,0.177719382246131,1,1
2025-04-17 00:00:00-04:00,521.6599483491107,525.1499093262158,517.9721816819745,520.44384765625,79868100,518.2668334960938,561.5325793457031,41.95675261277669,0.0014266916772247,-11.458836775269106,0.1778866383984651,0,1
2025-04-21 00:00:00-04:00,515.2533065114334,515.7872249375157,502.6972625032136,508.0558471679688,69368100,519.1170837402344,559.7406884765625,38.06323045689291,-0.023802760939665,-12.179998072000444,0.181308151134849,1,1
2025-04-22 00:00:00-04:00,514.2450097037921,523.3011683263503,513.3057644566182,521.2744140625,75948100,521.3781707763671,558.3225830078125,41.67080936667011,0.0260179406815506,-11.551734514354392,0.1737560098587788,1,1
2025-04-23 00:00:00-04:00,534.3049123051696,539.2482437222484,527.8291602174767,529.3516845703125,90590700,525.22802734375,556.9855895996094,42.97234421874632,0.0154952368462957,-10.283520865839137,0.1619666526791472,1,1
2025-04-24 00:00:00-04:00,530.6370434198044,541.2256831290485,529.3814780255258,540.4940795898438,64150400,525.0372192382813,555.8623754882813,52.62218475804168,0.0210491349027741,-8.283863038625668,0.1534952320049139,1,1
2025-04-25 00:00:00-04:00,540.4544620384363,544.8045575926888,537.5279880397045,544.3992309570312,61119600,527.613671875,554.8557067871094,63.912420606488425,0.0072251510509624,-6.311254511789571,0.1460448161758016,1,1
2025-04-28 00:00:00-04:00,545.1407910444296,547.2762839575454,538.8429907853031,544.6068725585938,47613800,529.2855041503906,553.7276110839844,64.31345890375144,0.000381414208094,-4.677276369992455,0.144282494405481,1,1
2025-04-29 00:00:00-04:00,542.6887574529197,549.1546732609154,542.3328520901122,548.0374755859375,47775100,530.7882690429688,552.668720703125,68.31538855972056,0.0062992283061478,-3.070125431987208,0.1419929120491178,1,1
2025-04-30 00:00:00-04:00,541.3640897959557,550.2126665027023,535.3826699025942,548.2550659179688,93101500,532.4620910644531,551.5788952636718,52.792984655389965,0.0003970354979805,-1.7586167739351597,0.1388661620929377,1,1
2025-05-01 00:00:00-04:00,554.0189932525213,557.6770710508032,551.5374308999284,552.1405029296875,63186100,535.7059020996094,550.5383874511718,69.73328243275986,0.0070869149293006,-0.401090892487332,0.1353164293292233,1,1
2025-05-02 00:00:00-04:00,558.3295262045715,561.9381825044319,556.006184429092,560.3365478515625,60717300,539.6951721191406,549.7120715332031,69.35140534181316,0.0148441291272536,1.3208841467736647,0.145915893077195,0,1
2025-05-05 00:00:00-04:00,556.194064255589,560.2278400664005,555.3339293144951,557.1234130859375,38659200,544.6019287109375,549.0273083496094,64.71583853129545,-0.0057342944663252,2.398638636153009,0.142646443326787,0,1
2025-05-06 00:00:00-04:00,551.6066009560054,556.9651555946843,550.6476235760448,552.4667358398438,48264700,547.7211608886719,548.3032299804687,62.309790580460174,-0.0083584303526218,2.844225437133332,0.1331205104853078,1,1
2025-05-07 00:00:00-04:00,553.8014947566288,557.4298834610689,549.738030089525,554.7901611328125,55588000,550.2650085449219,547.6841711425782,73.20515449435939,0.0042055478497484,3.346263547458648,0.112019677810374,1,1
2025-05-08 00:00:00-04:00,558.8337754612519,563.8463212534109,555.333918196641,558.6558227539062,65130800,552.0811828613281,547.1365112304687,74.26847449322534,0.0069677905123632,4.009836058969313,0.1169556631634366,0,1
2025-05-09 00:00:00-04:00,560.0597310271954,561.0681900796083,556.3819209310694,557.9440307617188,37603400,553.4356628417969,546.7617028808594,87.20145279772794,-0.0012741154091596,4.427251787312116,0.1153061090068273,1,1
2025-05-12 00:00:00-04:00,574.8798371188,576.3925257137258,570.5000520977247,576.3826293945312,78993600,556.6132385253907,546.5756762695313,88.1258682791499,0.0330473983342731,6.174719251311558,0.1267201349432398,1,1
2025-05-13 00:00:00-04:00,576.7977862928067,582.403567726764,576.2342995973956,580.18896484375,67947200,559.8283874511719,546.6709997558594,87.38008473054967,0.0066038344237007,7.777089815906038,0.1387504555721538,1,1
2025-05-14 00:00:00-04:00,581.1479585868793,582.3046813078995,578.9036666864055,580.9304809570312,66283500,563.0959289550781,546.9173779296875,85.1012808992574,0.0012780596636838,9.003032827791344,0.1475235200888345,1,1
2025-05-15 00:00:00-04:00,578.9234551699535,584.2721134769878,578.4686469334371,583.7679443359375,71268100,566.2586730957031,547.0982788085937,84.81989680626288,0.0048843423988216,10.0872811798331,0.1494915498162865,1,1
2025-05-16 00:00:00-04:00,584.5489982766968,587.7621640177526,582.6013544692614,587.465576171875,76052100,568.9715759277344,547.5571716308593,85.702547999337,0.0063340782442991,11.116776517435484,0.150182365827887,1,1
2025-05-19 00:00:00-04:00,581.4346564328234,588.7903364922698,581.4346564328234,588.108154296875,68168500,572.0700500488281,547.965634765625,85.00607857356141,0.0010938140906693,11.847934065215895,0.1366136669310072,0,1
2025-05-20 00:00:00-04:00,586.3681900028125,587.3172711404261,582.9176935296509,586.130859375,60614500,575.4364624023438,548.636962890625,82.10161698658426,-0.0033621280497955,12.128026177940114,0.1276008350614727,0,1
2025-05-21 00:00:00-04:00,581.7709264399082,585.8640202940028,575.2259589387613,576.254150390625,95197700,577.582861328125,549.202626953125,68.55328013584895,-0.01685068927254,11.42137482388,0.1169428999159991,1,0
2025-05-22 00:00:00-04:00,576.0562657117097,579.971405887537,574.8204328669485,576.4814453125,70860400,579.3654235839844,549.7146801757813,64.15818838904161,0.000394435201414,10.7557042716021,0.1113053871827002,0,1
2025-05-23 00:00:00-04:00,569.4520392436427,575.2159811048424,569.0763411937487,572.5465698242188,76029000,580.8256774902344,550.2949035644531,63.35619153531216,-0.0068256758656789,9.797702184323724,0.1056178337185724,1,1
2025-05-27 00:00:00-04:00,579.4277528567243,584.6083553931982,571.8743267058999,584.4501953125,72588500,581.6324340820313,550.8886572265625,74.60841486563021,0.0207906677214673,9.885052984702725,0.1016449844606948,0,1
2025-05-28 00:00:00-04:00,584.8554566278126,586.0517646206928,580.3372442209068,581.06884765625,68445500,581.7204223632813,551.3292260742187,69.8952168303692,-0.0057855189088302,9.57110291003164,0.0966987763812126,1,0
2025-05-29 00:00:00-04:00,586.3384441000501,586.4768718669775,579.4276761926377,583.362548828125,69973300,581.9636291503906,551.9365148925781,69.1611860011796,0.003947382794873,9.399031544327272,0.0907709395374608,0,1
2025-05-30 00:00:00-04:00,582.2552747565533,584.430352826958,576.6297607292682,582.7100830078125,90601200,581.8578430175781,552.410302734375,69.22488692970927,-0.0011184568183596,9.10505777021126,0.0853150329659486,1,0
2025-06-02 00:00:00-04:00,581.0985818518681,586.0715425417425,578.429170462151,585.9924926757812,61630500,581.7105346679688,552.9820690917969,59.75516667947132,0.0056330064704315,9.032819740981497,0.0839395110421013,1,0
2025-06-03 00:00:00-04:00,585.6266685650614,590.3129375391912,585.1421713516531,589.3341674804688,63606200,581.8331359863281,553.6169909667968,59.37189214208423,0.0057025897881874,9.139857226819572,0.080815083107652,0,0
2025-06-04 00:00:00-04:00,590.1942585782981,591.173028564345,588.7408877328025,589.1759033203125,57314200,582.1376403808594,554.0490368652344,58.5520410114088,-0.0002685474029664,9.10693552657392,0.0720343938082481,0,0
2025-06-05 00:00:00-04:00,590.8566609128592,592.2111289512687,584.3512195951713,586.3285522460938,92278700,583.1450805664062,554.3968481445313,52.65528341462118,-0.0048327690561892,8.750220313605496,0.0611468371425959,1,1
2025-06-06 00:00:00-04:00,591.8749474768216,594.0203968199735,590.0953601848463,592.3495483398438,66588700,584.7318908691407,555.0009228515624,54.83173259811824,0.0102689798589628,8.85133235293381,0.0525541510172539,1,0
2025-06-09 00:00:00-04:00,592.9229477814916,594.4356362447949,591.7069074945726,592.8834228515625,53016400,586.765576171875,555.6455322265625,54.7343744705159,0.0009012828881442,8.872269582938657,0.0380662022818591,1,1
2025-06-10 00:00:00-04:00,593.4173023897237,596.6304681071312,592.3001649023746,596.2449340820312,66247000,587.9450500488281,556.58318359375,59.759586786107626,0.0056697676151933,9.055719652376524,0.0405200086821328,0,0
2025-06-11 00:00:00-04:00,597.3423765043648,598.2025114763902,592.4781545343917,594.54443359375,73658200,589.2926086425781,557.4130700683594,70.95592143172829,-0.0028520166647609,8.960596794296862,0.0423597752763276,1,0
2025-06-12 00:00:00-04:00,593.2096852350186,596.9072875976562,592.7252483956809,596.9072875976562,64129000,590.6470825195313,558.2589733886718,72.31091288492436,0.0039742260971544,8.972445053442812,0.0450034586707,0,0
2025-06-13 00:00:00-04:00,591.7168252456129,595.0288334634262,588.731033484191,590.2338256835938,89506000,591.3994567871093,558.9012109375,68.22900809456831,-0.0111800643964674,8.347121855316459,0.0451660712915003,1,0
2025-06-16 00:00:00-04:00,593.5952983788304,597.5993850121447,593.4172853343232,595.8494262695312,79984100,592.3851501464844,560.2058532714843,63.49787737178588,0.0095141964787153,8.210040514861362,0.0472706969962019,0,0
2025-06-17 00:00:00-04:00,593.4074309844862,594.9299553868199,589.9965201271316,590.7578125,82209400,592.5275146484375,562.0299426269531,61.02615537638293,-0.008545134970438,7.602910269187532,0.0475765138346861,0,1
2025-06-18 00:00:00-04:00,591.6575507239553,594.4060120669617,589.7098464455568,590.6688842773438,76605000,592.6768127441406,563.8700494384766,58.75398001254884,-0.0001505324530197,7.0335015829441545,0.047815028580029,0,0
2025-06-20 00:00:00-04:00,593.3471074282096,594.4180406328666,587.8735160730708,589.2816162109375,94051400,592.972119140625,565.8386193847656,57.73734923135299,-0.0023486391501789,6.396564543319983,0.0443418056531399,1,1
2025-06-23 00:00:00-04:00,590.0351674928282,595.4889076465048,586.9116980815279,595.1022338867188,87426000,593.2473876953125,566.8926208496093,60.120918853088206,0.0098774805044956,6.28896725230004,0.0413881668574461,1,1
2025-06-24 00:00:00-04:00,599.2470472798032,602.737399696003,598.3347417480489,601.6764526367188,67735300,594.1266906738281,568.5534558105469,62.79336366719136,0.0110472089930877,6.657437340505908,0.0365753305791481,1,1
2025-06-25 00:00:00-04:00,602.7969444947229,603.4910690166892,600.4468830082857,602.0136108398438,62114800,594.7035583496094,570.03595703125,63.25772426495152,0.0005603646306042,6.897152310825277,0.03914468471288,1,1
2025-06-26 00:00:00-04:00,603.8678512919777,607.1599344481853,603.2530708764845,606.7236328125,78548400,595.9214782714844,571.5102331542969,70.28205859680855,0.0078237798744873,7.382091407203916,0.041990576804809,1,0
2025-06-27 00:00:00-04:00,607.7251426738447,611.2056301568862,605.6923970890058,609.738037109375,86258400,597.2045532226563,573.0746569824219,68.39194065887244,0.0049683317640052,7.918368347910018,0.0465717397830042,1,1
2025-06-30 00:00:00-04:00,612.1873634601734,614.0118537505704,609.867018033134,612.6533813476562,92502500,599.4465087890625,574.9336767578125,69.90791901396764,0.0047813061689609,8.48085360139828,0.0508509482229075,0,0
2025-07-01 00:00:00-04:00,611.1758893553448,613.625146088841,610.3429883405835,612.455078125,70030100,601.1070739746094,576.7739013671875,67.43390088184671,-0.0003236793082248,8.809080211282435,0.0544725375339877,1,1
2025-07-02 00:00:00-04:00,612.0484833566157,615.2711481262035,611.4237773441516,615.2315063476562,66510400,603.554443359375,578.9174145507812,71.74554903281687,0.0045332765158159,9.187330886801988,0.0595875975730439,1,0
2025-07-03 00:00:00-04:00,617.214676143094,621.0124795190609,617.194824993195,620.0803833007812,51065800,606.4955932617188,580.8935339355469,73.14890690391876,0.0078813859548749,9.765787202779734,0.0661380870978464,0,0
2025-07-07 00:00:00-04:00,618.1169852960921,618.7813935886118,612.6731706581298,615.4595336914062,74814500,609.1133850097656,582.6156909179688,76.27697965224955,-0.0074520170832973,9.739087912239256,0.0665716443505258,0,0
2025-07-08 00:00:00-04:00,616.1238907210633,616.8775081543645,614.3093261623386,615.1224365234375,59024600,611.1154052734375,584.1082580566406,72.55676533660598,-0.0005477162177452,9.580291965655874,0.0681152353911598,1,0
2025-07-09 00:00:00-04:00,617.5319680301938,619.4655183729625,615.6875662931247,618.8110961914062,66113300,612.8288696289062,585.5964953613282,83.94787261229295,0.0059966267672113,9.64095412386132,0.0705804986448151,1,1
2025-07-10 00:00:00-04:00,618.9499658515675,621.5974919629854,617.7699723301522,620.5563354492188,57529000,614.6831420898437,587.1154846191406,84.77348194985328,0.0028203102183428,9.717834398020273,0.073788854997555,0,1
2025-07-11 00:00:00-04:00,617.5022136064131,619.6043777491163,616.3024294765994,618.3748168945312,63670200,615.8482604980469,588.5222314453125,83.23513785251015,-0.0035154238705955,9.493299407337645,0.0745075548337518,1,1
2025-07-14 00:00:00-04:00,617.9186024028506,619.901780492049,616.5700558274259,619.5547485351562,51898500,616.829931640625,589.9482250976563,81.24678274270988,0.0019081172266208,9.303321532324505,0.0755972251237883,0,1
2025-07-15 00:00:00-04:00,622.2420420602726,622.5791484786782,616.8279435196437,616.9072875976562,74317300,617.255322265625,591.2435607910156,71.63391349278182,-0.004273167050627,8.83726424455267,0.0720457339556041,1,0
2025-07-16 00:00:00-04:00,618.4937831556223,619.4754466932056,612.8516386863737,618.9697265625,88987500,617.906787109375,592.4162243652344,72.95923174188643,0.0033431911185151,8.535935127459197,0.0707931030988035,1,0
2025-07-17 00:00:00-04:00,619.1482908768893,623.1146474859103,618.9301097920578,622.7576293945312,68885700,618.6593994140625,593.7289086914062,72.2666838448068,0.0061196899775175,8.504744334257794,0.0668823872569407,0,0
2025-07-18 00:00:00-04:00,624.007017899032,624.175571102461,621.1909387049365,622.301513671875,65621600,618.8815124511718,595.1256042480469,68.7816388129537,-0.0007324129021104,8.347001639950804,0.0606796997818181,1,1
2025-07-21 00:00:00-04:00,623.4815063476562,626.2281670376054,623.0551302914085,623.4815063476562,63375000,619.6837097167969,596.4994311523437,67.0732364546242,0.0018961751656665,8.222422002992516,0.0506825850467845,1,1
2025-07-22 00:00:00-04:00,623.8087114591411,624.4334174667899,620.9232136557434,623.5707397460938,60046300,620.5285400390625,597.7977294921875,67.58710066188584,0.0001431211632245,8.038232393251064,0.0427420666091861,1,1
2025-07-23 00:00:00-04:00,626.2381323551606,628.8757934570312,624.4334327911965,628.8757934570312,70511000,621.535009765625,599.2163647460937,69.98848338316714,0.0085075411221149,8.225515674317535,0.0408830147461294,1,0
2025-07-24 00:00:00-04:00,629.2624631630094,630.7994747941685,628.6576082944551,629.083984375,71307100,622.3877746582032,600.2703918457031,65.2656785861383,0.000331052522827,8.29511734183643,0.0372672298673163,1,1
2025-07-25 00:00:00-04:00,629.7484116245431,632.2174590489252,629.5005143245561,631.741455078125,56865400,623.7244384765625,601.3014416503906,79.57520216589688,0.0042243496403191,8.467109275989856,0.0372975075251014,0,1
2025-07-28 00:00:00-04:00,632.1182610848412,632.6735486135409,630.1945756243812,631.5828247070312,54917100,624.92724609375,602.3144885253906,80.09449479653713,-0.0002511001451916,8.49271524293465,0.0376498958147709,0,1
2025-07-29 00:00:00-04:00,632.980846392065,633.2981621509475,629.0046251365209,629.9168701171875,60556300,626.2282043457031,603.2374670410156,71.92638705121624,-0.0026377452404861,8.283097155819178,0.0375725605264122,0,0
2025-07-30 00:00:00-04:00,630.5713386132512,632.3165451544952,626.2281734095909,629.1236572265625,80418900,627.2435974121094,604.0706286621094,67.57535766247881,-0.0012592342390789,7.961195949216403,0.0361767494398596,0,1
2025-07-31 00:00:00-04:00,634.0816662163586,634.4683400166905,625.464753449126,626.7637329101562,103385200,627.6442077636718,604.843740234375,67.08431530483378,-0.0037511295105476,7.430012198583995,0.0348282896719789,0,1
2025-08-01 00:00:00-04:00,621.032217506902,621.0719198033348,614.0811684978922,616.49072265625,140103600,627.0631286621094,605.4509375,45.44648088920656,-0.016390562686528,6.10967069622609,0.0358903520882451,1,0
2025-08-04 00:00:00-04:00,620.4075271113948,625.9108344398344,620.3183179857707,625.8612670898438,73218000,627.3011047363282,606.4430798339844,61.090531370580486,0.0151998141889617,5.753097044394849,0.0342061933564677,0,1
2025-08-05 00:00:00-04:00,626.4760489706393,627.2891592865192,621.7660007962415,622.6881713867188,68051400,627.2128479003907,607.3672143554687,54.48239429884002,-0.0050699665724313,5.155043420125253,0.0318163190823208,1,1
2025-08-06 00:00:00-04:00,623.7590952688204,628.1121858315174,622.8468502662965,627.457763671875,64357500,627.071044921875,608.4654382324219,55.53477607756607,0.0076596802449842,5.008216250979103,0.0312296323091311,0,1
2025-08-07 00:00:00-04:00,630.8886206499576,631.6223868787783,623.8185857342208,626.9321899414062,74205800,626.8558654785156,609.315078125,55.44407816843498,-0.0008376240775045,4.794180920574036,0.0308954446039991,1,1
2025-08-08 00:00:00-04:00,628.7269865749256,632.2868180975779,628.4096707981653,631.8207397460938,64051600,626.8637939453125,610.3301159667968,59.0177199550137,0.0077975734586932,4.961824666977236,0.0309931388955335,0,1
2025-08-11 00:00:00-04:00,632.0984361099556,633.5758942477272,629.3219380955197,630.5713500976562,58742300,626.762646484375,611.2742919921875,57.38489154901285,-0.0019774432364148,4.936958061383848,0.0305760050085402,1,1
2025-08-12 00:00:00-04:00,632.9214680410968,637.4431125105409,631.434084195598,637.2844848632812,64730800,627.4994079589844,612.3657800292968,58.61435492382842,0.0106461144557001,5.396734769799082,0.0315692290978039,1,1
2025-08-13 00:00:00-04:00,639.4857330110176,640.7549961752953,637.2745085703324,639.4659423828125,60092800,628.5336364746094,613.4352490234374,60.222579606044434,0.003423051355156,5.869476838978244,0.0339796672200608,1,1
2025-08-14 00:00:00-04:00,637.3835243153912,640.1897383639256,636.9373576458678,639.525390625,59327500,629.8098022460938,614.4390734863281,58.07771919645912,9.296545483872264e-05,6.177712486982841,0.0367965038843312,0,1
2025-08-15 00:00:00-04:00,640.5566774831647,640.6558727131268,637.11589211782,638.0281372070312,68592500,631.9635437011718,615.4161181640625,56.50776864882453,-0.0023411946420227,6.229367351798146,0.0376885217650777,0,1
2025-08-18 00:00:00-04:00,637.4529805837014,638.5834067295413,636.7787072305159,637.8892822265625,43804900,633.1663452148438,616.4473327636719,58.305799943534296,-0.0002176314371911,6.187770995569963,0.0382985420594398,0,1
2025-08-19 00:00:00-04:00,637.7108075589789,638.6924711313014,633.1098193903536,634.4286499023438,69750700,634.3403930664062,617.2889147949219,55.23583138257948,-0.0054251300666776,5.808603511173715,0.037350515099377,0,1
2025-08-20 00:00:00-04:00,634.0221086228163,634.2798709561484,627.6263466835007,632.742919921875,88890300,634.8689086914062,618.0861047363281,55.98082969565615,-0.0026570836306466,5.310865870983321,0.0373250591946956,0,1
2025-08-21 00:00:00-04:00,630.9283690027011,632.604096553562,628.4791123479844,630.2044677734375,54805800,635.1961364746094,618.7652954101562,66.22862772516368,-0.0040118222875585,4.657880188098602,0.0372356937876315,1,1
2025-08-22 00:00:00-04:00,632.3959596753498,641.0624398986112,631.8902394824283,639.8824462890625,84083200,636.0023071289063,619.6720556640626,66.47258166986715,0.0153568865511506,4.865232937078076,0.0392720600684317,0,1
2025-08-25 00:00:00-04:00,638.6230253017661,639.8625116828326,636.9472372936925,637.0662231445312,51274300,636.6517944335938,620.475234375,67.03468982213982,-0.0044011570576184,4.747588567204048,0.0400587105566654,1,1
2025-08-26 00:00:00-04:00,636.7985773675441,640.0807351008626,636.1738713484165,639.733642578125,51581600,636.8967102050781,621.4652307128906,65.30654490106545,0.0041870363498908,4.81409907477223,0.0414854469922315,1,1
2025-08-27 00:00:00-04:00,639.148612992103,641.9250504526357,638.9998504138363,641.1912841796875,48341100,637.0692443847656,622.3720678710938,67.375507793732,0.0022785132820093,4.92762602099981,0.0430424888513624,1,1
2025-08-28 00:00:00-04:00,641.7961126896905,644.0172625669782,639.9121297324674,643.4619750976562,61519500,637.4629028320312,623.4261511230469,65.15221328926881,0.0035413627321427,5.1415540888964415,0.0445021573334159,0,1
2025-08-29 00:00:00-04:00,642.0242015644989,642.3911452321481,637.7306640961879,639.6245727539062,74522200,637.6225463867188,624.4052648925781,61.03989091699391,-0.0059636816039791,4.944450774625693,0.0371201850036458,0,1
2025-09-02 00:00:00-04:00,632.13804448044,635.1028861742022,629.5797276837342,634.884765625,81983500,637.3220947265625,625.3173278808594,46.925722221092784,-0.0074102955558742,4.355573811285808,0.0346553572126224,1,1
2025-09-03 00:00:00-04:00,637.2645539172183,638.7916398746721,635.0731807265284,638.3255615234375,70820900,637.7117858886719,626.1817944335937,48.584725580380685,0.0054195597134076,4.119046247162146,0.0293967404795485,1,1
2025-09-04 00:00:00-04:00,638.999797688006,643.6900550422279,638.09747828346,643.6602783203125,65219200,638.8035217285156,627.0214709472656,54.53749025470387,0.0083573604418145,4.312353384455264,0.0283423548131526,0,1
2025-09-05 00:00:00-04:00,646.0004708304714,646.7243720544352,637.9190556866993,641.796142578125,85178900,639.9626892089843,627.8171215820313,54.1018570811601,-0.0028961484885351,4.265955231852672,0.0250259180929225,1,1
2025-09-08 00:00:00-04:00,643.1644862104067,644.3742563254497,641.7861629025881,643.3727416992188,63133100,640.31171875,628.5501037597656,55.788120054478846,0.0024565419087134,4.306757119309964,0.0247425512181907,1,1
2025-09-09 00:00:00-04:00,643.5115612591451,645.3856792185645,641.7762803015634,644.8601684570312,66133900,641.09111328125,629.2525463867188,61.48971700244167,0.0023119206976098,4.408299682820825,0.0237433456424143,1,1
2025-09-10 00:00:00-04:00,648.122479271532,649.0446498954948,645.1576374702139,646.724365234375,78034500,641.790185546875,629.9339660644531,65.33945111400394,0.0028908542790047,4.586329642934061,0.0259921599871991,1,1
2025-09-11 00:00:00-04:00,648.6778210448584,652.7929404681626,648.092817304151,652.0988159179688,69934400,642.8809387207032,630.7268408203125,72.61369668192667,0.0083102647317856,5.102277049202144,0.0315015132124917,0,1
2025-09-12 00:00:00-04:00,652.0690195991697,653.5663289422531,651.374955591632,651.880615234375,72780100,643.722802734375,631.4598229980469,65.40212990008649,-0.0003346129118277,5.430957417824061,0.0355699949666589,1,1
2025-09-15 00:00:00-04:00,654.0918582328915,655.4800466805781,653.7943936028013,655.3511352539062,63772400,645.295458984375,632.1652380371094,73.08467617650322,0.0053238582931069,5.903429874367021,0.0407847972493224,0,1
2025-09-16 00:00:00-04:00,655.9064595692537,656.213910313041,653.6655188822047,654.4488525390625,61169000,647.2518676757812,632.9450244140625,69.44456990218598,-0.0013767927852816,6.134348079598453,0.0441537725313299,0,1
2025-09-17 00:00:00-04:00,654.4587781451693,656.1543568928759,648.7967821934204,653.6357421875,101952200,648.7828857421875,633.7152905273438,66.72896920208996,-0.0012424352925486,6.180496296910405,0.0451955834440009,1,1
2025-09-18 00:00:00-04:00,656.3229362038169,659.2977035594738,654.7165666735059,656.6898193359375,90459200,650.08583984375,634.4728649902344,67.41526806133453,0.0046724451423303,6.389849387307663,0.0460389008276796,1,1
2025-09-19 00:00:00-04:00,658.5800832029405,660.7874850308027,656.6311583459587,659.9423217773438,97945600,651.9004577636719,635.2605847167969,77.16798009937256,0.004952874775332,6.7405125516078215,0.0457827549712872,1,1
2025-09-22 00:00:00-04:00,658.4507703315647,663.5119177999496,658.4209110544651,663.0645141601562,69452200,653.8696350097656,636.1543786621094,89.38446551256439,0.0047310079680962,7.187497470966491,0.0505100510513991,0,1
2025-09-23 00:00:00-04:00,662.9452156846509,663.5617612775759,658.2320617574377,659.4551391601562,81708900,655.3291320800781,636.9523864746094,79.39253153745184,-0.0054434748398075,7.167863177347499,0.0509630163215545,0,1
2025-09-24 00:00:00-04:00,660.7477220570149,660.8471316064555,655.9350982101993,657.3569946289062,68082200,656.3923950195312,637.7613806152344,70.9383718217868,-0.0031816334526136,6.903421780397139,0.0508208391094883,0,1
2025-09-25 00:00:00-04:00,654.2149171420698,655.6765652531099,650.7048739536411,654.3242797851562,89622100,656.61494140625,638.4684716796875,68.49128231184045,-0.004613497488472,6.375640906015406,0.0499046300269577,1,1
2025-09-26 00:00:00-04:00,655.7760789419195,658.619871988132,654.1553026157394,658.072998046875,69179200,657.2341796875,639.1747790527344,70.38988569425797,0.0057291443669942,6.188523547750833,0.0502288003510543,1,0
2025-09-29 00:00:00-04:00,660.5985670660314,661.5134019828115,658.112721358766,659.9224243164062,73499000,657.69130859375,639.927197265625,70.68427934421833,0.0028103664411398,6.1189297239135385,0.049167315621377,1,1
2025-09-30 00:00:00-04:00,659.1766647693167,662.8756347075731,657.8641309647478,662.4082641601562,86288000,658.4872497558594,640.705732421875,71.17639787383081,0.0037668667591119,6.192973869708567,0.0449755710802393,1,1
2025-10-01 00:00:00-04:00,659.4153308150761,665.5802405756418,659.3059681646932,664.6654663085938,72545400,659.5902221679687,641.527626953125,68.52706370174138,0.003407569425933,6.360472173899552,0.0424732172745663,1,1
2025-10-02 00:00:00-04:00,666.6540464714482,666.7733621981591,663.004842335434,665.4309692382812,56896000,660.4643371582031,642.25873046875,69.66007165894169,0.0011517116030399,6.480284786401512,0.0422157690556879,0,0
2025-10-03 00:00:00-04:00,666.1966948783695,668.8714672806448,664.377038831869,665.421142578125,70494400,661.0122192382812,642.9854736328125,66.24146763558755,-1.476736222161268e-05,6.499521774458685,0.0395899130033746,1,1
2025-10-06 00:00:00-04:00,667.8174482099862,668.7024238148077,665.669704301124,667.8074951171875,54623300,661.4865173339844,643.7067944335937,70.56125689076609,0.0035862289103361,6.630889169648526,0.0376962660433015,0,0
2025-10-07 00:00:00-04:00,668.7322238208072,669.1796881705657,663.8898014056139,665.3316040039062,72020100,662.0741638183594,644.3817700195312,67.12536887128513,-0.0037074922509618,6.460739670579528,0.0342160455255447,1,1
2025-10-08 00:00:00-04:00,666.4552183740389,669.398481470165,665.6299006256374,669.2990112304688,60702200,663.2683654785156,645.1694128417969,67.98174225029203,0.0059630524127922,6.570293321341296,0.0325145845540427,0,1
2025-10-09 00:00:00-04:00,669.7166839203261,670.1243359074817,665.4211353124821,667.3600463867188,66501900,664.5719421386718,645.934140625,60.99001663893511,-0.0028970083792374,6.426575557948581,0.0320365267413977,0,1
2025-10-10 00:00:00-04:00,668.324542434099,670.1342452495495,649.14378031214,649.32275390625,159422600,663.6969177246094,646.3853210449219,35.88059035055042,-0.0270278278990896,4.801866507755108,0.0335377668924318,1,1
2025-10-13 00:00:00-04:00,656.9095884512618,661.3642043859337,656.0345659370097,659.2860107421875,79560500,663.6332763671875,647.2412268066406,49.84629311808083,0.0153440746932087,4.269013905396264,0.0327847016415834,0,1
2025-10-14 00:00:00-04:00,653.4492417720955,662.0602448848334,649.4718888267987,658.4805908203125,88779600,663.2405090332031,647.89361328125,51.04571517511143,-0.0012216548034567,3.738637041912512,0.0317388024964054,1,1
2025-10-15 00:00:00-04:00,663.0446741742268,666.4353410824248,655.1993304017814,661.4039916992188,81702600,662.9143615722656,648.6679296875,56.60242253136313,0.0044396158666792,3.5136998310397303,0.0300049873654311,0,1
2025-10-16 00:00:00-04:00,663.0446615126489,664.9239754340409,653.3896149312258,656.899658203125,110563300,662.06123046875,649.256767578125,48.92096991468343,-0.0068102605255248,2.938104759231237,0.0299443439815433,1,1
2025-10-17 00:00:00-04:00,655.7660892614911,661.9906565438909,654.4138037793879,660.62841796875,96500900,661.5819580078125,649.9306921386719,50.62755604167142,0.0056763003589079,2.7511082055367524,0.0298988750753585,1,1
2025-10-20 00:00:00-04:00,663.5418206897375,668.4041493887289,663.4921159142255,667.499267578125,60493400,661.5511352539063,650.6442626953125,54.19811059606316,0.0104004753996216,3.121351236802866,0.0309752103236996,0,1
2025-10-21 00:00:00-04:00,667.6384328159621,669.1796448635298,666.1866772188026,667.4892578125,56249000,661.7669006347656,651.3826208496093,52.41815690082865,-1.4995920012528252e-05,3.375058231712956,0.0318185940836919,0,1
2025-10-22 00:00:00-04:00,668.1953369980629,668.1953369980629,659.5445816579371,664.0191040039062,80564000,661.2389099121094,651.9173132324219,48.84447463858612,-0.0051988159629207,3.2585479298121527,0.0312347967502917,1,1
2025-10-23 00:00:00-04:00,664.3372592841532,668.9012985038863,664.019063764971,667.9566650390625,65604500,661.2985717773438,652.4871276855469,51.94981235015705,0.0059298911904996,3.4442379134086423,0.029960769343463,1,1
2025-10-24 00:00:00-04:00,672.6300829996666,674.628651928334,671.8246714345047,673.4155883789062,74356500,663.7078552246094,653.164931640625,54.118012984673136,0.0081725711046307,3.985940612414538,0.0322157421366289,1,1
2025-10-27 00:00:00-04:00,678.8645527756448,681.658640907831,678.2580209918731,681.3603515625,63339800,665.9152893066406,654.0315759277344,60.894853658030655,0.0117977120231489,4.99869801673799,0.0394670716943185,1,1
2025-10-28 00:00:00-04:00,683.1600908523567,685.0095454543999,680.9526890414517,683.1700439453125,61738100,668.3842346191407,654.9371911621093,59.71314835029102,0.002655998956591,5.879566623122059,0.0463039309957733,1,1
2025-10-29 00:00:00-04:00,684.8205950917289,685.795087823854,679.0037407351697,683.4981689453125,85657100,670.59365234375,655.9185815429687,61.561495118852,0.0004802976988058,6.528877450082518,0.0519077420946207,0,1
2025-10-30 00:00:00-04:00,680.0279207971732,682.0563488815194,675.98095703125,675.98095703125,76335800,672.5017822265625,656.7833422851562,72.48784908147294,-0.0109981449191913,6.363529968658099,0.0532666334592817,1,0
2025-10-31 00:00:00-04:00,681.1614729090464,681.2012852815519,675.3943230278239,678.1983642578125,87164100,674.2587768554688,657.7432202148437,68.35202532065406,0.0032802806107155,6.338352547226236,0.0550902097299096,1,1
2025-11-03 00:00:00-05:00,681.7878948104295,681.9171636388411,676.0903560257897,679.4711303710938,57315000,675.4559631347656,658.5349938964844,70.18555669944557,0.0018766870879645,6.347925909303626,0.0571682231272702,0,0
2025-11-04 00:00:00-05:00,672.2820616639051,676.1103005794487,670.7607556049009,671.4169921875,78427000,675.8487365722656,659.2220092773438,58.76416103323856,-0.0118535399424475,5.640590016977285,0.0570857716447472,1,1
2025-11-05 00:00:00-05:00,671.1583975728993,677.0051112074705,670.3529860359731,673.7437133789062,74402400,676.8211975097656,659.9022106933594,65.32752459586361,0.0034653891969962,5.207736634930939,0.0574468837150861,0,1
2025-11-06 00:00:00-05:00,672.6399897028363,673.5448715272548,664.9338680034818,666.514892578125,85035300,676.6770202636719,660.4086828613281,55.0357248031011,-0.010729333212666,4.232600996685051,0.0575078224993072,1,1
2025-11-07 00:00:00-05:00,664.1284090392404,667.2805048704689,657.4663915648358,667.1710815429688,100592400,676.0525695800782,660.8828649902343,49.68584105438684,0.0009845075813768,3.472716627771092,0.0504870171327906,1,1
2025-11-10 00:00:00-05:00,673.4056760856186,678.317709828293,671.2082272333661,677.5819091796875,75842900,675.6747253417968,661.64201171875,58.05693715746884,0.0156044347915105,3.668283880949844,0.0491083237201399,1,1
2025-11-11 00:00:00-05:00,676.1002762110339,679.6997756663966,674.8871520395073,679.1329956054688,58953400,675.2710205078125,662.5269763183594,62.44674498513183,0.0022891497024457,3.903435673035915,0.0470235166846384,1,1
2025-11-12 00:00:00-05:00,680.9128544582501,681.081935653801,677.0946296424269,679.5108642578125,62312500,674.8722900390625,663.3506823730469,60.10785758527157,0.000556398606442,4.073331178440867,0.0456336704045871,0,1
2025-11-13 00:00:00-05:00,676.6471697129602,677.0051169124795,666.723693536663,668.2350463867188,103457800,674.0976989746093,663.842177734375,45.886593701416274,-0.0165940214707378,3.260525021409535,0.0404831924596899,0,1
2025-11-14 00:00:00-05:00,661.6128286383953,671.8345948923219,659.5147893727298,668.125732421875,96846700,673.0904357910156,664.36876953125,37.998202243210805,-0.000163586099584,2.57783389809083,0.0371967268173772,0,1
2025-11-17 00:00:00-05:00,665.9083353081996,669.8956413839408,658.4209391867944,661.901123046875,90456100,671.3334350585938,664.7393371582032,32.142234867508066,-0.0093165239309621,1.5170348752844802,0.0396034725027906,0,1
2025-11-18 00:00:00-05:00,658.351356546523,661.3542775984923,652.1466953365565,656.3428344726562,114467500,669.8260192871094,664.9689904785156,29.04068597938708,-0.0083974605582065,0.2252401435151796,0.0451162300564326,1,1
2025-11-19 00:00:00-05:00,657.0389163187169,663.561773390439,655.020380360944,658.87841796875,94703000,668.3394897460937,665.2120715332031,35.70008389861128,0.0038631997835871,-0.5871478163708161,0.0474609547000221,0,1
2025-11-20 00:00:00-05:00,669.1001291109939,671.7351497651099,648.1991802397498,648.8355712890625,165293500,666.5715576171875,665.146806640625,28.28994752546558,-0.0152423366827654,-2.0180817329929823,0.0568989271506739,1,1
2025-11-21 00:00:00-05:00,651.3412595795126,660.7874729698119,647.1650267848305,655.2987670898438,123956200,665.384326171875,665.2151696777344,33.40159228034058,0.0099612229766328,-2.600603150990878,0.0608967953935192,1,1
2025-11-24 00:00:00-05:00,658.9380055466532,666.2662734630499,657.8442577670318,664.9437866210938,80437900,664.1205139160156,665.4070227050781,45.65008928930308,0.0147185070621804,-2.2579548047530125,0.0595171223322225,1,1
2025-11-25 00:00:00-05:00,664.8443455838128,672.3814460202411,660.7178178396566,671.1981811523438,81077100,663.3270324707031,665.7420092773438,48.37520316778113,0.0094058996521069,-1.4648403850678733,0.0566320015677323,1,1
2025-11-26 00:00:00-05:00,673.7934667684052,677.8404309302599,672.8885849296569,675.8318481445312,71879600,662.959130859375,666.1859313964844,56.15072249805182,0.0069035750130195,-0.4571238530595565,0.0539092382580361,1,1
2025-11-28 00:00:00-05:00,677.0051081523229,679.7991961322198,676.6471609574353,679.5208129882812,49212000,664.0877075195312,666.6425512695313,57.83896072500062,0.0054584063386149,0.6318834328079674,0.0549649792863332,0,1
2025-12-01 00:00:00-05:00,674.9667623359846,679.1230890446475,674.8971513739515,676.4185180664062,61201200,664.9169860839844,666.9720751953125,49.18601800915405,-0.0045654156025511,1.23041680052836,0.0544667668134217,1,1
2025-12-02 00:00:00-05:00,678.0591325179204,679.9483994968172,675.4838303983408,677.67138671875,62953800,666.4940124511719,667.2642126464843,48.97308062091164,0.001852209274112,1.785275293937616,0.0538730761134875,1,1
2025-12-03 00:00:00-05:00,676.7167950740063,681.0321891246488,675.8417725523884,680.0180053710938,57238500,668.8615295410157,667.6754699707031,50.34672292794556,0.0034627677932603,2.3868431195141966,0.0557818508172888,1,1
2025-12-04 00:00:00-05:00,681.4199577792665,681.4895687361658,677.4824173401821,680.51513671875,61970300,671.0252014160156,668.1386328125,59.846949113223005,0.0007310561539983,2.8706136531035327,0.0574643378168335,1,1
2025-12-05 00:00:00-05:00,681.5890143183475,684.4925257185774,680.7040993957534,681.8078002929688,79241000,674.3224243164062,668.6883032226563,60.76681373552006,0.0018995368427094,3.3200410667867573,0.0594084459378358,0,1
2025-12-08 00:00:00-05:00,682.7027235077143,682.7524282821314,677.7111260885928,679.7594604492188,55231500,676.7684936523438,669.1220324707032,65.04192435622593,-0.0030042775146746,3.4709210065893785,0.0604154445230687,0,1
2025-12-09 00:00:00-05:00,679.2821528162136,681.5094606319436,678.7253258622812,679.1727294921875,58310100,678.1913879394531,669.5070385742188,70.98709392895097,-0.0008631449669616,3.502772381582304,0.0607647105949315,1,1
2025-12-10 00:00:00-05:00,678.6955405173951,685.0692222502689,677.4526176554032,683.6771850585938,85671300,679.4392883300782,669.9324169921875,72.0006411165825,0.0066322680090147,3.8471393173546176,0.0621445292400084,1,1
2025-12-11 00:00:00-05:00,681.2609148661827,685.3476304583654,678.3076987410943,685.26806640625,86173700,680.38291015625,670.3444689941406,88.02400778686018,0.0023269481305272,4.200008342432511,0.0639694982430703,0,1
2025-12-12 00:00:00-05:00,684.2737056052856,684.9797075791527,675.3246617594549,677.9000244140625,113160300,680.2208312988281,670.5938500976563,73.15129848937838,-0.0107520579950962,3.840845301821105,0.0642481515743605,0,1
2025-12-15 00:00:00-05:00,681.8574988128718,681.8774049984522,675.4042533093998,676.8758544921875,90811000,680.2665649414063,670.8229443359374,64.84412134980934,-0.0015107978831542,3.433979275644674,0.0642387653171254,0,1
2025-12-16 00:00:00-05:00,675.3843754405706,677.2239376857725,671.1584377196804,675.0264282226562,122030600,680.0020690917969,670.9673229980468,55.348767400848,-0.0027322975952787,2.9285433501519265,0.0624599939206176,0,1
2025-12-17 00:00:00-05:00,676.0406154817738,676.5874893555698,667.3998140691156,667.5986938476562,110625200,678.7601379394531,671.0126647949219,39.32985287138111,-0.0110036201020413,1.9066470099493245,0.0584133092298731,1,1
2025-12-18 00:00:00-05:00,673.7635606688432,676.8857972779194,671.0788959983324,672.6399536132812,108650100,677.9726196289063,671.0794836425781,41.384412217847455,0.0075513325776148,1.4864395792998266,0.0545659159646305,1,1
2025-12-19 00:00:00-05:00,674.747283458469,679.2350273728672,674.6275542880097,678.7363891601562,103599500,677.665478515625,671.3070104980469,52.69979752940374,0.0090634454794518,1.6266030937347296,0.0412468979289988,1,1
2025-12-22 00:00:00-05:00,682.0772531068674,683.4933686131409,678.7364013691785,682.96484375,69556700,677.9860168457031,671.9798522949219,55.76599863841376,0.0062298922783201,2.055193642482095,0.0304511397865707,1,1
2025-12-23 00:00:00-05:00,682.0572680421344,686.325640311278,682.0074163952171,686.0863037109375,64840000,678.6773742675781,672.5158581542969,56.50028309572035,0.0045704548184328,2.6165683012908403,0.0271923764978081,1,1
2025-12-24 00:00:00-05:00,686.0763204450832,688.9484813838191,685.9267046355759,688.4996948242188,39445600,679.1596252441407,673.116240234375,58.21567408356413,0.0035176203055324,3.2190945381544225,0.0282764133301716,0,1
2025-12-26 00:00:00-05:00,688.758988861415,689.7761694005526,687.392725060237,688.4298706054688,41613300,679.4758056640625,673.6567578125,56.989640777199405,-0.0001014150322431,3.648904392455961,0.0302253021980082,0,1
2025-12-29 00:00:00-05:00,685.6674092439482,687.322922191004,684.2014421207446,685.9765625,62559500,680.2834594726562,674.2382958984375,56.50656974404507,-0.0035636282070548,3.748361558866236,0.0312274606869257,0,1
2025-12-30 00:00:00-05:00,685.5777200962995,686.6846823672308,684.7100944386586,685.138916015625,47160700,681.109765625,674.728505859375,56.21134983593141,-0.0012211007345822,3.716746667028133,0.0313637737658983,0,1
2025-12-31 00:00:00-05:00,685.2685588951464,685.4879304984822,679.8533550408816,680.062744140625,74144800,681.6133972167969,674.979775390625,46.281302081174736,-0.0074089673733906,3.244684289752968,0.0310965750697293,1,1
2026-01-02 00:00:00-05:00,683.842447277036,684.999261161205,677.9684744567207,681.309326171875,89377200,682.9844604492188,675.2561767578125,45.89801060471141,0.0018330397334518,2.937300830964773,0.0310803196272818,1,1
2026-01-05 00:00:00-05:00,684.6701449336617,687.5522884526621,684.5106074856512,685.846923828125,71927200,684.3051574707031,675.6927331542969,58.74757127615833,0.0066601138160631,3.024973423227948,0.0317385615334292,1,1
2026-01-06 00:00:00-05:00,686.0563439630641,690.4344019511112,685.9067890249802,689.92578125,69273800,685.4240966796875,676.1321154785156,63.459596659053766,0.0059471833730893,3.384569084173677,0.0337539062601679,0,1
2026-01-07 00:00:00-05:00,690.3047811958188,692.0699799720542,687.4426026835383,687.701904296875,75588300,685.897802734375,676.417841796875,62.97318469117354,-0.0032233567922274,3.450329698805831,0.0345711461068971,0,1
2026-01-08 00:00:00-05:00,686.9439569075789,688.7390423054183,685.6175622141362,687.632080078125,64019200,686.0523803710937,676.5432763671874,74.13969866838077,-0.0001015326819857,3.456961528160832,0.0350984445375092,1,1
2026-01-09 00:00:00-05:00,688.7489932725086,693.4162394407576,687.3029303433501,692.1796264648438,80125500,686.4203735351563,676.7234680175782,73.82830177444325,0.0066133423940926,3.7855290660187393,0.0373460570803913,1,1
2026-01-12 00:00:00-05:00,688.7988836287034,694.1941832506386,688.7490319805348,693.2666625976562,63976000,686.904052734375,676.918837890625,70.18565812992,0.0015704538117717,4.086528975892293,0.0396771245668041,0,1
2026-01-13 00:00:00-05:00,693.595779418591,694.194181802135,689.467040360938,691.8804931640625,78309700,687.4944458007812,677.2368286132812,63.44772222610924,-0.0019994751058702,4.1652073666929255,0.0404853440728727,0,1
2026-01-14 00:00:00-05:00,689.1180078469732,689.8360176539858,684.1714948792828,688.479736328125,94676700,687.8285278320312,677.4424560546875,53.57991871373431,-0.0049152373416185,3.908097784348684,0.0396693933088609,1,1
2026-01-15 00:00:00-05:00,692.678285342935,693.5558934557131,689.3673203481677,690.3546142578125,77862000,688.85771484375,677.6601257324219,52.81987711344644,0.0027232143965294,3.811684837765142,0.0380957272934694,0,1
2026-01-16 00:00:00-05:00,691.7707369284135,692.359156800422,688.22043529661,689.7761840820312,79289200,689.7044006347656,678.0273095703125,52.01551889240575,-0.0008378739908954,3.646567046929249,0.0297225383718482,0,1
2026-01-20 00:00:00-05:00,679.6338820353151,682.9049778344743,674.7272992054969,675.7345581054688,111623300,688.6931640625,678.0671264648438,38.61670648665589,-0.020356785723545,2.355515229233106,0.0273446075803031,1,0
2026-01-21 00:00:00-05:00,677.7989248999835,686.8641332264262,676.2830453044572,683.5332641601562,127844500,688.0539123535157,678.4074938964844,48.45456030134517,0.0115410792020944,1.9392829179734008,0.0255588934876883,1,1
2026-01-22 00:00:00-05:00,687.9711412752974,689.2476843606095,685.0491285530771,687.103515625,77112200,687.9940734863281,678.806142578125,56.97905726219805,0.0052232300197276,1.875881276227915,0.0250230514654835,1,1
2026-01-23 00:00:00-05:00,686.2757685331861,689.0781127396581,685.2884137823622,687.352783203125,63059600,687.9661437988282,679.0015600585938,56.11131410288061,0.0003627802397405,1.8247146540130643,0.0249974288708763,1,1
2026-01-26 00:00:00-05:00,688.609372319757,692.2394730275811,688.0409174669724,690.84326171875,60473800,687.8325073242188,679.2357653808593,55.16175083359816,0.0050781470606098,2.042275106185002,0.0254248770426532,1,1
2026-01-27 00:00:00-05:00,692.2893344912051,694.6329705879123,691.6810104865692,693.5957641601562,55506100,687.8654174804688,679.5174633789062,53.89831915012248,0.0039842647296846,2.4090275058485986,0.0267417896885661,0,1
2026-01-28 00:00:00-05:00,695.1515053497095,695.9393926651097,692.0499903412962,693.5259399414062,61172200,688.0299621582031,680.02328125,56.48306552977545,-0.0001006699036498,2.663345801458604,0.0278006753976171,0,1
2026-01-29 00:00:00-05:00,694.4933553961189,695.1615135683285,682.9648421722587,692.1497192382812,97486200,688.3969604492188,680.5037609863281,54.886713700386494,-0.0019843824489698,2.7224625205451503,0.0281019020522502,0,1
2026-01-30 00:00:00-05:00,689.9058246991844,692.3192774332931,685.2485609149509,690.0853271484375,101835100,688.3700317382812,681.0674450683593,47.60599739061878,-0.0029825802604032,2.573072973966873,0.0259128666662819,1,1
2026-02-02 00:00:00-05:00,687.7019133171445,695.0318708971434,687.5423149981101,693.5159912109375,79286500,688.7440124511719,681.810908203125,50.27051439454442,0.0049713621309355,2.700378320249115,0.0245986586455208,0,1
2026-02-03 00:00:00-05:00,694.3138377504575,695.0617950648859,682.1670182684101,687.6520385742188,107904600,689.9357604980469,682.3863806152344,45.818540886303474,-0.0084553964307005,2.3015657365413063,0.0242654634596117,0,1
2026-02-04 00:00:00-05:00,688.4697490630058,689.5667896413613,679.9031787408285,684.3211059570312,105204600,690.0145446777344,683.0960913085937,45.88190212786019,-0.0048439216788971,1.69716164324484,0.025101160843275,0,1
2026-02-05 00:00:00-05:00,679.0854402743204,681.8279505601881,673.9494421186707,675.7744750976562,113610800,688.881640625,683.50560546875,37.24706990271981,-0.0124892112562017,0.5225022805894923,0.0304592420310658,1,1
2026-02-06 00:00:00-05:00,679.6039887472712,690.4244132010324,678.995603890688,688.739013671875,89127600,689.020263671875,683.9815100097657,49.2543705304136,0.0191847118409513,0.6304388795226714,0.0304387106616737,1,1
2026-02-09 00:00:00-05:00,687.5423060693106,693.9747512796714,686.4652913399738,692.0599975585938,73885200,689.1419372558594,684.3987463378907,63.87525159255494,0.0048218321030104,0.9727418938150548,0.030413622638146,0,1
2026-02-10 00:00:00-05:00,693.0572335194393,694.64286887948,689.7761552680904,690.2349243164062,65185700,688.8058532714844,684.6868078613281,56.33957976322997,-0.0026371604320808,1.0842527501509949,0.0298229511376323,0,1
2026-02-11 00:00:00-05:00,694.4933668556342,695.2413241987686,687.3029816841566,690.075439453125,76353900,688.4608032226563,684.897900390625,53.005285728040526,-0.0002310588144163,1.1465402097519473,0.0295363096214759,0,1
2026-02-12 00:00:00-05:00,692.3491972008484,693.4561594586687,678.5169776231163,679.41455078125,118829000,687.1872863769531,684.9578210449218,43.36895451161937,-0.0154488742279012,0.3318336790931653,0.0317009888790616,1,1
2026-02-13 00:00:00-05:00,679.833354327075,684.410879804094,675.6747287653898,679.8931884765625,96267500,686.1680725097656,685.0022570800782,40.36843529351132,0.0007044854938154,-0.2720688142939025,0.0331097799627436,1,1
2026-02-17 00:00:00-05:00,678.287593220413,683.074507822494,673.9394826742099,680.9901733398438,81354700,684.9154907226563,685.0217004394531,38.5796598173011,0.001613466470725,-0.6546025301125837,0.0339105703574553,1,1
2026-02-18 00:00:00-05:00,682.157061237011,687.2730943282486,680.9702998190471,684.4208374023438,73570300,684.5923706054688,685.099814453125,42.22451328282344,0.005037758541617,-0.6731773676615376,0.0305387733762273,0,1
2026-02-19 00:00:00-05:00,681.9775120282383,684.311104689823,679.6937101433548,682.61572265625,58649400,684.4218322753907,685.1159729003906,41.91745721615505,-0.0026374339404172,-0.8240565236328621,0.0307632091906,1,1
2026-02-20 00:00:00-05:00,680.4616860592505,688.1805961724377,679.8732661615737,687.5523071289062,100034000,685.5996154785156,685.2718298339844,47.95232536223232,0.0072318645891229,-0.5390741206790608,0.0307647668884765,0,1
2026-02-23 00:00:00-05:00,685.9566804858357,688.1207533479937,678.5169762252317,680.531494140625,90558100,684.7788635253906,685.2990051269531,40.0792769938164,-0.0102113147108746,-0.8697188681913985,0.0319933243513689,1,1
2026-02-24 00:00:00-05:00,680.0427976196477,686.4751816677359,678.1479481229125,685.4779052734375,73798700,684.120654296875,685.33501953125,48.31524551225598,0.007268452930395,-0.7242741911953772,0.0315853171810418,1,1
2026-02-25 00:00:00-05:00,688.3002642742074,691.7907319065998,688.2204651135966,691.26220703125,56369500,684.2233825683594,685.45490234375,55.18169631832236,0.0084383489435813,-0.1406421907469166,0.0308080806505726,0,1
2026-02-26 00:00:00-05:00,691.391808867856,691.4117130049051,682.486077089091,687.422607421875,71671000,683.9580993652344,685.6453540039063,59.35291252096334,-0.005554476391621,0.0119292617426935,0.0293293845716881,0,1
2026-02-27 00:00:00-05:00,681.2295779636313,684.9892686841309,679.7835149777827,684.1216430664062,83308900,684.42880859375,685.7902697753906,45.611407289666495,-0.0048019432585273,-0.1319954378740249,0.0282856097615043,1,1
2026-03-02 00:00:00-05:00,676.8515442239554,686.744509644098,676.1734035367807,684.5106201171875,87477200,684.8905517578125,685.9799536132813,42.40115399690613,0.0005685787823312,-0.2122232248292448,0.0277159766777682,0,1
2026-03-03 00:00:00-05:00,673.221445388408,680.7508704958498,667.8361281509542,678.4771118164062,105003100,684.6392456054688,686.1975219726562,39.08948390268437,-0.0088143384827956,-0.7539667602571853,0.0269131456833032,1,1
2026-03-04 00:00:00-05:00,679.7735096903759,685.2186606854194,677.7689744100875,683.2639770507812,79182200,684.5235595703125,686.4100024414063,44.17926359722647,0.0070553083530846,-0.7879592919927063,0.0266892789454596,0,1
2026-03-05 00:00:00-05:00,680.2223290726917,683.6629449535216,673.7699188745959,679.4544067382812,106606500,684.2074279785156,686.4243627929687,50.03857600773175,-0.0055755468463938,-1.1095093712215205,0.0275214842577512,0,1
2026-03-06 00:00:00-05:00,671.5758690877306,674.2685275228549,667.9358467743081,670.5487060546875,100687000,682.5070678710938,686.1760400390625,42.22408451419574,-0.0131071350708364,-2.059218355391522,0.0310697847609861,1,1
2026-03-09 00:00:00-04:00,664.5750801817165,678.0681991431876,660.5859743093405,676.4227294921875,102667700,682.09619140625,685.9827685546875,46.479166137363,0.008760025013039,-2.311242403753681,0.0319184884435694,0,1
2026-03-10 00:00:00-04:00,675.87413967305,681.4987932365287,672.9222404542279,675.3356323242188,81505300,681.0819641113281,685.7194873046875,42.73410652920962,-0.0016071269053671,-2.569078199730143,0.0313093760150861,0,1
2026-03-11 00:00:00-04:00,675.7345715953234,678.2277626375325,671.5061293267642,674.4879760742188,68441700,679.404541015625,685.4406494140625,43.39873868889874,-0.0012551629285171,-2.8094283595438583,0.0312052417442199,0,1
2026-03-12 00:00:00-04:00,669.3319958917509,669.8207124533001,664.0564256954588,664.2459106445312,108882200,677.0868713378907,685.0060363769531,32.57271636919269,-0.0151849488693635,-3.782751472198584,0.0367955984658673,0,1
2026-03-13 00:00:00-04:00,667.4472371497842,670.5088831921612,659.5587462493693,660.4862060546875,97200200,674.7233276367188,684.5129821777343,34.24272258302243,-0.0056601095010063,-4.802137736035888,0.0453299976035417,1,1
2026-03-16 00:00:00-04:00,666.5596317087426,670.239584206393,665.3030536555561,667.2078857421875,82023100,672.9930541992187,684.2558850097656,36.028188578566,0.0101768661114831,-5.0098746031615065,0.0481998257010236,1,1
2026-03-17 00:00:00-04:00,670.5586914524959,672.60309589337,667.8760155087483,668.9630126953125,87128000,672.0416442871094,684.0089587402343,31.82699960206924,0.0026305548699752,-4.975528692504668,0.0498864913961438,0,1
2026-03-18 00:00:00-04:00,666.5396583763402,667.8959397089973,659.3892034355257,659.6285400390625,82062600,669.6781005859375,683.4845910644531,29.21081272575208,-0.0139536453871201,-5.636548618927236,0.0549231273876935,0,1
2026-03-19 00:00:00-04:00,655.1806813207687,661.1743225351036,653.3855958813168,658.0029907226562,111272500,667.532958984375,682.8461352539063,29.96175234927111,-0.0024643404851918,-6.219881001120598,0.059899993367995,0,1
2026-03-20 00:00:00-04:00,656.510009765625,656.6900024414062,644.719970703125,648.5700073242188,163617500,665.3350891113281,682.0634973144531,25.786480585219024,-0.0143357758725042,-7.358514665664643,0.0677995614059584,1,1
2026-03-23 00:00:00-04:00,658.0700073242188,662.6199951171875,653.9400024414062,655.3800048828125,134802700,663.2308166503906,681.4184558105469,34.600387245793655,0.0105000192449378,-7.623501182605651,0.0715093453753705,0,1
2026-03-24 00:00:00-04:00,651.3200073242188,657.030029296875,649.8800048828125,653.1799926757812,96457500,661.0152526855469,680.6384631347656,29.225385949857284,-0.0033568497522664,-7.919733744500945,0.0737800768698034,1,1
2026-03-25 00:00:00-04:00,658.6699829101562,660.8900146484375,654.239990234375,656.8200073242188,90653800,659.2484558105468,679.9095300292969,34.333038167629326,0.0055727589473859,-7.771199868110443,0.0705165157558605,0,1
2026-03-26 00:00:00-04:00,652.0599975585938,654.8499755859375,644.8200073242188,645.0900268554688,96494400,657.3328674316406,678.973720703125,33.04119649793583,-0.0178587441581387,-8.501991428353222,0.0729821443421103,0,1
2026-03-27 00:00:00-04:00,642.5,642.6599731445312,633.1099853515625,634.0900268554688,103649400,654.6932495117187,677.8859265136718,23.60354490463726,-0.0170518835233279,-9.855153004858266,0.0816918465640503,0,1
2026-03-30 00:00:00-04:00,640.1099853515625,640.3699951171875,629.280029296875,631.969970703125,99275900,651.1694580078125,676.7182336425781,23.303351551855897,-0.0033434623831846,-10.972134183733374,0.0881314371635191,1,1
2026-03-31 00:00:00-04:00,638.9400024414062,651.5399780273438,637.97998046875,650.3400268554688,152534100,649.3071594238281,675.9295104980469,37.77216241475995,0.0290679256989148,-10.256805736981503,0.0864362429123272,1,1
2026-04-01 00:00:00-04:00,653.9000244140625,658.52001953125,653.0,655.239990234375,97841500,648.8683044433594,675.519619140625,45.17882266988791,0.00753446378289,-9.188596277112197,0.0805945736933705,1,1
2026-04-02 00:00:00-04:00,646.4199829101562,658.2000122070312,645.1099853515625,655.8300170898438,68358700,648.6510070800781,674.9655541992188,47.41981983688318,0.0009004744280911,-8.199899016355516,0.0754697598820658,1,1
2026-04-06 00:00:00-04:00,655.8599853515625,659.719970703125,655.52001953125,658.9299926757812,39105800,649.6870056152344,674.4020837402344,45.22106936699298,0.004726797348638,-7.084541012994464,0.0734283529832865,1,1
2026-04-07 00:00:00-04:00,656.6500244140625,659.6099853515625,651.0599975585938,659.219970703125,69980400,650.0710021972657,673.8394274902344,44.27842899990251,0.0004400741058487,-6.106817367005988,0.0684410500220907,1,1
2026-04-08 00:00:00-04:00,676.3900146484375,677.0800170898438,671.4600219726562,676.010009765625,93606100,652.35400390625,673.5427624511718,58.84541662711847,0.0254695546383276,-3.9318248716647295,0.0688022684585451,1,1
2026-04-09 00:00:00-04:00,674.8400268554688,681.1599731445312,673.77001953125,679.9099731445312,57134400,654.6630004882812,673.2690466308594,61.54541945445188,0.0057690911710883,-1.871855611508181,0.0718403050515097,0,1
2026-04-10 00:00:00-04:00,681.3200073242188,682.030029296875,678.4500122070312,679.4600219726562,42253500,658.1,672.9877282714843,67.98230840620741,-0.0006617805145495,-0.2724814343670232,0.0775176129872942,1,1
2026-04-13 00:00:00-04:00,677.4099731445312,686.2999877929688,676.5800170898438,686.0999755859375,54185800,663.3009948730469,672.8667333984375,67.91879444844764,0.0097723977843517,1.5133776129923715,0.0864253893512218,1,1
2026-04-14 00:00:00-04:00,687.6900024414062,694.5800170898438,687.6599731445312,694.4600219726562,63480500,669.55,672.9542272949219,72.46409833647986,0.0121848807523701,3.5622067480351234,0.0983119736190093,1,1
2026-04-15 00:00:00-04:00,695.260009765625,700.280029296875,694.2000122070312,699.9400024414062,58240400,674.5099975585938,673.0827075195313,73.00469942195026,0.0078909948670389,5.5639692502277285,0.1113404664545554,1,1
2026-04-16 00:00:00-04:00,701.0599975585938,702.780029296875,698.530029296875,701.6599731445312,49972400,679.1519958496094,673.3628662109375,83.78925617424375,0.0024573116226043,7.206100278118242,0.1231167476800196,1,1
2026-04-17 00:00:00-04:00,706.1400146484375,712.3900146484375,705.760009765625,710.1400146484375,70661900,684.5829956054688,673.8792443847656,96.83457661419152,0.012085685130224,9.087019918194528,0.1369160538433811,0,1
2026-04-20 00:00:00-04:00,708.780029296875,709.9099731445312,706.1400146484375,708.719970703125,43546800,689.5619934082031,674.538154296875,97.67673581305904,-0.0019996675529057,10.343839265429438,0.1447608721391969,0,1
2026-04-21 00:00:00-04:00,710.280029296875,711.280029296875,702.6400146484375,704.0800170898438,58941400,694.047998046875,674.8449743652344,90.24871228037456,-0.0065469491549362,10.840509528267036,0.1497269954894544,1,1
2026-04-22 00:00:00-04:00,709.1500244140625,711.4500122070312,708.219970703125,711.2100219726562,42518500,697.5679992675781,675.2279748535157,90.56391446399329,0.0101266968380706,11.674875399737289,0.1552063250905205,0,1
2026-04-23 00:00:00-04:00,709.5,712.3599853515625,702.280029296875,708.4500122070312,56174000,700.4220031738281,675.5922766113281,86.9730607847779,-0.0038807239498251,11.975362122295335,0.15847683121337,1,1
2026-04-24 00:00:00-04:00,710.75,714.469970703125,709.010009765625,713.9400024414062,45182000,703.8700012207031,676.0695678710938,87.3963729065045,0.0077492979600242,12.512262768382923,0.1578748095109763,1,1
2026-04-27 00:00:00-04:00,713.1699829101562,715.6300048828125,712.2999877929688,715.1699829101562,33135900,706.777001953125,676.7846765136719,87.55542044978749,0.001722806488702,12.888439633697883,0.1489672568142527,0,1
2026-04-28 00:00:00-04:00,711.8200073242188,712.8800048828125,709.25,711.6900024414062,43117400,708.5,677.4206127929688,79.15991184900601,-0.0048659487281461,12.758683013475206,0.1328004578865714,0,1
2026-04-29 00:00:00-04:00,711.0,712.2000122070312,708.3699951171875,711.5800170898438,41859200,709.6640014648438,678.0324096679688,77.59200490068874,-0.0001545410939948,12.502849986526712,0.1241528289088379,1,1
2026-04-30 00:00:00-04:00,714.6300048828125,719.7899780273438,710.4500122070312,718.6599731445312,67240900,711.3640014648438,678.7171923828125,80.61544357814171,0.0099496274272041,12.724711203547486,0.1174230722032008,1,1
2026-05-01 00:00:00-04:00,721.25,724.8699951171875,720.469970703125,720.6500244140625,42888700,712.4150024414063,679.4778784179688,79.09723064649775,0.0027691138283709,12.912273669112892,0.108294109433357,0,1
